"","x","y"
"1",0.829717017731513,0.384094015814038
"2",0.704641064639436,0.595418148620638
"3",0.260776827367372,-0.35976651201934
"4",0.495148256802349,-0.173155853996867
"5",0.632226300472859,0.426631234062189
"6",0.274311273070285,-0.329925744896894
"7",0.525366460581194,-0.0744449265783275
"8",0.180919421581784,-0.5306164795707
"9",0.652961617205641,0.501757538214234
"10",0.477248869175557,-0.212475631422759
"11",0.78247295742156,0.499375140187903
"12",0.18359189625422,-0.526996643062452
"13",0.0273100527393399,-0.259669703172148
"14",0.551746657831245,0.0399837494807656
"15",0.138801906677894,-0.548069670457327
"16",0.971182252082624,0.218765026182333
"17",0.879812646450591,0.293734161749455
"18",0.202205452532391,-0.495353277781523
"19",0.389106500480324,-0.246193075118783
"20",0.651547188038239,0.497244242038653
"21",0.368308928096667,-0.241124078498939
"22",0.580852288811235,0.183885826715703
"23",0.251721202329383,-0.381035784234199
"24",0.725824210682185,0.59309882730691
"25",0.556384386122925,0.0620833627248094
"26",0.0505553206366021,-0.339824046988892
"27",0.847017697331961,0.346969969340179
"28",0.00631269406760111,-0.194083277586287
"29",0.890004815157736,0.282037480236818
"30",0.574970428217785,0.154134059429741
"31",0.680561505077057,0.569553855353635
"32",0.917500816516927,0.259400932026441
"33",0.0366214276528917,-0.291354813233398
"34",0.50274245510553,-0.152089692503037
"35",0.299682698427234,-0.283725162582832
"36",0.684648606648785,0.576158152296331
"37",0.638077130959719,0.449683903534675
"38",0.57231129667256,0.140733562374492
"39",0.842352981857257,0.356442086251832
"40",0.118979505278752,-0.527456161218394
"41",0.449863503802917,-0.246057628868649
"42",0.631470986092114,0.423558517558762
"43",0.0964844327844912,-0.482330098892926
"44",0.558007363717305,0.0699206753007207
"45",0.806807569999946,0.439426068781193
"46",0.751097332691308,0.563865495093066
"47",0.0695562785411021,-0.404233883360861
"48",0.482815052433405,-0.201795265822412
"49",0.589959331932594,0.229924197750291
"50",0.042253810208058,-0.310893067885997
"51",0.260245754995267,-0.360990490105694
"52",0.744364001812297,0.574094526172311
"53",0.855151608395274,0.331527867136461
"54",0.973200468046009,0.216355396089605
"55",0.954874292371678,0.234694524309609
"56",0.498951699605444,-0.162930637980838
"57",0.809408211823436,0.43295054057675
"58",0.177862480968819,-0.534434828509605
"59",0.627870433303295,0.408622041031706
"60",0.797633732107352,0.462335097175028
"61",0.215183807361056,-0.468019227974528
"62",0.487738750486751,-0.191189112081157
"63",0.815747447157162,0.417302611363652
"64",0.776366561015719,0.513574031330151
"65",0.128535056951572,-0.539748883423667
"66",0.133784337151563,-0.54464177574726
"67",0.467985846061376,-0.227245520534689
"68",0.0291638344195671,-0.265891659895151
"69",0.44204377025913,-0.250519189151997
"70",0.466142870719312,-0.229749907018414
"71",0.62870900085452,0.412142527752456
"72",0.966830882941489,0.223598430722148
"73",0.340382453267695,-0.244467784419088
"74",0.636213562320569,0.442488843036626
"75",0.853469021354918,0.334605870801248
"76",0.220448931482737,-0.456069023683003
"77",0.534626567824278,-0.0368130867106125
"78",0.690001020309865,0.583433002395901
"79",0.635479997007409,0.43961822643875
"80",0.908985150705208,0.265327203457491
"81",0.0261128871692345,-0.25567948776514
"82",0.189410371266305,-0.518255003816117
"83",0.773924910131143,0.519080767165687
"84",0.427299357558601,-0.254069250521318
"85",0.53077153520158,-0.0528525316852466
"86",0.0313851890844526,-0.273410249930763
"87",0.994311379012419,0.183578218427753
"88",0.819304685499403,0.40864802461228
"89",0.583276788574993,0.196163778615088
"90",0.906605931376223,0.267123922263363
"91",0.391183052424691,-0.246846347783463
"92",0.750197837640066,0.565323111092478
"93",0.369277252902859,-0.241261083450156
"94",0.214544709951268,-0.469441024629775
"95",0.021217903467943,-0.239623995633832
"96",0.702788641251624,0.594534721267606
"97",0.463448063571122,-0.233160691343726
"98",0.0729292909520445,-0.415086203585176
"99",0.198506684643449,-0.502444545254805
"100",0.41950594127283,-0.253897085574996
"101",0.980030419513234,0.207336752370245
"102",0.9591363225776,0.231065626252405
"103",0.784265762371477,0.495107007370511
"104",0.314724623205373,-0.263958632773065
"105",0.127016011491884,-0.538085030232886
"106",0.92598459705594,0.254030239506206
"107",0.150728344760253,-0.551327848260143
"108",0.613125625565764,0.343028072772502
"109",0.540228360608569,-0.0126252556620773
"110",0.679693410915439,0.568034362077327
"111",0.122682646051515,-0.532732788427764
"112",0.781512981198728,0.501643618828783
"113",0.587823787315865,0.219157499590255
"114",0.211729293661425,-0.475621112391913
"115",0.927884782693349,0.252864434851407
"116",0.832135377103812,0.378597779273051
"117",0.61583645081264,0.355564310784771
"118",0.163845501634176,-0.547175518533659
"119",0.170270576962619,-0.542344297013933
"120",0.713232707857271,0.597179645456451
"121",0.97568094005296,0.213238750422254
"122",0.952583150163177,0.236518814965439
"123",0.691403993328568,0.58508216911571
"124",0.436742660316057,-0.252465893497476
"125",0.666279983668588,0.539414907641703
"126",0.739254234753316,0.58074434791701
"127",0.0772930035274476,-0.428747461743875
"128",0.787481677521369,0.487357475718608
"129",0.655888539400534,0.510791165669237
"130",0.960935102957999,0.229432363067731
"131",0.159391033561667,-0.549466501446949
"132",0.949098248235881,0.23914617341102
"133",0.807698468395392,0.437205272262814
"134",0.0389921494445298,-0.299557059818459
"135",0.268568731664214,-0.342239128561885
"136",0.241449098302517,-0.40583662617129
"137",0.256116519310395,-0.370614194082498
"138",0.607123252891004,0.314634614708491
"139",0.0878587867453462,-0.459708341696274
"140",0.802337497562869,0.450591064212057
"141",0.350022050240776,-0.241493188665785
"142",0.40254335633025,-0.250368295414542
"143",0.111138782106107,-0.514202265310873
"144",0.995464364220155,0.181341096666937
"145",0.662724450089154,0.5302388662193
"146",0.957236073259031,0.232723661477152
"147",0.760331746115698,0.547422865085891
"148",0.476271854545572,-0.214208785330363
"149",0.94352846719895,0.243039177294554
"150",0.373260690569296,-0.241954237000891
"151",0.517815187472734,-0.102734189641383
"152",0.308694381689304,-0.271145039987106
"153",0.165566609696602,-0.54605532663193
"154",0.0535958801489323,-0.350377336525195
"155",0.105668103551609,-0.50334264387247
"156",0.735348549183807,0.58513014542249
"157",0.796556698906352,0.465016813967773
"158",0.43045206660009,-0.25377695631436
"159",0.129551783167291,-0.540800538307579
"160",0.612145548659377,0.338449510332486
"161",0.217260365382535,-0.463354535423836
"162",0.295688776860014,-0.289985092696911
"163",0.265718360734871,-0.34855093108012
"164",0.270620072405552,-0.337775957699032
"165",0.283544844394317,-0.311431835757726
"166",0.0280808112124214,-0.262250467571982
"167",0.590067871567095,0.230470617959665
"168",0.00076286285277456,-0.178749928626334
"169",0.110035019926494,-0.512115424123565
"170",0.965886778490501,0.224585429747139
"171",0.431948761560256,-0.253556290469764
"172",0.25438381492137,-0.374703174772374
"173",0.0828740405763965,-0.445507048435918
"174",0.794705865481053,0.469614464152561
"175",0.098723517863662,-0.48776006356446
"176",0.500624469627393,-0.158226434618071
"177",0.516686914221733,-0.106763984065332
"178",0.565987399004516,0.10910295627011
"179",0.207664484293084,-0.484280921567085
"180",0.791097827931633,0.47852408092147
"181",0.326246929938206,-0.253014528964971
"182",0.010010079249274,-0.204829821396747
"183",0.785076497321948,0.493164063466761
"184",0.721722734231153,0.595266115206847
"185",0.664126953686587,0.53393633415678
"186",0.359175350321573,-0.24054456965714
"187",0.113455132782343,-0.5184066415512
"188",0.710235569532728,0.596996700381641
"189",0.0708477651517605,-0.408417053358757
"190",0.856304368395591,0.329455015178754
"191",0.742577571476111,0.576533170112126
"192",0.0567506190226413,-0.361262439453089
"193",0.470802495133714,-0.22314341234203
"194",0.573867399101146,0.148570026895902
"195",0.226372458347003,-0.442206079018882
"196",0.660942929723649,0.525397160478004
"197",0.545176252218196,0.00953543517941968
"198",0.145594890389359,-0.550764344446283
"199",0.763079370231251,0.542053625159407
"200",0.999073357003741,0.174009895992075
"201",0.492298278729781,-0.180387554341947
"202",0.67318811684323,0.555353034863182
"203",0.659656457627425,0.52180077248778
"204",0.728731161610922,0.591092274575175
"205",0.152592989377328,-0.551222578953831
"206",0.779793462772737,0.505674766011857
"207",0.448127197545953,-0.247222501864584
"208",0.570113177909399,0.129695236163924
"209",0.337066020349972,-0.246008561476104
"210",0.912478732672171,0.262809310825937
"211",0.865377442577272,0.31418113297972
"212",0.709160434215213,0.596819200280766
"213",0.348665669392911,-0.241782625920948
"214",0.743450013939175,0.575357191709502
"215",0.204049874648801,-0.491689297113138
"216",0.793442459825543,0.472743275193744
"217",0.531615697572357,-0.0493844755915863
"218",0.814148788429564,0.421225215545094
"219",0.467467918875162,-0.227963584776562
"220",0.0758558788808295,-0.424298783405535
"221",0.0942738972699735,-0.47678467851211
"222",0.619181703255628,0.370758708506807
"223",0.381610562535119,-0.243964493612172
"224",0.365824351495015,-0.240834418213776
"225",0.686842261347338,0.579328236317497
"226",0.920829392750398,0.257249449796074
"227",0.677011902610771,0.563083164094391
"228",0.473869288995862,-0.218292959972277
"229",0.00526641286804806,-0.19111701327725
"230",0.528114465926657,-0.0636016696998188
"231",0.789714763166732,0.481915648609833
"232",0.0198176262102788,-0.235116392871418
"233",0.33076865333668,-0.249709736082494
"234",0.216485317822895,-0.465103398586976
"235",0.00157890672853682,-0.180941213534405
"236",0.117060506855836,-0.524470840725581
"237",0.671836170980241,0.552432674543952
"238",0.733847423491417,0.586647914976273
"239",0.550916310414323,0.0360771011317745
"240",0.305839888367569,-0.274893782223326
"241",0.32833883317071,-0.251417247987776
"242",0.649176416421658,0.489467161820658
"243",0.942976810677326,0.243407860634536
"244",0.4433108516793,-0.249929781467171
"245",0.942377621608903,0.243805361928153
"246",0.778691255971091,0.508235787890181
"247",0.311940676472383,-0.267152080797146
"248",0.26764693020843,-0.344266764321913
"249",0.168437608335633,-0.543901932659083
"250",0.924964958042256,0.254659181417877
"251",0.141212565259892,-0.549281668233693
"252",0.236444053514395,-0.417995475154287
"253",0.0546251430663979,-0.353937176741135
"254",0.970985446204548,0.218994139092489
"255",0.302850459121633,-0.279055605766138
"256",0.835980244209641,0.370048663822868
"257",0.24858912132855,-0.38854833122693
"258",0.209912583936122,-0.479531915539834
"259",0.390373631711002,-0.24659071998921
"260",0.871315527014201,0.305199385024941
"261",0.878344361738418,0.29560059862938
"262",0.898628301989287,0.273722567391913
"263",0.426457649820135,-0.254109598664697
"264",0.34261639618245,-0.243583349145557
"265",0.0254969047389459,-0.25363549773871
"266",0.872872350296937,0.302977532409024
"267",0.0576451913416386,-0.364333534878681
"268",0.156450175177539,-0.550488001728471
"269",0.863987423980725,0.316400001818743
"270",0.468839432901819,-0.226037665718566
"271",0.741713956841151,0.577668710661431
"272",0.247587845469243,-0.390961670143175
"273",0.195800607570913,-0.507401131367283
"274",0.205310587087297,-0.489138686586803
"275",0.30828183690249,-0.2716731230839
"276",0.609101238297066,0.324081309192524
"277",0.108499774060328,-0.509124494834259
"278",0.536792856786284,-0.0275789488626272
"279",0.883318990530563,0.289465803413453
"280",0.384665435609175,-0.244839214753002
"281",0.949590509482194,0.238784980402861
"282",0.448931513154181,-0.246695698654346
"283",0.230800296079484,-0.431633138005129
"284",0.718388081489247,0.596438949825103
"285",0.611418907621177,0.335039760452137
"286",0.255188843952608,-0.372800018450115
"287",0.294974388574949,-0.291147759842612
"288",0.712647655799519,0.59717975601256
"289",0.555454191203578,0.0576146112983661
"290",0.964334607031778,0.226163039737184
"291",0.169436451850808,-0.543070579650384
"292",0.846126077236142,0.348746957615014
"293",0.529419805257465,-0.0583529230420928
"294",0.1443849486697,-0.550447660930892
"295",0.364831212206977,-0.240744721337524
"296",0.499786062611849,-0.160599993502408
"297",0.509450478210463,-0.131337726387838
"298",0.444475815238198,-0.249343621221195
"299",0.904868667720817,0.268482195695636
"300",0.362614639423904,-0.240601459835277
"301",0.460246911925497,-0.236832964824499
"302",0.175656723864726,-0.536968785607675
"303",0.0441240773573518,-0.317409885991156
"304",0.559504477154114,0.0771933963833838
"305",0.798438380922307,0.460329165583265
"306",0.0647702272385359,-0.388459949272977
"307",0.475590756825055,-0.215392177878134
"308",0.821835423656623,0.402563250027269
"309",0.377815052653081,-0.242970500807329
"310",0.876191261491738,0.29842344633807
"311",0.684097528147278,0.575320618242663
"312",0.239023598877946,-0.411731038527782
"313",0.549557445311919,0.0297189894478218
"314",0.732091877607978,0.588301374946194
"315",0.406422089659143,-0.251441661349594
"316",0.648495217842981,0.487184034278389
"317",0.746859007047839,0.570491209169581
"318",0.767621907231864,0.532754661752634
"319",0.992260637298459,0.187434131444654
"320",0.276195872555138,-0.32601328065875
"321",0.0590531293946551,-0.369150583558176
"322",0.282820257371641,-0.312819184783207
"323",0.98951876351994,0.192348197335618
"324",0.513413237972651,-0.118156294270564
"325",0.051742863359279,-0.343951510267312
"326",0.0668168267937144,-0.395254574080578
"327",0.218131025638897,-0.461379304112113
"328",0.35739227488602,-0.240599310806258
"329",0.729261865987093,0.590684779700744
"330",0.748996846301132,0.56722659435002
"331",0.249607926128432,-0.386098158089574
"332",0.0911810959823197,-0.468729291952717
"333",0.97495777539094,0.214165499219274
"334",0.693125623941654,0.586959917139475
"335",0.52334502332157,-0.0822380581340637
"336",0.48891407809942,-0.18849512572739
"337",0.0149300009290455,-0.219723652446006
"338",0.49034284118074,-0.185135715707116
"339",0.363907060373225,-0.240675258171841
"340",0.933120987266768,0.249662506296173
"341",0.08920349710132,-0.463404133383093
"342",0.0112355817497009,-0.208478792347137
"343",0.456576058090664,-0.240551934815688
"344",0.385637963962043,-0.245128704310066
"345",0.62391127758869,0.391672835288162
"346",0.128444850754691,-0.539653170190422
"347",0.341526461072266,-0.243999662089442
"348",0.880630463839509,0.292714961966223
"349",0.188190455264994,-0.520181903224613
"350",0.734386899286998,0.586113390254589
"351",0.586602521650144,0.212989081842603
"352",0.233221947283368,-0.425797756897267
"353",0.818297875987482,0.411086276902044
"354",0.553196375860134,0.0468421688347585
"355",0.356018628428923,-0.240682703616988
"356",0.367768804009887,-0.24105345488351
"357",0.166622712825309,-0.545304257897185
"358",0.963481683977181,0.227006733879024
"359",0.642500840961467,0.466185507491029
"360",0.646352569945273,0.479863701844509
"361",0.0933877629443305,-0.474511494718736
"362",0.191307932304451,-0.515162752264332
"363",0.97847402946942,0.20951467784077
"364",0.26451559303829,-0.351250405069081
"365",0.946187086408143,0.241222423422849
"366",0.771267021338455,0.524947490741446
"367",0.319088639229769,-0.259383394602195
"368",0.636525857600034,0.443704391894545
"369",0.482377997457748,-0.202683914541568
"370",0.701277451455826,0.593679617464711
"371",0.938444140009,0.246348966670764
"372",0.915136530318181,0.260977905983214
"373",0.64183443980827,0.463752902654263
"374",0.228330644417671,-0.437548254101009
"375",0.790767851566779,0.479334610934669
"376",0.86920165393909,0.308304480418998
"377",0.676307633740013,0.561718461012322
"378",0.317117261160281,-0.261385033295091
"379",0.102808479724452,-0.497162521626334
"380",0.158036196796689,-0.549986204488873
"381",0.726761145279859,0.59249408576267
"382",0.520893950730911,-0.0914737706603365
"383",0.764612087225425,0.538972731234418
"384",0.366875983903185,-0.24094590856468
"385",0.811050180004444,0.428875728810238
"386",0.714394807912526,0.597128232616793
"387",0.893627392405993,0.27838034640471
"388",0.414617247109651,-0.253242603578516
"389",0.0612707196084084,-0.376692116051248
"390",0.45282765481167,-0.243826822463837
"391",0.203031696480815,-0.493722055958467
"392",0.221341116633615,-0.454006297725099
"393",0.677661171609769,0.564317643099348
"394",0.902577295445604,0.270338062443959
"395",0.46125052530691,-0.235725325342976
"396",0.822937162582995,0.399935565811977
"397",0.115005139696412,-0.521085986520864
"398",0.756696164070279,0.554204539657143
"399",0.849089450856671,0.342903925677799
"400",0.557163467819919,0.0658392627475595
"401",0.571466648528352,0.136487288083341
"402",0.453600072984817,-0.243194094460012
"403",0.979439805564238,0.208172068596181
"404",0.318488082905649,-0.25998178259784
"405",0.0377761574888136,-0.295345149617615
"406",0.173986401272472,-0.538760848674613
"407",0.277791910641827,-0.322753047458487
"408",0.907896548800985,0.266140524616668
"409",0.501986888634041,-0.154301981411314
"410",0.777884849397233,0.510097543250586
"411",0.2933457635995,-0.293846183050371
"412",0.911368496837094,0.263595002688579
"413",0.707871203870163,0.596527796446413
"414",0.307356908403337,-0.272873951792638
"415",0.700853580971714,0.593417983134023
"416",0.759264012101572,0.549453780456191
"417",0.234286300277221,-0.423224384282195
"418",0.614408244396793,0.348983450652066
"419",0.441094448932796,-0.250928568468108
"420",0.422209823691403,-0.254089261888417
"421",0.708125626322464,0.596592120264543
"422",0.519631456222385,-0.0961376654265791
"423",0.914269815495936,0.26156786845486
"424",0.196596401809249,-0.505964683325454
"425",0.774568651238456,0.51763940718393
"426",0.764357842681697,0.539487904878402
"427",0.627376051945845,0.406534905115665
"428",0.897178590879776,0.275028276940334
"429",0.425157754451619,-0.254142190629079
"430",0.68560588973714,0.577573744868001
"431",0.336449565123534,-0.246325551055496
"432",0.95580167408986,0.233932037519207
"433",0.0761325617884286,-0.425159248531675
"434",0.40828025712946,-0.251912923287694
"435",0.459015006213915,-0.238138791319548
"436",0.136998906485038,-0.546978689117019
"437",0.674328993497649,0.557741524915185
"438",0.0356398810993414,-0.2879710860211
"439",0.320176326563931,-0.258324943586672
"440",0.575584312833729,0.157233523570279
"441",0.227081697777379,-0.440522699961279
"442",0.284563809607527,-0.309500363906636
"443",0.866277068236377,0.312768617987402
"444",0.480192821365432,-0.206998667194625
"445",0.732673144840635,0.587768561577874
"446",0.261645228473702,-0.357772477169391
"447",0.521959827032522,-0.0874866524022057
"448",0.0138154678280698,-0.216293861724304
"449",0.39854765603214,-0.249168965611311
"450",0.602126628790982,0.290425379613569
"451",0.258268711959594,-0.365575493739184
"452",0.417764955072897,-0.253706714991728
"453",0.569229738611612,0.125270865807168
"454",0.493063884939067,-0.178481151039264
"455",0.182612680505263,-0.528352878032501
"456",0.0464253298906842,-0.325434957658935
"457",0.737125686240615,0.583211777209166
"458",0.0975921018776717,-0.48504017902554
"459",0.124021866197232,-0.534482214401555
"460",0.19008367882215,-0.517170880835318
"461",0.739587461237912,0.580341620586197
"462",0.200558494514087,-0.498554304371126
"463",0.988505280146957,0.194096121364291
"464",0.639337279119762,0.454468503754711
"465",0.55855618474225,0.0725820688436931
"466",0.769056506674853,0.529716646594676
"467",0.929256695436197,0.252025812673432
"468",0.0392146013723686,-0.300328567880944
"469",0.63442104237224,0.435436645821255
"470",0.711829177751672,0.597150851406875
"471",0.961539030719548,0.228869441016096
"472",0.286667875918676,-0.305585558186836
"473",0.149943641476682,-0.551323031897985
"474",0.23713028858637,-0.416329977793167
"475",0.176776404481498,-0.535706056981437
"476",0.0588840920402436,-0.368573367131229
"477",0.858993240967044,0.324734796408733
"478",0.794085415924201,0.471152089589956
"479",0.0240962596703321,-0.249011989885307
"480",0.361806942827767,-0.240569539662112
"481",0.59789556129009,0.269594695473069
"482",0.0430743921861285,-0.313751337174274
"483",0.82545376548043,0.393986314346229
"484",0.878759264680906,0.295068393662381
"485",0.717038739592885,0.596759990218492
"486",0.52245388969616,-0.0856232457753693
"487",0.0489728337537963,-0.334315365775615
"488",0.457244314427837,-0.239913272174304
"489",0.871751919529401,0.304571041387397
"490",0.706594596590963,0.596154313442003
"491",0.514393029854749,-0.114793823764406
"492",0.586291472392157,0.211416963991562
"493",0.445136691125692,-0.248991943515648
"494",0.928233802595292,0.252650908598563
"495",0.370220698750694,-0.241406840713322
"496",0.744554426968913,0.573827560444327
"497",0.838088231276022,0.365466895122212
"498",0.383629098147736,-0.24453618793373
"499",0.478206841277773,-0.210735588812031
"500",0.772707008201862,0.521786250498444
"501",0.747810193814337,0.56905852206421
"502",0.962019327712245,0.228416351393635
"503",0.46404919860675,-0.232425435920507
"504",0.355199598087929,-0.240749961956029
"505",0.387305859138607,-0.245635042746103
"506",0.837104884167551,0.367594613420748
"507",0.0526179562312318,-0.346988600914852
"508",0.585408594660927,0.206952664414601
"509",0.626084268074133,0.401041340691135
"510",0.041262287507765,-0.307442194110386
"511",0.887151734849438,0.285096523571538
"512",0.359508543498581,-0.240540858926864
"513",0.972471472543199,0.217238539858542
"514",0.276883627214935,-0.324602299367057
"515",0.325045859434875,-0.253985224375152
"516",0.392211281638243,-0.24717223706065
"517",0.71640185774886,0.596880419054269
"518",0.231822535133106,-0.429173596596407
"519",0.438693891596282,-0.251844033213615
"520",0.546240071444423,0.0143901404557851
"521",0.0625529088174226,-0.381024022597138
"522",0.472576617384562,-0.220386739727417
"523",0.280769000649336,-0.316807971227566
"524",0.430848845298286,-0.253723744367724
"525",0.723135111520533,0.594608905241507
"526",0.610381571532227,0.330150287332601
"527",0.974349023848888,0.214933984945273
"528",0.42836048406153,-0.25399617272889
"529",0.757728179765516,0.552318325212315
"530",0.140729423552053,-0.549061367458819
"531",0.00427977277711034,-0.188351311057154
"532",0.440963783203391,-0.250982822092624
"533",0.593438553147367,0.247393624567755
"534",0.683235332605662,0.573977127063671
"535",0.287090171688702,-0.304811982973024
"536",0.861878832517192,0.319850010947014
"537",0.114263946184888,-0.519818263149831
"538",0.800126835691975,0.456114891100862
"539",0.618764401719556,0.368880729032866
"540",0.819816846553236,0.407411404475764
"541",0.0602572315147845,-0.373252844647951
"542",0.161733163343626,-0.54837232680409
"543",0.719910644225543,0.595970007378795
"544",0.412520144186099,-0.252855995737365
"545",0.278974705132423,-0.320369460542517
"546",0.0819229595619254,-0.442712229418523
"547",0.315881988409208,-0.262693977976706
"548",0.578921689281706,0.174110404952549
"549",0.886841681125923,0.285438746281545
"550",0.411306450600852,-0.252606773061349
"551",0.859849816427683,0.323265119219571
"552",0.161192259546602,-0.548646910157012
"553",0.123044415989425,-0.53321372243759
"554",0.884230978975189,0.28839849647929
"555",0.527077564072562,-0.0677263502682783
"556",0.868007848452893,0.310103122612476
"557",0.89494841902575,0.277107264265426
"558",0.372215614653309,-0.241753211489816
"559",0.358352905306732,-0.240562430939509
"560",0.665497145248926,0.537450707700239
"561",0.00395804177212995,-0.187456155807323
"562",0.345905685018515,-0.242498910017675
"563",0.923865397767979,0.255341007865786
"564",0.494341383227729,-0.175240776165035
"565",0.801353026917903,0.453051473892217
"566",0.0849776039710268,-0.451593533756134
"567",0.724891598730348,0.593660632493857
"568",0.913024114567204,0.262427988560585
"569",0.194586219416233,-0.509558200911295
"570",0.134933177682338,-0.545534571234448
"571",0.698818605993991,0.592028493882252
"572",0.00721232952491846,-0.196660680624342
"573",0.848014514522045,0.345002536329071
"574",0.577098327412503,0.164885013431096
"575",0.143191502156085,-0.550066084371004
"576",0.327393773321179,-0.252124212200006
"577",0.888047210429562,0.284118984125031
"578",0.672186149510904,0.553198009310284
"579",0.845003643531236,0.351006741175485
"580",0.826193750804756,0.392251853562727
"581",0.31097341477382,-0.268311572742562
"582",0.770285172588541,0.527078650092148
"583",0.835252203901764,0.371648794740764
"584",0.977274126176722,0.211143076762491
"585",0.309606633752584,-0.269993789902449
"586",0.120935962297837,-0.530323939757743
"587",0.562009070225293,0.0894460339415186
"588",0.654830118030542,0.50757247805943
"589",0.588768710378208,0.223924887931627
"590",0.481196567047504,-0.205043229762691
"591",0.125371889379225,-0.536159595529349
"592",0.292391001028591,-0.29545871573414
"593",0.0326904583140276,-0.277856786089876
"594",0.01574240590923,-0.22224323900348
"595",0.789376346839825,0.482743171272543
"596",0.506370817343355,-0.141111481155647
"597",0.92661081490526,0.253645271514536
"598",0.339337785571697,-0.24492343626192
"599",0.263553481485811,-0.353424303507412
"600",0.30461314738763,-0.276572602233434
"601",0.951728348491131,0.237178971523426
"602",0.39347939963534,-0.247574997533726
"603",0.130814097066293,-0.542036841155273
"604",0.421202904839767,-0.254033056051485
"605",0.694047104531433,0.587898972127296
"606",0.834471675221459,0.373374171461214
"607",0.921281711402,0.256962281316485
"608",0.524086188624147,-0.0793989823910526
"609",0.594726505868952,0.25383228329083
"610",0.185833103727899,-0.523765658119707
"611",0.873313359263004,0.302358110010719
"612",0.692008572576451,0.585759891926771
"613",0.458016635535867,-0.23915403162606
"614",0.934497067033197,0.248815441366982
"615",0.539359821175458,-0.0164405967625121
"616",0.451887007718091,-0.2445684072283
"617",0.608078205389669,0.319205829152416
"618",0.432920078271069,-0.253383495172476
"619",0.842878720580367,0.355353161236734
"620",0.0866922271330841,-0.45645442920764
"621",0.548017280396773,0.0225672601678143
"622",0.616630476810387,0.359199253906035
"623",0.775016876944341,0.51663129524605
"624",0.8511201656349,0.339005420853292
"625",0.630744965802762,0.420584784087151
"626",0.126373165137833,-0.537347580195919
"627",0.447469254746684,-0.247637209801411
"628",0.753413878471823,0.559988690096426
"629",0.229855838307529,-0.433900038905422
"630",0.049900517144124,-0.337545663668513
"631",0.515213306320948,-0.111947676885481
"632",0.991177252540831,0.189408454210181
"633",0.238129450476728,-0.41390348790094
"634",0.347571170720039,-0.242045985439117
"635",0.374404956540791,-0.242188907839722
"636",0.678777368340059,0.566386648468816
"637",0.360542823735741,-0.240542192454528
"638",0.705623570567812,0.595813342958036
"639",0.945752164605074,0.241524451169028
"640",0.160460150306346,-0.54899764359072
"641",0.983840806978405,0.201680086325369
"642",0.289222497778479,-0.30096919249546
"643",0.505649624208454,-0.143340086251191
"644",0.172090793198906,-0.540659308235031
"645",0.899940435030847,0.272570671159993
"646",0.981074843426468,0.205832750129595
"647",0.916757092860644,0.259892169376226
"648",0.918655702613876,0.25864617471016
"649",0.516279722361825,-0.108205371084584
"650",0.0453827972894069,-0.321799056288451
"651",0.93010092596442,0.25151025358773
"652",0.532794437448261,-0.0445000290354449
"653",0.088114293263643,-0.460415148430153
"654",0.820946815302712,0.404692277570985
"655",0.148899340798613,-0.55127125829923
"656",0.225454560931888,-0.444378033064658
"657",0.903487299734494,0.269591948144931
"658",0.380587181016686,-0.243685259795119
"659",0.281817880445509,-0.314757155136412
"660",0.754762259298004,0.55765288608178
"661",0.854910894867498,0.331964406753488
"662",0.173116890248144,-0.539649697259026
"663",0.0856299088173546,-0.453453612243925
"664",0.812032212745748,0.426445013469041
"665",0.650951598249143,0.495315328109936
"666",0.931480161581305,0.250667585920834
"667",0.910136015192606,0.264482727564837
"668",0.0479109264486469,-0.330614913341208
"669",0.154867011467693,-0.550873260851795
"670",0.605510430432972,0.30687194203335
"671",0.171273311447701,-0.541432942469101
"672",0.479384669676074,-0.208540476526974
"673",0.644955998604535,0.474980338615085
"674",0.668752834550454,0.545409340596063
"675",0.193409379863529,-0.511607381682782
"676",0.780687986209174,0.503582954612435
"677",0.497326694709831,-0.167379529766508
"678",0.232957061566645,-0.42643744530286
"679",0.39508852135262,-0.248085451828493
"680",0.758578716931283,0.55074033713187
"681",0.621558580733137,0.381356044100213
"682",0.413985235663597,-0.253132240974055
"683",0.765921865637298,0.536293520694236
"684",0.749850975971553,0.565877899184073
"685",0.958189040607773,0.231900551998035
"686",0.904260077868006,0.268967779807933
"687",0.950538863181951,0.2380802277282
"688",0.250927811320988,-0.382932976539641
"689",0.803456030731555,0.447795409580397
"690",0.437940936073661,-0.252096726576206
"691",0.960296583819319,0.230019465291075
"692",0.922228270933148,0.256364778212229
"693",0.897814620356192,0.274451082593692
"694",0.953609632008593,0.235711658127891
"695",0.526291143966489,-0.0708278892867321
"696",0.867032549911877,0.311596698076064
"697",0.563334942482878,0.0959723484524994
"698",0.192008426147746,-0.513992659040956
"699",0.936446261204314,0.247605636344796
"700",0.103678884648369,-0.499079312357923
"701",0.146729778740788,-0.550997425059138
"702",0.0232921566409059,-0.246373517077102
"703",0.740674153244705,0.578997771505242
"704",0.178899444062612,-0.533178966745537
"705",0.995529164057691,0.181213860751879
"706",0.582228927395539,0.190857646771853
"707",0.324240561066195,-0.254658023914493
"708",0.890749229668174,0.281265623055229
"709",0.0923838492555078,-0.471902179219704
"710",0.296742129333434,-0.288294344764961
"711",0.969812283183914,0.220338725138243
"712",0.987955770831555,0.195028667653582
"713",0.396584300665418,-0.248557270766251
"714",0.0796032145431964,-0.43578797389869
"715",0.132682544774376,-0.54372536654772
"716",0.595631267730496,0.258344667783524
"717",0.0951537785308901,-0.47901358867975
"718",0.486941090898123,-0.192981723492301
"719",0.931548936443054,0.250625531760492
"720",0.650416124763433,0.493566826556612
"721",0.71855944652122,0.596391803854885
"722",0.922803581663058,0.256003701750954
"723",0.762226603332558,0.543741576864504
"724",0.145471260258812,-0.550735236497006
"725",0.496141687893774,-0.170548417020988
"726",0.620403186611948,0.376226045839453
"727",0.976185929476283,0.212582589530096
"728",0.711004538868088,0.597087262517769
"729",0.843942931371741,0.353165319885544
"730",0.633124662883463,0.430257919591054
"731",0.344548937491723,-0.242915277802416
"732",0.465480406139628,-0.230615873026731
"733",0.386198688044795,-0.245297634093128
"734",0.753990588351036,0.558996674217836
"735",0.0837019937231671,-0.447918464051223
"736",0.297863927066908,-0.286524921160605
"737",0.617973082756042,0.365305697092236
"738",0.541038142137346,-0.00904739244804122
"739",0.269792978119454,-0.33956719587514
"740",0.688142979883123,0.581084235409172
"741",0.909698207531008,0.264802170069633
"742",0.15387718462653,-0.551055007179087
"743",0.538145780023886,-0.0217344506929356
"744",0.998437765426584,0.175337576123051
"745",0.567319626547047,0.115731819201647
"746",0.245281146348803,-0.396538107957054
"747",0.8146812237337,0.419916751901286
"748",0.768312297439552,0.531298431758915
"749",0.279920342192287,-0.318484183599133
"750",0.0316924925085623,-0.27445528686172
"751",0.41004740796634,-0.25233003141069
"752",0.131566715447581,-0.542737298815249
"753",0.836504569593468,0.368901822537007
"754",0.720736051942455,0.595668924905808
"755",0.352440171472379,-0.241076261119526
"756",0.257161443268182,-0.368161965031725
"757",0.993282516813022,0.185532277964793
"758",0.424217975291074,-0.254143985747427
"759",0.795710011357209,0.467121939237347
"760",0.816539911729749,0.41536530931043
"761",0.827497411283199,0.389213556721084
"762",0.0685268194654491,-0.40087593483652
"763",0.828661296500126,0.386520452366797
"764",0.891907518542139,0.280085750546871
"765",0.0792204983183183,-0.434631362373018
"766",0.321462418879033,-0.257115496555539
"767",0.77157655312866,0.52427149332262
"768",0.996710372303845,0.178866698369994
"769",0.434554125783732,-0.253038511385423
"770",0.643591785296914,0.470126168167113
"771",0.788365996150766,0.485207883551613
"772",0.0718679165617796,-0.411697172719658
"773",0.833049023260712,0.376544640125143
"774",0.0165045846042922,-0.224621625866358
"775",0.376868559991708,-0.242741946413305
"776",0.592403529452044,0.242207553853997
"777",0.429383453552378,-0.253901671294953
"778",0.420487390234834,-0.253981892602361
"779",0.875096800608095,0.299897885807566
"780",0.761476972424774,0.545209534463113
"781",0.542357708560303,-0.00317522490138701
"782",0.164606253061444,-0.546696296402966
"783",0.433852051322814,-0.253195191308904
"784",0.786003350230749,0.490933735506734
"785",0.212992472785991,-0.472865615003549
"786",0.629636450693244,0.416006923019887
"787",0.0474994413028471,-0.329180410015737
"788",0.242409491292783,-0.403503608897245
"789",0.817725655775284,0.412476189411694
"790",0.596708365336177,0.263704138425671
"791",0.537881239211652,-0.0228818290666611
"792",0.109315356319654,-0.510726146526186
"793",0.222459916741005,-0.451406023070217
"794",0.776555393021554,0.513143760198985
"795",0.810412962581031,0.43045560852495
"796",0.100546013767133,-0.492036768468239
"797",0.75554684892518,0.55626766618364
"798",0.099685914437403,-0.490034663288963
"799",0.6978261369518,0.591270453521012
"800",0.403647251605289,-0.250684563933815
"801",0.982869980548974,0.203166079773513
"802",0.900815146238776,0.27181811162837
"803",0.293662947663106,-0.293315457140613
"804",0.681111610770342,0.570495583598147
"805",0.554199300008826,0.0516139896364184
"806",0.197927760097664,-0.503521916124939
"807",0.244338841412333,-0.398821521334744
"808",0.00912354018108454,-0.202216557007617
"809",0.0127887437351746,-0.213162510743693
"810",0.841120618835324,0.359015231110712
"811",0.29147959579993,-0.297018919498927
"812",0.831193769312813,0.380727322147518
"813",0.830481671230751,0.382346750215061
"814",0.223329468759708,-0.44937509002187
"815",0.246326397000346,-0.394008637315617
"816",0.4505966093319,-0.245534674280275
"817",0.990182196670794,0.191184133090547
"818",0.252884593709139,-0.37826207701837
"819",0.637663199216011,0.448097960413707
"820",0.199646526721539,-0.500297056181174
"821",0.229188519616961,-0.435498259529187
"822",0.240234819919686,-0.408787439127932
"823",0.615285095702857,0.353030230864035
"824",0.135977599539794,-0.54629060760775
"825",0.306301001166692,-0.274273240324399
"826",0.560924428382074,0.0841272901308234
"827",0.266825175798847,-0.346085391642601
"828",0.695623963911319,0.589399405595709
"829",0.157160636216286,-0.5502775172892
"830",0.96768723281438,0.222684662103639
"831",0.155154845416895,-0.550811848439987
"832",0.285571661105612,-0.307612685961221
"833",0.0345929189565359,-0.284371065989681
"834",0.11612847999169,-0.522959799293502
"835",0.625329973178683,0.397807186346523
"836",0.35329828872392,-0.240958038944524
"837",0.333509873756208,-0.247971547906618
"838",0.86294337210618,0.318095584237976
"839",0.142093372509466,-0.54965420999888
"840",0.119527382227941,-0.528277234259808
"841",0.512262255329988,-0.122054234108588
"842",0.722496624091291,0.594917713372878
"843",0.543114493856439,0.000215487377295641
"844",0.663126085382886,0.531308027047149
"845",0.139958926710067,-0.548686574789295
"846",0.547356178678921,0.0195158627353333
"847",0.301831104781828,-0.280529311337244
"848",0.338162672025152,-0.245468523665634
"849",0.850368530774838,0.34043822697824
"850",0.219159906148096,-0.459031157829902
"851",0.0402669423529878,-0.30398187361164
"852",0.944502084992593,0.242381835828431
"853",0.641241085080314,0.461570859451075
"854",0.860566192154074,0.322048719462135
"855",0.599812801096588,0.279067094735763
"856",0.858464487010264,0.325650242951796
"857",0.112163408080931,-0.516091448421872
"858",0.81349339673447,0.422838479200527
"859",0.981885206010426,0.204641834004768
"860",0.579519834341016,0.177138506871318
"861",0.187356287980452,-0.521471334671939
"862",0.518567139025894,-0.100019480691926
"863",0.53379166231316,-0.0403302071833884
"864",0.877439036475029,0.296775022421339
"865",0.667673188423505,0.542831552712679
"866",0.469870039671427,-0.224538506239914
"867",0.0736244744362775,-0.417292479924347
"868",0.670847362170345,0.550235174505555
"869",0.600945475255488,0.284637845485297
"870",0.0208842199142091,-0.238546138587903
"871",0.471886001548846,-0.221475853224432
"872",0.35434641108464,-0.240834273484873
"873",0.89596143553115,0.276152152886551
"874",0.439886043107719,-0.251410579569921
"875",0.329029032522463,-0.25091616693289
"876",0.404839718991541,-0.251017046430007
"877",0.51142738567479,-0.124846192589092
"878",0.201916595409391,-0.495919617958014
"879",0.397710380468634,-0.24890942173133
"880",0.48569956234307,-0.195714599098678
"881",0.174815633380902,-0.537885004342861
"882",0.290253808611887,-0.299149077230909
"883",0.584453023994924,0.202117943772646
"884",0.804931438503671,0.444108988614601
"885",0.316321948205703,-0.262222934974686
"886",0.572801513739163,0.143200496999433
"887",0.752158312462852,0.562111634905716
"888",0.0971854906133376,-0.484050738721327
"889",0.418501382289571,-0.253793336836762
"890",0.32248579877161,-0.256185599751493
"891",0.544210770262522,0.00515625969266726
"892",0.659396835666266,0.521064877483219
"893",0.675069329609047,0.55925416244614
"894",0.489634317756048,-0.18681323067091
"895",0.937083454939188,0.24720692056728
"896",0.167567102778819,-0.544592077876211
"897",0.508493006467936,-0.134420846262916
"898",0.874309460746474,0.300975195840053
"899",0.409185486966162,-0.252130619906078
"900",0.343764802641352,-0.243175622947313
"901",0.901523034301121,0.271217835077507
"902",0.805844098383212,0.441830060904217
"903",0.455653598523932,-0.241406001483181
"904",0.147896190066123,-0.551172598675722
"905",0.844353042968782,0.352328102695894
"906",0.591054957923479,0.235436151911956
"907",0.0676438898737542,-0.397980037395776
"908",0.101648278343957,-0.494559688432157
"909",0.828149600206991,0.3877021475005
"910",0.507004837423214,-0.13913334772545
"911",0.446000258310465,-0.248511166541417
"912",0.731091799839167,0.589183800246147
"913",0.645270905304234,0.476089081193331
"914",0.852327619030839,0.336728943502709
"915",0.647268573190668,0.483018856661834
"916",0.243123999380623,-0.401768790969987
"917",0.766736391257728,0.53460646537158
"918",0.939313270396669,0.245795718171091
"919",0.416790964505286,-0.25357899258826
"920",0.561937935634865,0.089096661930173
"921",0.65804546085489,0.517179922668352
"922",0.186229218284017,-0.523176557952555
"923",0.271764468916692,-0.335316589082881
"924",0.535787019487238,-0.0318857161455349
"925",0.0303072779389331,-0.269753785629682
"926",0.864409256163053,0.315721984306962
"927",0.331871012321091,-0.248986913228569
"928",0.566797172617167,0.113129690612907
"929",0.2720693315143,-0.334665217031519
"930",0.948090687221848,0.239876036244765
"931",0.896266171031399,0.275868385464747
"932",0.882461517476127,0.290485319151448
"933",0.892901621140307,0.279093301540111
"934",0.00262596209568437,-0.183785485313017
"935",0.669525366428075,0.547216231504613
"936",0.79239214261272,0.475337349557557
"937",0.727769130679429,0.591798767878966
"938",0.0782081123336684,-0.431553017704312
"939",0.889163591565448,0.282922693531313
"940",0.702227451773942,0.594231313247181
"941",0.581143791883718,0.185362052013947
"942",0.288211202949518,-0.302778462706897
"943",0.210783878202899,-0.477664184720936
"944",0.49769350457401,-0.166385705218285
"945",0.0636917871333426,-0.384852500543707
"946",0.376457037243643,-0.24264524813903
"947",0.941307142877835,0.244508346438304
"948",0.323206902836682,-0.255547664148341
"949",0.0116506200091681,-0.209723993902178
"950",0.885378278319607,0.287080491819559
"951",0.34974758032721,-0.241548502695232
"952",0.375165309197153,-0.24235282979523
"953",0.080872743333457,-0.439595998766507
"954",0.396033334355801,-0.248383912966964
"955",0.682079270731891,0.572112322682655
"956",0.65712432386179,0.514479659129964
"957",0.703801788833109,0.595040263119529
"958",0.0080641046189703,-0.19912344866413
"959",0.388440689975163,-0.245985526271138
"960",0.940374081082642,0.245114135761843
"961",0.881945169306942,0.291106803974496
"962",0.666787415056955,0.540671048402411
"963",0.602640123904916,0.292934248575899
"964",0.745699995202245,0.572193236737205
"965",0.604827451943071,0.303569303010702
"966",0.696931344010634,0.590541683494962
"967",0.194072345909546,-0.51045803342515
"968",0.330397146135336,-0.249960590552556
"969",0.504699363557505,-0.146241388576724
"970",0.82499255222315,0.395070863002075
"971",0.606015891093761,0.309310354044415
"972",0.932598613334354,0.249982952498009
"973",0.2139350696248,-0.470790949012118
"974",0.656480913678999,0.5125686287131
"975",0.840152219586773,0.361057276329753
"976",0.303964499462745,-0.277476660446273
"977",0.253050371288555,-0.377867641513086
"978",0.181836372231133,-0.529403623122886
"979",0.95696319897112,0.232956321957449
"980",0.8572106096145,0.327846117314953
"981",0.985070657501579,0.199752568291001
"982",0.563889666891773,0.0987104896694733
"983",0.59871077703801,0.273628724305427
"984",0.351021816794528,-0.241305624661419
"985",0.568194160441519,0.1200943812708
"986",0.400673689351301,-0.249816450070707
"987",0.0223177065232303,-0.243192266746049
"988",0.723966965178843,0.59417779585714
"989",0.603544696645229,0.297342813208804
"990",0.259452145186719,-0.362825663473961
"991",0.484532203515642,-0.198220610917542
"992",0.549151763439877,0.0278294773008649
"993",0.935456913957372,0.248221375511182
"994",0.62260217714787,0.385954056438299
"995",0.986395701437956,0.197618617804858
"996",0.137791184561211,-0.547477526472772
"997",0.415586189129157,-0.253401058627816
"998",0.394346714391257,-0.24785033271409
"999",0.510218619248131,-0.128835457246551
"1000",0.8391704914117,0.363145063746347
"1001",0.37899903772457,-0.243267871725463
"1002",0.885884579485748,0.286507514507705
"1003",0.8035381658189,0.447590161610111
"1004",0.0176115164549556,-0.228100381182272
"1005",0.435948681980954,-0.252688588757443
"1006",0.184648338393308,-0.52549544654788
"1007",0.208641127912095,-0.482230524348321
"1008",0.620854207209079,0.378233471864578
"1009",0.273030848470284,-0.332621560545625
"1010",0.593566053026123,0.248031767722898
"1011",0.423282907756045,-0.254128231393172
"1012",0.491302936488879,-0.182826153198093
"1013",0.699619279557373,0.592601616043716
"1014",0.454573830592446,-0.242365519322351
"1015",0.0557726305236574,-0.357896567155485
"1016",0.312650390678551,-0.266317678298544
"1017",0.300594016595976,-0.282354713895795
"1018",0.69524928623822,0.589055053177557
"1019",0.853740927511244,0.334104273214563
"1020",0.986870326412143,0.196839630102574
"1021",0.117950582390185,-0.525876630306664
"1022",0.206835478777299,-0.486005551371033
"1023",0.341308176952531,-0.244086505299493
"1024",0.624360026643262,0.393620389966732
"1025",0.407469014611794,-0.25171104900012
"1026",0.405182318034931,-0.251110629310537
"1027",0.224269517957699,-0.447170277174362
"1028",0.31388292364846,-0.264901595113742
"1029",0.334459310629405,-0.247415488875225
"1030",0.730265383880702,0.58987995117301
"1031",0.346789548480418,-0.242250662037085
"1032",0.0904283716946375,-0.466718080931107
"1033",0.379806680747657,-0.243477595492701
"1034",0.401974157377845,-0.250202303694197
"1035",0.332892463726224,-0.24834578645028
"1036",0.577846984030795,0.168671726928212
"1037",0.90589438474155,0.267675340613818
"1038",0.10729945876915,-0.506715292508508
"1039",0.399961877958151,-0.249601768191171
"1040",0.411568366762716,-0.252662048407789
"1041",0.564999658912886,0.104202291158455
"1042",0.661821330919396,0.527804615251139
"1043",0.104660277100862,-0.501203175355174
"1044",0.106842425099807,-0.505781777335158
"1045",0.503502072650823,-0.149839811100953
"1046",0.529781851801206,-0.0568861338549042
"1047",0.275396346048452,-0.327664959813105
"1048",0.640336358137662,0.458214786817516
"1049",0.26256539852987,-0.355669879527022
"1050",0.179780278543709,-0.532080280716308
"1051",0.298780741494731,-0.285102873755083
"1052",0.474597449869267,-0.217081715933716
"1053",0.984737052812707,0.200280436943952
"1054",0.162753504491062,-0.547818889613603
"1055",0.576463582947152,0.161675998231784
"1056",0.73801181866345,0.582206800710509
"1057",0.483856120894314,-0.199643874814277
"1058",0.919898269807221,0.257844206579226
"1059",0.870113267961307,0.306952914206901
"1060",0.947479488113197,0.24031281123635
"1061",0.997422861954081,0.177425046694511
"1062",0.121584075017949,-0.531234484518167
"1063",0.965350659154588,0.225136624973173
"1064",0.823848204878508,0.397773097086631
"1065",0.653925644466537,0.504778758410472
"1066",0.552664616664872,0.0443210248779038
"1067",0.808929945907439,0.434139637366414
"1068",0.205839214009349,-0.488058367519844
"1069",0.715452018305194,0.597022714931566
"1070",0.0749003211361123,-0.421312819798574
"1071",0.335028957557166,-0.247093088428253
"1072",0.061752075401484,-0.378320977602537
"1073",0.736007195672952,0.584434400271067
"1074",0.915978465000284,0.260411115599351
"1075",0.371356581049738,-0.241597881445907
"1076",0.968578287147102,0.221714788787923
"1077",0.382951393760042,-0.244341358142758
"1078",0.783249427083414,0.497531571607641
"1079",0.601482407571632,0.287271579844241
"1080",0.0185681891433196,-0.231129595769065
"1081",0.687965664459975,0.58085027466979
"1082",0.235120420620427,-0.421204723055225
"1083",0.0659837526060874,-0.392497223249245
"1084",0.0335077087138779,-0.280650535891926
"1085",0.246782442362281,-0.392906315124002
"1086",0.151689029296278,-0.551294087168492
"1087",0.799104123173165,0.458668242172609
"1088",0.689064531806624,0.582272633779228
"1089",0.462289709941484,-0.234536561465979
"1090",0.111799504120019,-0.515425809833644
"1091",0.3926223947244,-0.247302778070425
"1092",0.250429754016805,-0.384126084427961
"1093",0.477856049854192,-0.21137749392669
"1094",0.399068637438468,-0.249329280352153
"1095",0.934917005187715,0.248555920617222
"1096",0.388699152628658,-0.246065901559383
"1097",0.551473071754095,0.0386947908223806
"1098",0.579293667145888,0.175993474048792
"1099",0.303228290447383,-0.278516393431341
"1100",0.297357080040034,-0.287320380118779
"1101",0.526938007000252,-0.0682784595338894
"1102",0.216737585983588,-0.464535166796991
"1103",0.654385766019695,0.506204938360029
"1104",0.617171311077196,0.361665173853524
"1105",0.792767339236103,0.474411482462348
"1106",0.64675785240496,0.481264374726578
"1107",0.445870903312461,-0.248584701907588
"1108",0.86760925996257,0.310710906718722
"1109",0.940510184258455,0.245026168556709
"1110",0.862343000173569,0.319081861144262
"1111",0.847952406136435,0.345124546510143
"1112",0.099171748680179,-0.488823927099189
"1113",0.464955189054483,-0.231289612879907
"1114",0.926280171915074,0.253848394001322
"1115",0.599106767247315,0.275584912310357
"1116",0.78393466900324,0.49589823251025
"1117",0.944482346067322,0.242395258905325
"1118",0.0823766103672097,-0.444048587737187
"1119",0.115563180641853,-0.522024005492843
"1120",0.805300531142275,0.443187194799668
"1121",0.518175121794571,-0.101437635436521
"1122",0.0332279087565839,-0.279693230532046
"1123",0.595117492566933,0.255783392601193
"1124",0.373879909054376,-0.24207938007776
"1125",0.746428766210331,0.571128673599079
"1126",0.780268781702267,0.504564714469681
"1127",0.56873839145666,0.122813427969121
"1128",0.326680777823902,-0.25267353690021
"1129",0.103354679906042,-0.498368975741834
"1130",0.0862459510805784,-0.45519811339512
"1131",0.955096613578964,0.234513053863445
"1132",0.0523143476179102,-0.345935380907837
"1133",0.5310141869816,-0.0518582207469675
"1134",0.856575815335498,0.328971183928172
"1135",0.938959812504356,0.246021237194859
"1136",0.0731798056962434,-0.415882494821505
"1137",0.335694705877919,-0.246726938443099
"1138",0.208170117167989,-0.483221872933693
"1139",0.697406889231061,0.590934352316227
"1140",0.860440716427751,0.322260943900182
"1141",0.0710695957547287,-0.409132193885254
"1142",0.292590748927672,-0.295119502985866
"1143",0.0630867110976251,-0.38282081774741
"1144",0.865781345036928,0.313544687419561
"1145",0.284222605961491,-0.31014455487023
"1146",0.0182237556473119,-0.23003659728311
"1147",0.574350214901264,0.151004628749563
"1148",0.591998127348605,0.240173552555192
"1149",0.267010846280493,-0.34567357101587
"1150",0.785527568363817,0.492079831981942
"1151",0.61354549439589,0.3449822003028
"1152",0.248258957182057,-0.389343594362409
"1153",0.810648154485854,0.429872247336275
"1154",0.634992590397247,0.437699034702652
"1155",0.286262410972617,-0.306332146313278
"1156",0.233940628874581,-0.424060619308104
"1157",0.963746757791843,0.226746257821935
"1158",0.652030607986962,0.498797537739283
"1159",0.167270704142633,-0.544819698118546
"1160",0.271408470797702,-0.336079237588202
"1161",0.547612815794302,0.0206990715612479
"1162",0.755171303344541,0.556933084008994
"1163",0.180030343939317,-0.531763099248197
"1164",0.239549524258939,-0.410452944530385
"1165",0.673502685702173,0.556018553176995
"1166",0.664984178262646,0.536146385074823
"1167",0.0543522776450263,-0.352994163306035
"1168",0.714506012259517,0.597119780770928
"1169",0.409618168177665,-0.252231718466824
"1170",0.704367848736118,0.595299165723038
"1171",0.543713650110178,0.00291159548026953
"1172",0.318765769028105,-0.259703871105072
"1173",0.210191004145774,-0.478936685561521
"1174",0.503332208141335,-0.150345157163197
"1175",0.706152110475581,0.596005041975904
"1176",0.545658270520973,0.0117313352280439
"1177",0.407517751176958,-0.251723355066308
"1178",0.241515394152608,-0.405675532553557
"1179",0.958850657054805,0.231319198461475
"1180",0.597217227266985,0.266231200524986
"1181",0.220951383074978,-0.454908576971825
"1182",0.469002135569463,-0.225803967565467
"1183",0.105428483434138,-0.50283782714186
"1184",0.894259042919497,0.277767692756677
"1185",0.320949865808245,-0.257592020672329
"1186",0.414446233216324,-0.253213286786002
"1187",0.158697523165378,-0.5497429630143
"1188",0.361126428028219,-0.240551354982852
"1189",0.337740617754753,-0.245672751027682
"1190",0.346286799510242,-0.242389648113602
"1191",0.403016134303645,-0.250504679529116
"1192",0.760502809748985,0.547094524880079
"1193",0.560376430158154,0.0814472830727006
"1194",0.0607094661764568,-0.374789079501778
"1195",0.282034933567978,-0.314335666001105
"1196",0.686485705543426,0.578830798727571
"1197",0.648529867297388,0.487300687429224
"1198",0.26945546512818,-0.340301414561308
"1199",0.077570922793122,-0.429601774938976
"1200",0.675830855320557,0.560779399850385
"1201",0.190727545792703,-0.516120634166952
"1202",0.908138864846784,0.265958234221955
"1203",0.131463810853194,-0.542643153884503
"1204",0.314347086147754,-0.264379170362509
"1205",0.352978194283089,-0.241000361272702
"1206",0.416454492016346,-0.25353148554767
"1207",0.488118551118532,-0.190325445680942
"1208",0.609812945828191,0.327459489758612
"1209",0.0352859395085834,-0.28675294495655
"1210",0.0750407332613831,-0.421752976972517
"1211",0.94789537475619,0.240016095229838
"1212",0.113883081285516,-0.519157214563046
"1213",0.924183593755704,0.25514326382667
"1214",0.556934770498192,0.0647354820316107
"1215",0.454363379474846,-0.242547555700254
"1216",0.582591130314278,0.192691872292107
"1217",0.661441762267496,0.526769144176293
"1218",0.00765402561088558,-0.197935075709414
"1219",0.169695647804998,-0.542848000989592
"1220",0.447947855248465,-0.247336981356139
"1221",0.418231186323101,-0.253762561117465
"1222",0.874971865718602,0.300067902969633
"1223",0.107637658275664,-0.507400343334096
"1224",0.129429655778222,-0.540676841112545
"1225",0.466689187093172,-0.229022205465766
"1226",0.163443239375483,-0.547418632810216
"1227",0.8800399512531,0.293449450612054
"1228",0.869647328718915,0.307641349486619
"1229",0.265144682749757,-0.349835916798901
"1230",0.991598370039952,0.18864611146788
"1231",0.312297345240717,-0.266731022880756
"1232",0.668158054076717,0.54399680708363
"1233",0.81639580770547,0.415717224242088
"1234",0.501482150681782,-0.155765575662686
"1235",0.384118441267172,-0.244678540182962
"1236",0.4926567063845,-0.179498373020783
"1237",0.911779879311682,0.263302400731792
"1238",0.0841218033175683,-0.449133365391783
"1239",0.0804523255651584,-0.438339825225616
"1240",0.751501450600219,0.563201835499241
"1241",0.484178314342862,-0.198968168481272
"1242",0.316899769979413,-0.261612413299105
"1243",0.611980231109424,0.337674881923295
"1244",0.367362968911184,-0.241003112165142
"1245",0.0305514919738052,-0.270580911346806
"1246",0.831732566346531,0.37950711731587
"1247",0.625954896989046,0.400488010743809
"1248",0.133186722686165,-0.54415201917939
"1249",0.21873697437346,-0.459998172543336
"1250",0.87661805169296,0.29785571766411
"1251",0.840915871198638,0.359445516477734
"1252",0.109872788166977,-0.511804233604312
"1253",0.699018001363613,0.592174441408106
"1254",0.426640503313509,-0.254102125656874
"1255",0.632767532631755,0.428819868849579
"1256",0.5053792645582,-0.144169574872912
"1257",0.520437679866329,-0.0931667081575911
"1258",0.796047582973377,0.466283000126668
"1259",0.431105803951155,-0.253687262061233
"1260",0.18435264113592,-0.525919579689119
"1261",0.0370969393436098,-0.292996816706578
"1262",0.290617280504084,-0.298513643533216
"1263",0.826887456790311,0.390632292534525
"1264",0.541853589110309,-0.00542467172489845
"1265",0.969071031014901,0.221169965701353
"1266",0.972869745886768,0.216757867296433
"1267",0.741027935315389,0.578550290199417
"1268",0.62933082163299,0.414736888215872
"1269",0.554812216153834,0.0545407296594209
"1270",0.0265447168479441,-0.257116143116631
"1271",0.998760389600648,0.174665633095628
"1272",0.883761098865885,0.28894621785734
"1273",0.0247541619969998,-0.251179425875293
"1274",0.092819167454727,-0.473038016556164
"1275",0.252197315096506,-0.379899476351324
"1276",0.25470663598075,-0.373939330837379
"1277",0.33996266900911,-0.244647639093594
"1278",0.821001262931386,0.40456157950918
"1279",0.812747631749022,0.42467759358695
"1280",0.47325545407366,-0.219296208198258
"1281",0.386863042909303,-0.245499536159974
"1282",0.450139452950098,-0.245862957411108
"1283",0.33348846228898,-0.247984382058843
"1284",0.256869768862845,-0.368845376849277
"1285",0.228805877781007,-0.436413295292072
"1286",0.951120599011891,0.237641922265649
"1287",0.735912740132539,0.584535286550041
"1288",0.160785071359365,-0.548844957412389
"1289",0.307978171078023,-0.272064821761333
"1290",0.310118852135493,-0.269357360327465
"1291",0.224740881693666,-0.446061309304242
"1292",0.799853660632623,0.456797105959562
"1293",0.19298426661233,-0.512337462923121
"1294",0.422595578923938,-0.254105818604903
"1295",0.953060129705002,0.236145753925382
"1296",0.769719623164274,0.528296949844697
"1297",0.0562814458634239,-0.359648785349142
"1298",0.533398761228076,-0.0419771557127242
"1299",0.458982199420687,-0.238172730918236
"1300",0.725194378425018,0.593482651710179
"1301",0.19917125849938,-0.501196675645194
"1302",0.188922174819047,-0.519031930578461
"1303",0.917093156087794,0.259669674523
"1304",0.19530077197135,-0.508294124300052
"1305",0.499418237200473,-0.16163132746092
"1306",0.412213246454252,-0.252794644521328
"1307",0.899011447524303,0.273383306993959
"1308",0.143839665780892,-0.550281818958038
"1309",0.382318494688254,-0.244161984849699
"1310",0.522805052669486,-0.0842929695977827
"1311",0.494992622090271,-0.173560346823865
"1312",0.838576707214699,0.364416343404508
"1313",0.171563577093417,-0.541161407507699
"1314",0.537237872696598,-0.0256629814341687
"1315",0.456130131637561,-0.240968769296107
"1316",0.773107264061575,0.520900274928466
"1317",0.452093820149312,-0.244408063541119
"1318",0.439225748558412,-0.251655754060283
"1319",0.570895348930266,0.133618440641499
"1320",0.691511925937375,0.585204615406238
"1321",0.178453008665703,-0.533724644561133
"1322",0.428966794080217,-0.253943073281124
"1323",0.358557710002176,-0.240556801751981
"1324",0.197117213521153,-0.505014958803389
"1325",0.936860619667103,0.247346576211337
"1326",0.0227314473590814,-0.244540766438405
"1327",0.888519282502006,0.283610097342161
"1328",0.295170775032369,-0.290826842989353
"1329",0.275567225678242,-0.327310941499413
"1330",0.435469664946664,-0.252814671454652
"1331",0.237791339651099,-0.414724764145391
"1332",0.479832934024045,-0.207688875882626
"1333",0.977698289394611,0.210572418307265
"1334",0.365476809451357,-0.240801277351325
"1335",0.720408624235424,0.595792266595354
"1336",0.929855740236351,0.251659964418719
"1337",0.528712478239206,-0.0612048089461262
"1338",0.258719999812893,-0.364525047479679
"1339",0.424532678812975,-0.25414540566605
"1340",0.212335787561955,-0.474301688862286
"1341",0.584772477632388,0.203734492724911
"1342",0.226656828560052,-0.441531635252414
"1343",0.513763219415443,-0.116959894012106
"1344",0.475384868882829,-0.215745910441899
"1345",0.150496127896709,-0.551329450747676
"1346",0.34407872635196,-0.24306962855529
"1347",0.0948866218862822,-0.47833981743499
"1348",0.328770652090316,-0.251102275643628
"1349",0.322684275149251,-0.256008600908394
"1350",0.165424284488428,-0.546152833318416
"1351",0.0285013698512921,-0.263662399879612
"1352",0.048409799044719,-0.332353660148982
"1353",0.507712206101161,-0.136905442535545
"1354",0.33132223342068,-0.249342728166302
"1355",0.49693035088107,-0.168446459340612
"1356",0.350739288129495,-0.241356458710538
"1357",0.401441079471144,-0.250045199106333
"1358",0.0121561284831259,-0.211246967889951
"1359",0.231385387649294,-0.430226091970342
"1360",0.214301964975079,-0.469979300669518
"1361",0.0144474431775743,-0.218234808610771
"1362",0.28856953225052,-0.302134640912648
"1363",0.0654238345338963,-0.390637431749289
"1364",0.845953308489989,0.349093140178736
"1365",0.0399387301063398,-0.302841842725965
"1366",0.77820604503667,0.509357242462383
"1367",0.727096787465853,0.592267693933134
"1368",0.524513232639758,-0.0777534913787706
"1369",0.901407111227862,0.271315593300242
"1370",0.0456008005577605,-0.322559357598091
"1371",0.243760978084989,-0.400223012279131
"1372",0.607562774933875,0.316740913017409
"1373",0.993656899135793,0.184825797299506
"1374",0.716967987479991,0.596774388829838
"1375",0.0908128118676832,-0.467747731629902
"1376",0.97967607815261,0.207839217184162
"1377",0.913714734800975,0.26194930573369
"1378",0.693981457257993,0.587833597119082
"1379",0.201205671961303,-0.497304632823851
"1380",0.069286318511935,-0.403355298504606
"1381",0.807473756421823,0.437765187859083
"1382",0.245835932145361,-0.395195069516314
"1383",0.462562419226975,-0.234217486053295
"1384",0.565087596981903,0.10463809972613
"1385",0.120479016786092,-0.529670140895382
"1386",0.682821579623385,0.573318088412295
"1387",0.278115498754778,-0.322098152837501
"1388",0.126821495950921,-0.537863968179859
"1389",0.622476339325658,0.38540143128636
"1390",0.670076481283642,0.548486000061653
"1391",0.988030949201668,0.194901688207983
"1392",0.509739145985222,-0.130400358526767
"1393",0.0162867722227238,-0.223940513122296
"1394",0.203552266618353,-0.492685829264325
"1395",0.371848153747967,-0.241685660610015
"1396",0.00564652264886536,-0.192190720127976
"1397",0.0580698421044508,-0.365788593299424
"1398",0.378047543573775,-0.243027889584492
"1399",0.156988017855096,-0.550330789976891
"1400",0.301493630278273,-0.281023254091435
"1401",0.849587481336319,0.341939767966222
"1402",0.00956121940119192,-0.203503915384304
"1403",0.020462559616426,-0.23718740540149
"1404",0.0966635309287813,-0.482771423340241
"1405",0.823474313559825,0.398659423605684
"1406",0.709921189124696,0.59695093531543
"1407",0.152364703017636,-0.551244245383011
"1408",0.182389965872862,-0.528656542346948
"1409",0.122120961124776,-0.531973823246432
"1410",0.604052128861193,0.29980950815126
"1411",0.90602374458476,0.267574591271061
"1412",0.324819695891347,-0.254172390934623
"1413",0.354636474069324,-0.24080396506816
"1414",0.757325679347385,0.553057720563966
"1415",0.380298569770181,-0.243607935735735
"1416",0.511691651016125,-0.123965677973808
"1417",0.433066723619471,-0.253355322321107
"1418",0.235707252776599,-0.419782477083715
"1419",0.486144851357443,-0.194742461551225
"1420",0.490752655660035,-0.18415501729002
"1421",0.737826353813754,0.582419769693417
"1422",0.588348596532713,0.221805919479114
"1423",0.13917182723945,-0.548273969195417
"1424",0.405874489686918,-0.251296972736904
"1425",0.420571696822764,-0.253988395760972
"1426",0.762828513825894,0.542552141477551
"1427",0.369988276342978,-0.241369821514402
"1428",0.34217178461852,-0.243749710400554
"1429",0.154273923640139,-0.550987644560476
"1430",0.28015866185294,-0.318011958928127
"1431",0.44392850873922,-0.249624339372151
"1432",0.639768242638325,0.456089674290293
"1433",0.892354510904406,0.279637198294528
"1434",0.135397780175321,-0.545877423464331
"1435",0.730684342657099,0.589530796692334
"1436",0.148134765759227,-0.551200453611657
"1437",0.299185748646036,-0.28448161984847
"1438",0.394671129732626,-0.247953245488108
"1439",0.222636480793823,-0.450994332177854
"1440",0.39728398585855,-0.248776481835486
"1441",0.146026126341778,-0.550860201833752
"1442",0.689736109528341,0.583109591771919
"1443",0.186528017461998,-0.522728658946925
"1444",0.481642993866,-0.204159081110033
"1445",0.0415083857926074,-0.308298376978837
"1446",0.460775428845198,-0.236254617913347
"1447",0.124869578223093,-0.535545590466226
"1448",0.37554156612081,-0.242436221151538
"1449",0.919083628593478,0.258368843243736
"1450",0.787988230548217,0.486127071012114
"1451",0.36310205601994,-0.240626047698863
"1452",0.174077907794388,-0.538665559074085
"1453",0.833840610041749,0.374776490978493
"1454",0.0672541186335729,-0.396697117047327
"1455",0.801811476668459,0.451905748390045
"1456",0.050119141665753,-0.338306529322462
"1457",0.356947119417368,-0.24062232301806
"1458",0.176268955353415,-0.536284389357337
"1459",0.657532890052302,0.515682531240889
"1460",0.515828019251698,-0.109796285220144
"1461",0.0438903739663074,-0.316595170349491
"1462",0.441604767249082,-0.250711895095114
"1463",0.437250543755828,-0.252314334052587
"1464",0.471299171018996,-0.222385247985692
"1465",0.967115228598472,0.223296986894318
"1466",0.390626591974054,-0.246670531325291
"1467",0.263067677698447,-0.35452678987184
"1468",0.206071331115556,-0.487582071507096
"1469",0.679286537780776,0.567308124614267
"1470",0.348124890010571,-0.241909399614002
"1471",0.118259173778235,-0.526355484191777
"1472",0.983275372183067,0.202549363952765
"1473",0.00122854707890656,-0.179997655272717
"1474",0.101267184922239,-0.493692893598352
"1475",0.00317087195545901,-0.185280046605415
"1476",0.851539645608049,0.338211011673733
"1477",0.137336902892101,-0.547195237627092
"1478",0.273979407263105,-0.330621641798699
"1479",0.141850626414642,-0.54955529714626
"1480",0.0889469207569491,-0.462703575152253
"1481",0.261342583365855,-0.35846637712805
"1482",0.766184490739019,0.535751313742965
"1483",0.539951492067194,-0.0138440054252563
"1484",0.305160036356654,-0.275819170700337
"1485",0.748477482238784,0.568034401189677
"1486",0.535275660603889,-0.0340625159775512
"1487",0.643277538142051,0.468996401430432
"1488",0.592653219100321,0.243459527537674
"1489",0.770560398462461,0.526483289802369
"1490",0.667360563457827,0.542073708288318
"1491",0.87790718008636,0.296165453501122
"1492",0.557850710941595,0.0691620289383066
"1493",0.870981362091377,0.305683478282441
"1494",0.994744300471968,0.182744114864524
"1495",0.589463719130843,0.227428001842169
"1496",0.830672140027396,0.381912851941236
"1497",0.638591091969982,0.45164328439658
"1498",0.898022227140958,0.27426415714772
"1499",0.916334182384773,0.260173439321993
"1500",0.642263396855211,0.465320956613873
"1501",0.973840753955417,0.215567552325586
"1502",0.984278835971258,0.200999403593573
"1503",0.902275318315835,0.270588333380319
"1504",0.688670892983093,0.581770666857392
"1505",0.606672237828374,0.312469117155175
"1506",0.763927776314435,0.540355623701202
"1507",0.841964638396166,0.357249833118934
"1508",0.920328353075078,0.257568854671635
"1509",0.603150652079377,0.295424157566108
"1510",0.628218553881976,0.410086537455435
"1511",0.990985248272656,0.18975388292812
"1512",0.624835830122349,0.395678102305183
"1513",0.752607781701605,0.561357519777505
"1514",0.564188091515098,0.100185331251802
"1515",0.685397657313035,0.577270046505239
"1516",0.873581046862761,0.301984251031911
"1517",0.728493949828669,0.591270352132004
"1518",0.70305430425168,0.594672523508455
"1519",0.713513579398976,0.597173453007538
"1520",0.827812561323633,0.388482459388416
"1521",0.745458362038014,0.57254196901226
"1522",0.820190676978906,0.406510400036856
"1523",0.781103719963343,0.502606876905981
"1524",0.707100881762221,0.596312565172054
"1525",0.774167863335344,0.518537678062131
"1526",0.909310096596833,0.265087202058264
"1527",0.58576170355652,0.208738513637845
"1528",0.561012861150084,0.0845602218170933
"1529",0.710703134251991,0.597055374488126
"1530",0.567759039597819,0.117922728388971
"1531",0.550352217427571,0.0334323507571565
"1532",0.933974746952648,0.249137537390879
"1533",0.777022203967208,0.512077500287706
"1534",0.635635101509164,0.440226965253342
"1535",0.881474728650763,0.291677958501549
"1536",0.837516280392767,0.366702396303668
"1537",0.987497964924201,0.19579746673114
"1538",0.742263313994161,0.576949690525276
"1539",0.696072470212355,0.589801655670315
"1540",0.948854591171606,0.239323808005842
"1541",0.802918639556388,0.449138519306329
"1542",0.94159892622137,0.244317622154653
"1543",0.959551676846691,0.230694130040124
"1544",0.855761669318425,0.33042720956235
"1545",0.700321637723828,0.593076124236508
"1546",0.678258168290951,0.565432635805371
"1547",0.834848033561022,0.372540960955163
"1548",0.621271204605931,0.380083906387726
"1549",0.966015614442993,0.224451989792937
"1550",0.997840899354662,0.176570055138385
"1551",0.927273614707403,0.253238662399098
"1552",0.571721398414462,0.137767401490604
"1553",0.581622867880156,0.187788328401761
"1554",0.88791142305301,0.284266178921923
"1555",0.895495371063123,0.276589307061125
"1556",0.724209862018819,0.594045803697249
"1557",0.600213716352009,0.281041140080977
"1558",0.980729402638972,0.206334034006089
"1559",0.578177330038045,0.170343191440903
"1560",0.767227044771193,0.533582665122809
"1561",0.962503800509381,0.227954441785007
"1562",0.852800207191263,0.335846486923617
"1563",0.717696580812102,0.596614652739831
"1564",0.863173602853669,0.317719558472187
"1565",0.738791523016756,0.581296222482632
"1566",0.813711274821428,0.422301864659498
"1567",0.656867242506007,0.513718553874206
"1568",0.81724175940617,0.413653794386118
"1569",0.759641349309357,0.548739703528218
"1570",0.671405630436493,0.551482233072581
"1571",0.976629686532542,0.211999814809812
"1572",0.575161391359754,0.155098003562376
"1573",0.859388070870074,0.324055311184472
"1574",0.956430861528963,0.233406419786163
"1575",0.663679718248895,0.532768258715406
"1576",0.731871514420491,0.58849952675177
"1577",0.631987686506007,0.425662862716681
"1578",0.614718249350321,0.350416468398313
"1579",0.649751976160216,0.491379442208571
"1580",0.660193209156743,0.523311434639131
"1581",0.94509570905671,0.241976630308584
"1582",0.884837717095972,0.287698066238755
"1583",0.791552310758154,0.47740643264316
"1584",0.618373739626142,0.367118048542957
"1585",0.809769845619681,0.432052045685867
"1586",0.645529722616891,0.476997044397987
"1587",0.749476500030025,0.566472274818189
"1588",0.923046664188383,0.255851582900326
"1589",0.844677697577979,0.35166770576237
"1590",0.970321482246858,0.219759524878457
"1591",0.891439199098619,0.280559712360217
"1592",0.795052428041119,0.468754751932926
"1593",0.681912260851008,0.571836912776832
"1594",0.930633794342983,0.251184793623967
"1595",0.72114751331124,0.59550660301776
"1596",0.734518044102239,0.585981592962573
"1597",0.824098883341532,0.397179796812685
"1598",0.798954941992881,0.459040524259212
"1599",0.905122190357186,0.2682813929798
"1600",0.78871692158177,0.484352851437662
"1601",0.55371863793151,0.049324317870005
"1602",0.134186365433852,-0.544961481937776
"1603",0.300048387210118,-0.283172619701182
"1604",0.784925066723954,0.49352754288664
"1605",0.508569101625821,-0.134177282141176
"1606",0.296474661167362,-0.28872097840822
"1607",0.393855556311202,-0.247694449807338
"1608",0.952255636482267,0.236773023238538
"1609",0.198390754706226,-0.502661015893386
"1610",0.54659418540867,0.0160128845714903
"1611",0.321617625631508,-0.256972590454015
"1612",0.164459725907655,-0.546790569063869
"1613",0.381038027420174,-0.243807318865832
"1614",0.313034707403276,-0.265871643709493
"1615",0.00659706552245188,-0.194895348553173
"1616",0.355662550557754,-0.240710302100847
"1617",0.266471987165394,-0.346870163895689
"1618",0.504346679697744,-0.147308003158144
"1619",0.364231673766393,-0.240698120195758
"1620",0.32567134547059,-0.253474801145604
"1621",0.15989341598202,-0.549252591981201
"1622",0.525716965256492,-0.0730776693326409
"1623",0.309472167438013,-0.270162040831804
"1624",0.368531399900443,-0.241154429299166
"1625",0.189861335047404,-0.517530504608751
"1626",0.104121050541173,-0.500041145519607
"1627",0.866904426811729,0.311794503817718
"1628",0.48328201685322,-0.20083627448306
"1629",0.653185023969854,0.502461676059388
"1630",0.385437839827733,-0.245068782214354
"1631",0.236621298827115,-0.417565390591211
"1632",0.500411406323663,-0.158832624154334
"1633",0.304161250010366,-0.277201243402586
"1634",0.181311627768562,-0.530101495549029
"1635",0.338613067046273,-0.245255520104561
"1636",0.223988018560922,-0.447831502514373
"1637",0.692735610847827,0.586548633985486
"1638",0.512813619582448,-0.120194015033849
"1639",0.756329176479252,0.554867658135467
"1640",0.108915338480729,-0.509944204682146
"1641",0.20725643763179,-0.485131650505082
"1642",0.232259446226177,-0.42812061899782
"1643",0.444530250047799,-0.249315184500978
"1644",0.287686458169599,-0.303726668855378
"1645",0.610714015469886,0.331720025477839
"1646",0.112606926384149,-0.516894743076088
"1647",0.100090476784972,-0.490980025515926
"1648",0.415109927019454,-0.25332484024368
"1649",0.432145292581758,-0.253523244749543
"1650",0.0915437701120973,-0.469691360976296
"1651",0.848754358377191,0.34355555376636
"1652",0.172736163898837,-0.540029296296673
"1653",0.227504708737833,-0.439516716078785
"1654",0.0192697819637833,-0.233364093979194
"1655",0.28331588582031,-0.31186900614489
"1656",0.487115031469031,-0.192593295539901
"1657",0.240810647873208,-0.407388037471871
"1658",0.125972224609926,-0.536877630350487
"1659",0.530348916853662,-0.0545792973134944
"1660",0.542588679781416,-0.00214214070608301
"1661",0.121494143646793,-0.531109312908346
"1662",0.168588678192929,-0.543778897493572
"1663",0.406670264357817,-0.2515064257589
"1664",0.596473326667561,0.262535819746576
"1665",0.453389209700166,-0.243368935232922
"1666",0.0446088677068474,-0.31910016405707
"1667",0.0407540644189576,-0.305674840248493
"1668",0.317672734130756,-0.260810153076381
"1669",0.0664544337469852,-0.394056577696432
"1670",0.329804377703578,-0.250368489234557
"1671",0.291607411127654,-0.296798918319817
"1672",0.215885702658677,-0.466450040161627
"1673",0.116803912581061,-0.52405882269343
"1674",0.423608443385107,-0.254135711714381
"1675",0.937833527901792,0.246735151441659
"1676",0.249309800422052,-0.386814528622799
"1677",0.130183332258952,-0.541428680689241
"1678",0.0786442522538127,-0.432882499230273
"1679",0.0323789010803448,-0.276793618329522
"1680",0.436278187859571,-0.252598259628579
"1681",0.347127643862856,-0.242160398075211
"1682",0.491521711486625,-0.18229400704091
"1683",0.457995416872902,-0.239175223291836
"1684",0.279496587319649,-0.319326731855181
"1685",0.0150243590242462,-0.220015449961541
"1686",0.262131242332864,-0.356660580584517
"1687",0.372899796084617,-0.241883353377704
"1688",0.0534027924722759,-0.349708745514434
"1689",0.538855103456066,-0.0186470111946889
"1690",0.0959934021843364,-0.481113915199902
"1691",0.270447689662105,-0.338148355345271
"1692",0.25380782682891,-0.376068285265297
"1693",0.0493452488090843,-0.335612479682763
"1694",0.0275294960363535,-0.260403523413608
"1695",0.138248875125777,-0.547751788050447
"1696",0.806336253448855,0.440601795591731
"1697",0.398384369921638,-0.249118525412869
"1698",0.244819388218108,-0.397656742973912
"1699",0.15103286857449,-0.551321861748651
"1700",0.0830844294599956,-0.446121719901521
"1701",0.211281328909914,-0.476591279002733
"1702",0.14260572936188,-0.549853665425089
"1703",0.495732916548615,-0.171626770264208
"1704",0.427749024894903,-0.25404133144712
"1705",0.00231283638731111,-0.18293107509253
"1706",0.343424831336597,-0.243293040034108
"1707",0.521488589776331,-0.0892549467718735
"1708",0.0573010426990222,-0.363152942003133
"1709",0.202722958920174,-0.494333540559523
"1710",0.377266714159399,-0.242837085105754
"1711",0.474315411367454,-0.217553600510881
"1712",0.0740063898881199,-0.418499856220461
"1713",0.17725152689917,-0.535155548752123
"1714",0.219857642682269,-0.457430510884656
"1715",0.465862303706701,-0.230118844245877
"1716",0.410651031948044,-0.252464978289748
"1717",0.440200042143231,-0.251289520168714
"1718",0.147465542053687,-0.551115525926275
"1719",0.674617600262631,0.558334707911087
"1720",0.0620210355811287,-0.379229763627218
"1721",0.0107963202766841,-0.207166075896891
"1722",0.389734084691736,-0.246389548895456
"1723",0.185429298581439,-0.524360644810452
"1724",0.0873220170218265,-0.458216554491062
"1725",0.0363875191794941,-0.290547722734499
"1726",0.534445165314828,-0.0375792439780495
"1727",0.912662164319772,0.262680727978881
"1728",0.023638068529428,-0.247507074403146
"1729",0.070226488860324,-0.406408922414676
"1730",0.155565329793375,-0.550717621988872
"1731",0.274996343758539,-0.328495829464045
"1732",0.470377624220331,-0.223783675180485
"1733",0.419358420977718,-0.253882902171108
"1734",0.334941555419122,-0.247142007443937
"1735",0.402183702934883,-0.250263579532344
"1736",0.351615753914462,-0.241204389265312
"1737",0.19354347039538,-0.511375986668015
"1738",0.257705320523004,-0.366889949710065
"1739",0.449336077619344,-0.246422393432926
"1740",0.360291936752968,-0.240540096696625
"1741",0.461613432080718,-0.235315026968878
"1742",0.517034874449484,-0.105526808711419
"1743",0.478875283479225,-0.209497363250644
"1744",0.811962598902988,0.426617139132534
"1745",0.698378408168443,0.591698810951464
"1746",0.797330783107085,0.463089813185401
"1747",0.705294629456243,0.595686630270093
"1748",0.605155753655476,0.305157966236795
"1749",0.768573884522892,0.530743834222839
"1750",0.619745777731878,0.373289040844237
"1751",0.78287060773035,0.498432000548374
"1752",0.818778694139794,0.409920681884859
"1753",0.889666191488737,0.282392167974177
"1754",0.562705046236049,0.0928685525289895
"1755",0.861011468550307,0.32129848492873
"1756",0.954137157860445,0.235290456867658
"1757",0.982016249962035,0.204447270398055
"1758",0.626704527522437,0.40368628545292
"1759",0.555577391913626,0.0582054558630101
"1760",0.875939834496472,0.298759810285713
"1761",0.961107545978739,0.229272373000696
"1762",0.576767753190594,0.16321356723151
"1763",0.726415446480387,0.592721886247762
"1764",0.633852640467696,0.433174016170368
"1765",0.747334541394259,0.56977896961825
"1766",0.761665233690874,0.54484227250855
"1767",0.968143470878829,0.222190534527508
"1768",0.712012250377913,0.597160253346568
"1769",0.846783461891348,0.347435249544192
"1770",0.932411101143341,0.250097861911791
"1771",0.754023388933856,0.558939955613292
"1772",0.918058922040043,0.259035036111497
"1773",0.910518971341196,0.264205109487411
"1774",0.85424573053827,0.333177298066738
"1775",0.946877040481195,0.240739128490659
"1776",0.640878323991201,0.460229371234527
"1777",0.882650418919045,0.290259361788784
"1778",0.832653726895573,0.377431335095266
"1779",0.825517559180735,0.39383653464939
"1780",0.804416741261142,0.44539472427007
"1781",0.733356103616417,0.587123960846496
"1782",0.79018520947441,0.48076369914407
"1783",0.868845817398396,0.308837211042188
"1784",0.655143067823374,0.50852986874102
"1785",0.669416026050691,0.546962405647686
"1786",0.590575403356343,0.233024683641679
"1787",0.69092940119619,0.584536263837047
"1788",0.740376133852638,0.579370934929793
"1789",0.903549901900813,0.269541065508418
"1790",0.839614214977133,0.362199255464213
"1791",0.939870103138615,0.245438867311118
"1792",0.56953442652768,0.126795924861148
"1793",0.996416966051445,0.179454677553158
"1794",0.6765283305638,0.562149001350652
"1795",0.719267275643302,0.596181909346269
"1796",0.583995284297387,0.199801156691001
"1797",0.896797904628445,0.275377036626994
"1798",0.989334246996092,0.192669167025851
"1799",0.683596825815155,0.57454533448255
"1800",0.612659495925414,0.34085345549502
"1801",0.662255687767523,0.528980577532201
"1802",0.548720981101156,0.0258275187430749
"1803",0.598318824536051,0.271690315038097
"1804",0.975325397812296,0.21369625572629
"1805",0.775991189049324,0.51442752105893
"1806",0.647828338820953,0.484928186677762
"1807",0.925323077722918,0.254437951239382
"1808",0.311023488017265,-0.268250916810206
"1809",0.149091104821186,-0.551284666850608
"1810",0.438053835554398,-0.252059891936928
"1811",0.413243062730529,-0.2529958306919
"1812",0.395886427205871,-0.248337591832858
"1813",0.140008981991909,-0.548711758967002
"1814",0.489303617745638,-0.18758839032347
"1815",0.446713814440533,-0.248095562524825
"1816",0.183296762749786,-0.527409031505276
"1817",0.498203294737847,-0.164994440319312
"1818",0.0980469677763758,-0.486139599732284
"1819",0.242756673397264,-0.402660552401672
"1820",0.0299193207360804,-0.268441463737171
"1821",0.277226732781506,-0.323901827376192
"1822",0.387607462814427,-0.245727778051097
"1823",0.480703858495341,-0.206008700814536
"1824",0.302156124426634,-0.28005641155543
"1825",0.455370661409222,-0.241661610852109
"1826",0.327899260856211,-0.251743085358211
"1827",0.0554719387041405,-0.356860035845558
"1828",0.200388225772767,-0.49888130536079
"1829",0.191992563492153,-0.514019295670899
"1830",0.209264544400386,-0.480911440462265
"1831",0.353707138719154,-0.240907062393098
"1832",0.114957966720103,-0.521006002530597
"1833",0.217629634786397,-0.462518129186
"1834",0.166143011077074,-0.545651359312284
"1835",0.0465469748731703,-0.325859150599762
"1836",0.106416482952773,-0.504903783274513
"1837",0.294144059383078,-0.292515234174054
"1838",0.123918514011311,-0.534350221168345
"1839",0.1323652821125,-0.543450581466766
"1840",0.234771014442202,-0.422051029206394
"1841",0.421775710982736,-0.254067365663875
"1842",0.175438241465483,-0.537209449361427
"1843",0.345345831362996,-0.24266552060488
"1844",0.0720412161789136,-0.41225219646215
"1845",0.532283806504332,-0.0466219346491207
"1846",0.285035806878586,-0.308613510689691
"1847",0.0130628201494692,-0.213995694707413
"1848",0.319608999947202,-0.258872930664183
"1849",0.268413724106969,-0.342579140070278
"1850",0.463936471374007,-0.232564445408231
"1851",0.0813156845613848,-0.440914123825773
"1852",0.404027409804985,-0.250791642922277
"1853",0.472260089813848,-0.220888461458164
"1854",0.0215796585259959,-0.240795028791231
"1855",0.336707944427617,-0.246191504617031
"1856",0.370933351297164,-0.241524751043231
"1857",0.429689917170326,-0.253868630648528
"1858",0.379236441883142,-0.24332892669093
"1859",0.523680506383302,-0.0809555779881372
"1860",0.0642739291472826,-0.386802015927061
"1861",0.0384844039144227,-0.297797216087026
"1862",0.3620621586981,-0.240578416357849
"1863",0.0899751553431852,-0.465497793603147
"1864",0.225964241391863,-0.443172981350132
"1865",0.251274957879214,-0.382102342016162
"1866",0.00472669928113464,-0.189600313611402
"1867",0.514783685647999,-0.11344189564597
"1868",0.506755789356073,-0.13991245960725
"1869",0.54078205641557,-0.0101809748765725
"1870",0.259853667874006,-0.36189626572972
"1871",0.157746828447212,-0.550086364517303
"1872",0.566287521840422,0.110594430543284
"1873",0.978864628228708,0.208975111384855
"1874",0.665759921833873,0.538113596608521
"1875",0.864666043577017,0.315311244339861
"1876",0.708786779575981,0.596743595840949
"1877",0.822123243260547,0.401875496676487
"1878",0.992668326222803,0.186680006420864
"1879",0.879374143928639,0.294286670399289
"1880",0.651165692158393,0.496010628477258
"1881",0.63727117167809,0.446589468027698
"1882",0.552255774263991,0.0423868816434046
"1883",0.964720527493744,0.225775918096518
"1884",0.750678658093209,0.564547320071165
"1885",0.623039056055946,0.387868663173536
"1886",0.594203079597908,0.251217695295107
"1887",0.694939405279816,0.588764538780232
"1888",0.850871027700254,0.33947898453127
"1889",0.680096340934979,0.568744716467389
"1890",0.79399391903542,0.471378684438685
"1891",0.765171600924223,0.537833365473529
"1892",0.736654977643513,0.583732554526849
"1893",0.580304155781283,0.181109899797677
"1894",0.921878496260731,0.256585048039323
"1895",0.950411754045985,0.238175386886259
"1896",0.935692267052946,0.248075243979074
"1897",0.808364259848371,0.435547187841412
"1898",0.722981013725512,0.594685187353972
"1899",0.779252381376107,0.506934295922088
"1900",0.907028776405728,0.266799370760881
"1901",0.60891020848474,0.3231726603743
"1902",0.893185610852321,0.278813176190802
"1903",0.836254359928658,0.369448516129313
"1904",0.502160635623499,-0.153795515505008
"1905",0.332031098934356,-0.248884629833864
"1906",0.281363933785469,-0.315641911107948
"1907",0.196401405336568,-0.506318293651398
"1908",0.536236079355702,-0.0299670042736098
"1909",0.468060710676364,-0.227140816209229
"1910",0.0939021310628159,-0.475834440880196
"1911",0.434489092984586,-0.253053586237625
"1912",0.0427460937800352,-0.312607572991221
"1913",0.485308373516775,-0.196561214991787
"1914",0.315072489939164,-0.263574605051984
"1915",0.38338917148672,-0.24446690943384
"1916",0.417071586992708,-0.253617342001959
"1917",0.213328528105747,-0.472127745782716
"1918",0.400202610125416,-0.249674637224178
"1919",0.298251180474297,-0.285921608669168
"1920",0.0766317241820507,-0.426706818750207
"1921",0.0599827470628079,-0.372319187282858
"1922",0.247405539133237,-0.391401600179856
"1923",0.366029960670508,-0.240854909155103
"1924",0.00854368115682155,-0.200519517506114
"1925",0.451180415397044,-0.245104771736718
"1926",0.144755028983578,-0.550552001495955
"1927",0.179151533860015,-0.532867547642641
"1928",0.110880943963304,-0.513719566126578
"1929",0.349331372237066,-0.24163551003287
"1930",0.127901222230983,-0.539068110700552
"1931",0.230423921170295,-0.432537183513729
"1932",0.519183891886612,-0.0977756435126445
"1933",0.0259047825298039,-0.254988252330212
"1934",0.162139783590334,-0.548157332739726
"1935",0.264152743031387,-0.352068807459838
"1936",0.729745899904985,0.590302159892448
"1937",0.985586414102465,0.19892908183958
"1938",0.872398325491813,0.3036482105516
"1939",0.957627758222865,0.232387388532989
"1940",0.701718711468391,0.593941829186389
"1941",0.758211148387869,0.551424857446927
"1942",0.900381876796717,0.272189372398422
"1943",0.616220550196245,0.357324841178391
"1944",0.786789116633823,0.489035646949192
"1945",0.843256659639184,0.354573651868136
"1946",0.644300096787163,0.472656769804883
"1947",0.587020237678196,0.215099696116385
"1948",0.559020452640019,0.0748377613474496
"1949",0.672757976260385,0.554434423986583
"1950",0.928523689782829,0.252473668377745
"1951",0.815080859372625,0.418935934008544
"1952",0.187695123169804,-0.520950383412732
"1953",0.0173551376315299,-0.227292106912795
"1954",0.527905698758201,-0.0644353084887369
"1955",0.0510243589617312,-0.341454996569968
"1956",0.459952995789121,-0.237149908857623
"1957",0.391579090593732,-0.246971763666518
"1958",0.289799738246133,-0.299947297838585
"1959",0.119086423893343,-0.52761748941145
"1960",0.493860780941788,-0.176468540332809
"1961",0.221589962652186,-0.453429237421973
"1962",0.255569844969315,-0.371901294462999
"1963",0.153315842723241,-0.551137732737334
"1964",0.323847007802455,-0.254993272795242
"1965",0.0853317747672554,-0.452605099045852
"1966",0.42559576422011,-0.254135141911665
"1967",0.357721464488888,-0.240584719173765
"1968",0.971567924636067,0.218313040069344
"1969",0.743870640974026,0.574779986876722
"1970",0.573111661259551,0.144762107110088
"1971",0.630475801153225,0.41947736317159
"1972",0.687427855990478,0.580130177436707
"1973",0.857855909458594,0.326711629118147
"1974",0.800735546374111,0.454594345363305
"1975",0.914623172431136,0.261326527505874
"1976",0.374985465798527,-0.242313484839597
"1977",0.3067921960362,-0.273618560311564
"1978",0.0340513171395287,-0.28251282163668
"1979",0.102283938015578,-0.495992486518922
"1980",0.442951493440312,-0.250101999225396
"1981",0.510778971792315,-0.1269939784496
"1982",0.238938323337585,-0.411938219222316
"1983",0.170864390976611,-0.541809629399439
"1984",0.9432489047501,0.243226358144689
"1985",0.715724095775513,0.596986533770038
"1986",0.82948857878102,0.384617776432579
"1987",0.601513899030047,0.287425886705217
"1988",0.0684694956970634,-0.400688342461703
"1989",0.476840557696414,-0.213205073719479
"1990",0.204746364944614,-0.490284746902318
"1991",0.340628316562274,-0.244364450039569
"1992",0.886261934516602,0.286083898026734
"1993",0.658898301205714,0.519642307024596
"1994",0.408547556499601,-0.251978056777189
"1995",0.136259461744106,-0.546485560169161
"1996",0.77213353070314,0.523050235935775
"1997",0.272832210241351,-0.333042428201366
"1998",0.99982501388446,0.172419355088911
"1999",0.000274387895711698,-0.177449093370126
"2000",0.544637162749888,0.00708706411545449
