"","x.1","x.2","x.3","x.4","x.5","x.6","x.7","x.8","y","yp","yv","ysd"
"1",0.403583241980523,0.395903433754574,0.391115945210913,0.357759328857064,0.446216399671976,0.562817059156951,0.420338276043767,0.685238935530651,64.164455466893,64.1744603060501,0.0108626392169592,0.104223985804416
"2",0.668791524537373,0.439744250486838,0.493311947385082,0.265084830118576,0.48693658429198,0.310855523963692,0.691526433243416,0.434972896401305,73.1326751082625,73.1150951893721,0.0110474845968014,0.10510701497427
"3",0.707462847469142,0.65576501655858,0.60806316220318,0.56748779762187,0.531682567106327,0.406608756065834,0.803614282112103,0.619993105176836,81.8092580160092,81.8521649795914,0.0113175987708379,0.106384203577589
"4",0.530116524669575,0.724444203183521,0.753053499514935,0.658382727173157,0.461675686727976,0.530325864371844,0.265305068568559,0.516975527693285,84.6777641982057,84.698097539517,0.0117408256838043,0.108355090714762
"5",0.377926953820279,0.377891634961124,0.460499617694877,0.665908167394809,0.674692803921644,0.475735416025855,0.361343963582767,0.188399519872619,68.5848893487596,68.594545638045,0.0117794241011563,0.108533055338714
"6",0.462727238978259,0.483649897740688,0.59444040051545,0.69177955445135,0.30406085251132,0.487988580341917,0.78721192246303,0.640338248604676,68.8052924033691,68.7897417159344,0.0115976799905154,0.10769252523047
"7",0.593646708081942,0.257133547340054,0.54694111065357,0.37266507464461,0.265831073467853,0.51187354112626,0.613653902226361,0.502764473926509,68.9548550301307,68.9466065189437,0.0116104362812209,0.107751734469664
"8",0.439445420712,0.310253402594244,0.364347215516027,0.157023937948979,0.364454651018605,0.210856301295571,0.487924529755255,0.416330337167019,65.2068605253863,65.2075185025136,0.0118017634482327,0.108635921537182
"9",0.237458023184445,0.302754521280294,0.715708084219368,0.392174405039987,0.457640952529619,0.238696058428613,0.208039355073124,0.390363986915909,65.3947943952379,65.3829883376647,0.011989982195561,0.109498777141852
"10",0.527489623560105,0.623612959691091,0.185542229179991,0.611413783818716,0.539886856487719,0.416903749770718,0.604317766164895,0.47046240274678,74.7999256813233,74.8236898285534,0.0115388576643463,0.107419074955737
"11",0.415231414521113,0.382825901403557,0.74056599735166,0.105964687024243,0.5943695669726,0.471017136159353,0.403990000778576,0.323305495241657,56.3421356284919,56.3301798217736,0.0119308660343494,0.109228503763209
"12",0.43036385685089,0.715789899245137,0.44176921019447,0.538001957846573,0.620473951679887,0.63216252181679,0.366166675857967,0.294390372034395,65.2259846386466,65.2049801141308,0.0116767037655926,0.108058797724168
"13",0.647483025541296,0.645436461323407,0.300130864314269,0.289088544808328,0.563008095236728,0.299022514380049,0.876334452871233,0.724149944542442,72.2600494834661,72.2535037723421,0.0120028960263495,0.10955772919493
"14",0.348569232386071,0.616828691610135,0.525964647835353,0.508331257030368,0.783941268493654,0.795728934090585,0.186906139280181,0.714420390869491,65.453583487799,65.4567162601432,0.0119595262197595,0.10935961878024
"15",0.45620401482447,0.543581849446055,0.367974524060264,0.167275375688914,0.861862329905853,0.446457611771766,0.659395883168327,0.696228957568528,59.1974302244508,59.2017731935926,0.0120163113441995,0.109618936978058
"16",0.314561915791128,0.673370609068079,0.146520324678859,0.722464276409009,0.484203089398798,0.762600957194809,0.455215366426855,0.66763312199153,62.4094208807507,62.4130766827797,0.0119011028204976,0.109092175798714
"17",0.484696805722779,0.827674778716173,0.634515270518605,0.340407066650223,0.306879573318874,0.670781740206294,0.516088217784418,0.612240730357589,61.3884351180858,61.3807674289088,0.0115899176793851,0.107656479969322
"18",0.166049671298824,0.308284242618829,0.437361912896158,0.297457462375751,0.745088374641491,0.792959128972143,0.769906545149861,0.47570887719281,36.0773330472939,36.0761536563607,0.0120288406777417,0.109676071582372
"19",0.711432475727051,0.453833598082419,0.298486919278512,0.56331752907834,0.23551895951503,0.388354504535673,0.140535531897331,0.278819617946865,100.709378793557,100.721948770483,0.0120595499172085,0.109815982066403
"20",0.575599536251975,0.225402591007296,0.617512342677219,0.674318974395283,0.681252981167054,0.0743598271650262,0.639432081785053,0.251769860754721,84.7878025455748,84.8056676645927,0.0119733199425441,0.109422666493484
"21",0.205771397664212,0.791876998413354,0.275187042967882,0.310016919297632,0.356085257628001,0.668157676857663,0.433142080407124,0.409184338031337,45.8588492217365,45.8408408854834,0.0118837098761758,0.109012429915931
"22",0.275648231455125,0.180561885450734,0.489226416905876,0.74705085593625,0.434174726426136,0.30865633016685,0.679117929186905,0.580542794500943,64.9619865066993,64.9568707301985,0.0116827246602297,0.108086653478724
"23",0.620577571196482,0.701042747066822,0.480558079760522,0.256613534815842,0.600799799099332,0.628605533685768,0.153378452049801,0.637580028413795,78.7944176399569,78.7726087984066,0.0119735500428962,0.109423717917535
"24",0.917025268367724,0.598873786906479,0.557924727218924,0.518590475561796,0.558022492843447,0.584569904285017,0.301908937070984,0.35843057134538,108.88249580749,108.908203669432,0.0121002695062795,0.110001225021722
"25",0.701165267165052,0.67592931775027,0.745837187936995,0.200267500999616,0.735255165389972,0.499929980703164,0.469633316794643,0.411020698294742,72.7782683543135,72.7453732502481,0.0116683541534432,0.108020156236895
"26",0.305455588961486,0.525426554774167,0.652346482658759,0.779998376845615,0.327643132084049,0.537042115048971,0.42929412441561,0.296741420946782,64.9334899222741,64.9410955664616,0.0118695017168626,0.108947242814413
"27",0.427408253363101,0.504915288597113,0.475114481268683,0.263639238700271,0.0763015495031141,0.8323622565798,0.252904590516118,0.796976006494369,59.9303494177439,59.928914972324,0.0119292261749954,0.109220996951114
"28",0.728384944306454,0.491477506202646,0.95275562264258,0.686673736769008,0.443745005414821,0.659581426040968,0.242553790773964,0.304095698989695,92.5782551359404,92.5669247991929,0.0120453705886178,0.109751403583817
"29",0.188794276576955,0.85888125449419,0.205082473865477,0.662987807925092,0.351793608267326,0.663236040696502,0.779582391305594,0.865036092839437,50.3368320441229,50.334647686535,0.012157069043357,0.110259099594351
"30",0.519470378689002,0.406053624090273,0.322629417562857,0.8444208061893,0.725470654057572,0.0316473604284693,0.444538877627347,0.733668341432931,103.129490939991,103.120195052172,0.0121272334176798,0.110123718688027
"31",0.670840025682701,0.533222380622756,0.602280616384232,0.695579651319422,0.384152828195365,0.443803579134401,0.50739240358118,0.719809340380598,93.5134653648517,93.5274442273238,0.0116366539011307,0.107873323398933
"32",0.853752315827878,0.732164461836219,0.286718096211553,0.114443353686947,0.708928218849469,0.526505691963248,0.419143722241279,0.0943948315829039,76.4723045978454,76.4456896611858,0.0121323494137206,0.110146944640878
"33",0.685423477862496,0.434068840246182,0.700231265359325,0.0856547278387006,0.723835968938656,0.0586903248750605,0.126178713893751,0.150853720793966,91.1653849171493,91.1668710289479,0.0122108476586571,0.110502704304723
"34",0.351577147471253,0.689661100019002,0.388075584084727,0.580242292259354,0.529253925184021,0.158215225823224,0.176045347403269,0.397748180171475,82.5662621800392,82.5793929437108,0.0119205457326889,0.109181251745384
"35",0.801397183960071,0.273087629858637,0.078987530018203,0.809880481131841,0.0827428513788618,0.176994157064473,0.810340093261329,0.780997297181748,108.509223083134,108.502952455929,0.0120878150386469,0.109944599861234
"36",0.744915471461136,0.636721453644568,0.660451709841145,0.49384200597764,0.100471854216885,0.901226027559023,0.739016134607373,0.178049619587837,61.57361800533,61.5631529626667,0.0122049332313702,0.110475939603926
"37",0.587367286881199,0.499419963238761,0.468114501670934,0.364748317286139,0.478074936830671,0.304231725244317,0.794583835079102,0.163139413715107,65.1150183491301,65.0929240042358,0.0116985407397133,0.108159792620517
"38",0.486005529555259,0.322026862403145,0.143715755386511,0.408051156282891,0.596940047745593,0.696325587661704,0.264943332177354,0.468292421674123,67.7620354788466,67.7650611420771,0.011924706428801,0.109200304160753
"39",0.191609842001926,0.282915932198521,0.709190920110559,0.52017187990481,0.804448717342457,0.46521535155829,0.700482269903878,0.140401930346852,46.0888121633155,46.0786600686645,0.0120087396365571,0.109584395041252
"40",0.997144724504324,0.248014392690966,0.381326804993441,0.234765803514747,0.698002515628468,0.343817099300213,0.238066838643281,0.246782806566916,149.964704103797,149.9360501389,0.0122530330325728,0.110693419102369
"41",0.908668545628898,0.64233950015856,0.671549341618083,0.868860680548241,0.142581062440295,0.32162411430967,0.629829474956496,0.0709660948184319,111.429352025089,111.413451148698,0.0122269019279821,0.110575322418621
"42",0.321519041203428,0.366450206571026,0.690596598206321,0.137563746748492,0.335362327594776,0.380188077762723,0.754126004782738,0.814325419542147,52.7134354166259,52.7112363380265,0.0121662591309885,0.110300766683593
"43",0.498971701576374,0.7357480319764,0.552033294992289,0.0815263249864802,0.398873493513092,0.688043931743596,0.180861130409176,0.220022965503158,57.4033620723677,57.4167167009581,0.0121177537167932,0.11008066913311
"44",0.356018325043842,0.166449201756623,0.00390435513923876,0.47510148446192,0.154444303277414,0.621827839594334,0.549550913247513,0.762726069604978,60.7965243488512,60.7947525640703,0.0120109520928531,0.109594489336158
"45",0.22188823381206,0.741230700706365,0.347206141224597,0.857143972425256,0.225492622792954,0.168362322890898,0.72357241588179,0.595220317384228,65.4741394260505,65.4740679066406,0.0121435395166243,0.110197729180888
"46",0.745597432140494,0.985679355204338,0.611185485994211,0.682239066221518,0.629295915317489,0.355399011725094,0.132336984674912,0.508677268916508,115.590224159009,115.561822229191,0.0120474375716525,0.10976081983865
"47",0.813988763613161,0.591819253000431,0.191565697938204,0.729374099008273,0.401463721726323,0.220382042434067,0.482924289901275,0.172736193377059,105.707483760377,105.716946542022,0.0120823342025467,0.109919671590424
"48",0.440898842721945,0.847359141156776,0.59919326379546,0.290868013189174,0.0709154947800562,0.276488469976466,0.376900163523387,0.571356786068063,72.3586078099106,72.3545472298415,0.0121089351035557,0.110040606612085
"49",0.475039636418223,0.171561940793181,0.813136765800882,0.272664932843763,0.585815768203465,0.113805709101725,0.616036905572983,0.373525654466357,69.0741212040662,69.0666645925842,0.012079084338685,0.109904887692427
"50",0.786652443867642,0.236894558642525,0.804143045485253,0.401806966258446,0.714014620736707,0.558489433443174,0.0618047966738231,0.623989719096571,104.883584473526,104.889571784075,0.0121562542050194,0.110255404425449
"51",0.17890461487812,0.457102509579854,0.256743357742671,0.598837911773007,0.273369174450636,0.709027095647762,0.598376711634919,0.137057155696675,43.8250288234825,43.8338938882145,0.0121057168404538,0.110025982569817
"52",0.286279927804135,0.660747221626807,0.108755203454057,0.0625724508974236,0.333553936291719,0.260320435349131,0.559528058771975,0.240733552761376,49.837456194138,49.8277085827628,0.0121613664933776,0.110278585833232
"53",0.523283728811657,0.220710705646779,0.929360752319917,0.839007065761834,0.115738814012147,0.944376390536781,0.461353513963986,0.230376971247606,66.3927801437693,66.3950180902841,0.0121587980014917,0.110266939748465
"54",0.582874188444112,0.288832944829483,0.359536564323353,0.44618514584261,0.544521239275346,0.769648365589092,0.582121878184844,0.858074499171926,68.1436504706174,68.1562364899473,0.0120166089434421,0.109620294395892
"55",0.818784724256257,0.217552929745289,0.311340573397465,0.461768957619788,0.902268171102041,0.281745243899059,0.731917551386869,0.200097477363888,86.3925293546597,86.3706105880997,0.0121209191428637,0.110095045950595
"56",0.0447089187230449,0.752961985389702,0.210289031210123,0.224591922500404,0.422954220697284,0.218575051524676,0.503322606642032,0.861688269736478,40.115352833795,40.1109959108656,0.0122364258854576,0.110618379510177
"57",0.551163319920888,0.66789296252653,0.215095084556378,0.770591922174208,0.20998636633507,0.505432484347839,0.287239313535392,0.684314743845025,92.784262816853,92.7885729745792,0.0120470573656488,0.109759087849931
"58",0.50954675004934,0.389097555066692,0.376906150934519,0.410406522213016,0.417874858654104,0.24451671549934,0.165696813859977,0.738048363125417,92.3012270170276,92.300175546627,0.0120679904775539,0.109854405817672
"59",0.566119856168516,0.565638932774309,0.640865150854224,0.59008246333804,0.221963828331791,0.0869994930946268,0.395394157943083,0.206053588957293,88.6998387745103,88.6857280993682,0.0121172318507554,0.110078298727567
"60",0.257233413408976,0.401917582021561,0.897521436085226,0.385340430319775,0.826293019368313,0.971841578462627,0.389921348607168,0.87134398334194,48.3661312447906,48.3576422208069,0.0121839637378716,0.110380993553562
"61",0.303120952917961,0.696477575853933,0.40659362426959,0.440189569342183,0.60686387642636,0.482329198184889,0.887157073965063,0.60226386223454,51.8091197553823,51.817683633639,0.0120881004035581,0.109945897620412
"62",0.453840550048044,0.390643631535349,0.0848095621273387,0.647079016852658,0.133191152131185,0.366879784448538,0.923518529757857,0.49323514233809,65.092381459309,65.1014954808216,0.0121145040490403,0.110065907750949
"63",0.859911850829376,0.214769856499042,0.271419546356192,0.23504402085091,0.569540157484589,0.374332818794064,0.670009465196636,0.692036142029101,89.6443942462476,89.6840164478988,0.0119213735291901,0.109185042607447
"64",0.107401648896048,0.876132273525,0.893393466321286,0.350988434522878,0.347514227470383,0.641938845783006,0.680647113390733,0.706130314930342,38.7517104554918,38.7565399970737,0.0121535975554029,0.11024335606014
"65",0.874691400002921,0.559391301618889,0.159640886336565,0.826546028987505,0.764344434725354,0.540188985245768,0.277108648089925,0.931622202213621,132.841212716767,132.8423740084,0.0121450165491279,0.110204430714595
"66",0.556073958178749,0.77131158627104,0.880623091731686,0.678137628448894,0.410273582105292,0.683866125087952,0.820661474514054,0.346935228215298,63.6146484294186,63.6257364174196,0.0120521405944908,0.10978224170826
"67",0.124911722753895,0.129491484018508,0.37019234741223,0.624898236470763,0.819625711631961,0.572579461970599,0.119027940463275,0.929179375553504,61.5884012060256,61.5854247283136,0.0122157485069636,0.11052487732164
"68",0.293447052768897,0.11342698354274,0.91892577141989,0.571186968204565,0.759795967030805,0.36076933682547,0.326414568410255,0.900232071105856,74.5491669477549,74.5649377843192,0.0121209675041195,0.110095265584491
"69",0.315923661049455,0.843099735123105,0.798686280527618,0.589939119957853,0.806669736551121,0.458876508837566,0.33600743973162,0.332818726601545,65.8876429839995,65.881681269956,0.0119737374671059,0.109424574329105
"70",0.111915394780226,0.579743411493255,0.934184370246949,0.913492786302231,0.473471724404953,0.61551239542081,0.874712414284004,0.808616650553886,47.5452296159534,47.5517438694852,0.0122113986992887,0.110505197612097
"71",0.628145931118634,0.0163167514500674,0.656578006980708,0.631938606306212,0.379841667179717,0.811529485483188,0.156930088950321,0.510508460965939,84.5357725976006,84.5273968732134,0.0121764687598537,0.110347037839054
"72",0.595776398982853,0.653513335324824,0.913769261311973,0.0756534592155367,0.46788724679267,0.0756785373657476,0.60800831681001,0.53536048485199,73.935959561842,73.9418375427423,0.0121379855843605,0.11017252644993
"73",0.61985860220273,0.93235936630168,0.576208314069081,0.217163067768561,0.975396263906732,0.234071142928442,0.330631498236908,0.652816011884715,85.7272545517492,85.7193429241523,0.012142715845218,0.110193991874412
"74",0.937793385945261,0.519465666256147,0.252792702522129,0.32691233569989,0.195170315095456,0.585323275891133,0.669481561242137,0.480923339436995,91.8621388045859,91.835839793406,0.0121494266929543,0.110224437820995
"75",0.340527334439103,0.888571338474285,0.789075930186082,0.783022406300297,0.690067093630787,0.874572828786913,0.568004335380392,0.899470266180579,62.5523263529506,62.5557284163758,0.0121919074054136,0.110416970640448
"76",0.721682106195949,0.883700428950833,0.038286771416897,0.45939114662935,0.908666053534253,0.432894302805653,0.350144705715356,0.267792271865765,87.2209015832691,87.2422929744928,0.0121648964224455,0.11029458927094
"77",0.126169508536113,0.244442056986736,0.669752802270232,0.556914460510015,0.322707924672868,0.61404213378788,0.0301402278360911,0.53473597188713,57.0535718218944,57.0573426227002,0.0122028941986111,0.110466710816477
"78",0.296359594039386,0.78007096981979,0.410046251531458,0.897540859999135,0.0633500839723274,0.198703464179998,0.0184841929620598,0.843811332264449,100.749968083777,100.744471357624,0.0122386917746019,0.110628620955889
"79",0.328462719938252,0.0476842936850153,0.226707883278141,0.533819792921422,0.098664583201753,0.460768706874223,0.0980577857675962,0.280574636135716,71.7080670441421,71.7081923030765,0.0121823366385296,0.110373622929256
"80",0.675962944622152,0.804926274343161,0.87419832204585,0.172315514577786,0.797527082499582,0.842595732304035,0.0732613350939937,0.402997132486198,69.8322206328615,69.8408290742887,0.012174278412786,0.110337112581334
"81",0.612601979488973,0.587109682642622,0.421331173079088,0.512215340948897,0.704108351300238,0.829810267379507,0.652925862210104,0.105294234090252,58.5892757904282,58.5876002814223,0.0120593971450215,0.109815286481534
"82",0.922870790939778,0.191778269109782,0.522449218558613,0.98223231833661,0.965931696945336,0.0917451238597278,0.574714389633154,0.389894238990964,139.600051903805,139.604733894565,0.0122312568283583,0.110595012673982
"83",0.82449714682647,0.161023690584116,0.29169940636144,0.7661526825896,0.581968018396292,0.892429805685533,0.770079351769527,0.424605322540738,79.1719891993104,79.1740648906061,0.0122172735820461,0.110531776345294
"84",0.512480878015049,0.474062861483544,0.127838181400439,0.46956865437096,0.160954737372231,0.907948878029128,0.0468707963847555,0.217027342503425,67.4687101770142,67.4692183205152,0.0121497347683581,0.110225835303517
"85",0.395528581897961,0.468687647219049,0.448306079789763,0.0988578219152987,0.823340324135497,0.137596051471774,0.529528961164178,0.32767761111143,61.099528892272,61.1105310300032,0.0120281348098658,0.109672853568537
"86",0.891159476090688,0.728166094797198,0.942582966776099,0.742458376048598,0.920266311251326,0.398639173145639,0.17417147905333,0.606728382811416,136.686138304863,136.680796372997,0.0122330177658517,0.110602973585034
"87",0.143993276342517,0.27855501638609,0.638701109410031,0.247918383245124,0.838771102542523,0.728621038668789,0.355760100588668,0.316786587777315,39.9187566214382,39.9313233532948,0.0120512075535958,0.10977799211862
"88",0.465421009857673,0.572229960025288,0.331814610066358,0.30115640249569,0.219481089976616,0.947361159104621,0.95722130605136,0.566457703997148,43.2792891723026,43.2824749024574,0.0121893272082816,0.110405286142836
"89",0.471965284902835,0.0514181238564197,0.784977349980036,0.900927548037143,0.296420035840711,0.639290871178964,0.838719727093121,0.628417701643193,69.4660166358167,69.466680575916,0.0121634759516793,0.110288149643012
"90",0.503270720973378,0.523642680388875,0.981082757188706,0.881565954108955,0.243641254649265,0.750250918873353,0.391873798063025,0.671233383809449,80.9760212280707,80.970520714059,0.0120169384736972,0.109621797438727
"91",0.392568593630567,0.634622172514209,0.0659611862560268,0.502780737928115,0.934551002902444,0.20675890039769,0.648777702117804,0.766632138383575,72.4201889115716,72.4126321857892,0.012152765857153,0.110239583894139
"92",0.973645417121006,0.713964038466802,0.73015242144349,0.18507335798,0.716834773812443,0.378181382073089,0.744525081689935,0.884699790680315,110.217217651826,110.223410746341,0.0122592351590107,0.110721430441495
"93",0.15665203513694,0.891626429901226,0.454411799297668,0.860454366168706,0.314663501895266,0.759427733798511,0.198393237120472,0.463149966426427,58.426176443784,58.4300916144567,0.0122223412760723,0.110554698118498
"94",0.199641365996795,0.423150260061957,0.621112085090717,0.87082245719037,0.766018890825799,0.730913999500917,0.0652213459461927,0.159135433498304,63.2185777424428,63.2136978288569,0.0122150578218609,0.110521752708962
"95",0.782782397972187,0.605710962500889,0.627353707671864,0.541784946469124,0.676001650098478,0.74083731356659,0.147759886017302,0.977514914833009,105.122611571258,105.135621051867,0.0121699049671872,0.110317292240098
"96",0.201887698918581,0.0851789707411081,0.908032397143543,0.45121998849092,0.522894069951726,0.863344256166602,0.7057072760968,0.335618693656288,39.4104503501914,39.4127227471083,0.012151559185192,0.110234110806011
"97",0.254463152282406,0.96848661358119,0.76242530572461,0.472075049467385,0.230364869651385,0.20472231162712,0.0377840218169149,0.211816001445986,72.5661343404836,72.5667853334015,0.0121953431041862,0.110432527382951
"98",0.633388877805555,0.103520112085389,0.0501267730514519,0.0944679733423982,0.492927778216545,0.353497567846207,0.315280448918929,0.342562575732591,73.7466396860142,73.7478871929714,0.0121876276147212,0.110397588808457
"99",0.410386839671992,0.561405840259977,0.536050223844359,0.907535124943824,0.845891230291454,0.420987649378367,0.623821204716805,0.578452694558073,76.6269047747344,76.6237644176529,0.0120132526101873,0.109604984422184
"100",0.925330331932055,0.0985659262293484,0.507145082575735,0.996850372155895,0.992843859875575,0.67896601562039,0.79814463530085,0.147783783326158,101.488573647782,101.504313913445,0.0122396341231763,0.110632879937098
"101",0.845173454111209,0.339956711891573,0.729970132582821,0.141307980001438,0.0418414295674302,0.28669672551332,0.913659990526503,0.833735023540212,82.5296128649686,82.5226972366416,0.012228998214988,0.110584801012562
"102",0.0812216403626371,0.510833725687116,0.566026229516137,0.367228556787595,0.201347506773891,0.394426758714253,0.554293521872023,0.425862926790724,40.5670846680874,40.5707522649107,0.0121144262088134,0.110065554143035
"103",0.716423557756934,0.946652752555674,0.833625024916837,0.993388271849835,0.877635550113628,0.108903734205524,0.894029791740468,0.793263679100201,105.789063096971,105.777060345245,0.0122245855217467,0.110564847586142
"104",0.104763573380187,0.976931624595309,0.495076746474951,0.333734167718794,0.895179437287152,0.867334234495647,0.815425159923034,0.675071534493472,32.3285097253818,32.3232312499909,0.012218608633796,0.110537815401771
"105",0.981099811812164,0.705907990720589,0.150210705921054,0.934558898124378,0.254762111598393,0.739401702858741,0.49333054350107,0.0396002628293354,124.093344501281,124.097243250065,0.0122509139554051,0.110683846858542
"106",0.280324938500999,0.872878862725338,0.131993039273657,0.241408737292513,0.657558610342676,0.836542290869402,0.162256813971326,0.659470252068713,52.3503390081953,52.3562733076042,0.0121466003594874,0.110211616263838
"107",0.837015755631728,0.350682603736641,0.47484376940527,0.847254093955271,0.513735996598844,0.349476859868737,0.0923076674400363,0.499955567113357,137.009820449698,136.989157775662,0.0121168330607158,0.110076487320026
"108",0.492448702485999,0.808066180974711,0.0148679186357185,0.381193077362841,0.146264728511451,0.653078773077577,0.633593408208108,0.229443592317402,56.1358350154361,56.1212588997914,0.0120699072446256,0.109863129595992
"109",0.605878998696571,0.340716669855174,0.564352865748806,0.17618212895235,0.636489909837255,0.648717883101199,0.990653057995951,0.384975351250032,50.8009159681713,50.8110763654841,0.0121442730481028,0.110201057381963
"110",0.767602138471557,0.925029986493755,0.0561531351821031,0.617309681894258,0.732289702146081,0.690828038388863,0.644274064837955,0.727723485034658,84.9488357535448,84.9167785458438,0.0120821342655038,0.109918762117774
"111",0.761966716989409,0.0202006243017968,0.269153352245921,0.705466718350071,0.0277882098034024,0.60375736320857,0.470619353277143,0.523585222169058,93.3484496496136,93.3540592216635,0.0121766976059263,0.110348074772179
"112",0.423060265618842,0.761881243874086,0.971458959758747,0.199016792024486,0.613116071093827,0.290688678972656,0.123281449348433,0.910968067374779,81.5229762363746,81.5192182298827,0.0122098442718887,0.110498164110942
"113",0.240017793469597,0.267267823672155,0.309812477777014,0.100549780951114,0.0884552896418609,0.0638082071370445,0.414634863599204,0.815399012243142,62.1700101285301,62.1752353501967,0.0122102196058136,0.110499862469659
"114",0.662262571591418,0.297336054696934,0.587457775913645,0.161218273456907,0.192306007355219,0.439503654640866,0.249534651838476,0.307137143171858,76.3391499670729,76.3536902333961,0.0120205037411685,0.109638057904947
"115",0.791848785275361,0.957304744047578,0.95928468430182,0.279445394757204,0.176747042787028,0.45309170727036,0.560528375071008,0.440287087645847,81.062728898891,81.0696632947032,0.0121795977158093,0.11036121472605
"116",0.363491620002314,0.551407412800472,0.0177803149225656,0.480346051087836,0.159624563661637,0.924862016888801,0.20379924734938,0.845522648682818,62.4056863642898,62.4055227683576,0.0120489167218591,0.109767557692877
"117",0.681637004697695,0.148076639822684,0.0618058520404156,0.495459314824548,0.187993047529599,0.960879525969503,0.902381519683404,0.986103898899164,62.6777274941696,62.6814647087018,0.0122291447450581,0.110585463534129
"118",0.54009276181343,0.0423968164937105,0.790207360930508,0.486263387398794,0.893875605176436,0.931459528809646,0.0759382263268344,0.378889414138393,70.3034589603958,70.3017482167279,0.0122136273910811,0.110515281255947
"119",0.950229349915171,0.0754573224799242,0.877575446653646,0.82423827944207,0.211430045575835,0.410799203681527,0.294160300251096,0.850725826603593,154.828148425662,154.832896833409,0.0122489849029319,0.110675132269774
"120",0.0327242351591121,0.131981976940297,0.886300888883416,0.7978700121562,0.123724987102905,0.18546753325616,0.782022297231015,0.758810426153941,41.4897264226647,41.4892524001323,0.0122543407271402,0.110699325775454
"121",0.230966792060062,0.837426700252108,0.824678996652365,0.251213829157641,0.619864927092567,0.403338956511579,0.832296877638437,0.18483360014623,42.7337602205746,42.7356092120925,0.0121466315128739,0.110211757598152
"122",0.162663609721931,0.865616413184907,0.337036227106582,0.731119393239496,0.961074907005532,0.150535932386993,0.107584295978304,0.351025314829312,71.6840124800906,71.6860625769853,0.0122256018183324,0.11056944342056
"123",0.693904268045444,0.203835174763808,0.960209252421046,0.71454478142201,0.0450790594890714,0.228558355147252,0.579126764051616,0.310218683565035,92.8928475323365,92.890076878591,0.0121941514182087,0.110427131712314
"124",0.24948077731533,0.355165095888078,0.08885696257581,0.551700014014496,0.641008895812556,0.31562449532561,0.438576079440536,0.132904206925305,58.7588108097646,58.7653498329304,0.0120705603885051,0.109866102090249
"125",0.381331934328191,0.973836102214409,0.240000858260319,0.987281011780724,0.409612410473637,0.183403841754189,0.383853621422313,0.0116589988511987,80.909518255726,80.9108728714242,0.0122214519320389,0.110550675855188
"126",0.0266712633287534,0.317808078797534,0.687108334752265,0.0160456031409558,0.647292347863549,0.850493903467432,0.980736323515885,0.122573441157583,17.0665162830802,17.0669627664268,0.0122549446109316,0.110702053327531
"127",0.899864116014214,0.535274537085788,0.645915225903736,0.0224472911597695,0.280303451855434,0.897974915833911,0.112456148932688,0.74768371312879,81.5273246866412,81.5165629732594,0.0122466187347606,0.110664442052362
"128",0.829294965012232,0.613563280387316,0.182641274945345,0.886514766818145,0.577230730506126,0.246536288923817,0.963715517123928,0.546312998286448,101.684202031892,101.692331133794,0.0121907562397431,0.110411757706066
"129",0.777702800247353,0.851580321575748,0.280981230392354,0.0568661069509108,0.980862580632092,0.806916405060329,0.477331597227603,0.585114334078971,63.3790785413133,63.3981601436556,0.0121742690220327,0.1103370700265
"130",0.337305946043925,0.0659859767346643,0.171162519120844,0.644824025580892,0.859344264802057,0.0366084589425009,0.0123163446597755,0.803585690760519,101.748740013113,101.740425295319,0.0122135220949364,0.110514804867657
"131",0.994470008165808,0.294149688734906,0.806266789142974,0.736252798077185,0.391991908604978,0.775412565879524,0.588223944167839,0.0657598297542427,122.213261998895,122.207291244011,0.0122478609051445,0.110670054238464
"132",0.00964753097388893,0.139608166094404,0.999751926249592,0.284897204732988,0.126032852969365,0.939853060650639,0.222110935488017,0.0231419992621522,20.3719897658132,20.3712685930811,0.0122618525889031,0.110733249699009
"133",0.570642145473976,0.74689743746887,0.510564151721774,0.436968471439322,0.315321404486895,0.00871087526087649,0.686709468208719,0.786620039714035,86.8807176850904,86.9008490404306,0.0121055243446517,0.110025107792048
"134",0.888781485555228,0.950418304809136,0.319431479509221,0.397581023133825,0.286615769618656,0.429655577061931,0.213616531395819,0.194657556251623,105.97881880245,105.989376345055,0.0121598515260713,0.110271716800235
"135",0.88104695558548,0.964005265699234,0.35030530032469,0.719056877734838,0.0901485589449294,0.523992793535581,0.0833287941233721,0.967819704994326,141.573585772258,141.560236670713,0.0122267226341179,0.110574511683832
"136",0.226670163339004,0.787543466128409,0.101650609285571,0.379126199117163,0.794428644417785,0.0835353768302593,0.0548041593318339,0.94643200339051,81.4886756256567,81.4883628283306,0.0122156888299556,0.11052460735038
"137",0.386859770437004,0.600294890725054,0.00778279694495723,0.956749393410282,0.840930678313598,0.783543528286973,0.99682902485365,0.369448532720562,56.2471628860494,56.2455892793401,0.0122295841922724,0.110587450428484
"138",0.755778146445518,0.680228803043719,0.857601642028894,0.545032432138687,0.972081523539964,0.515275899687549,0.826542473133886,0.436129182477016,77.6028753206602,77.6075773999526,0.012151922811147,0.110235760128676
"139",0.0627891287044622,0.941572533239378,0.32787289519445,0.892552882720483,0.453556647410151,0.724589331002207,0.844429454662604,0.00425454221316613,34.0544900389298,34.0513032492775,0.0122434431239684,0.110650093194576
"140",0.940827401357237,0.155836070079822,0.245476306695491,0.948683800634462,0.495494849161478,0.147999596220907,0.729919158661505,0.0621518476831261,123.772307436181,123.767628630454,0.0122192972849504,0.110540930360434
"141",0.0913126037921757,0.108628993653692,0.233865641721059,0.122929883524776,0.292421473079594,0.816805909547256,0.233041152155492,0.555713467919268,35.2670835739998,35.2629711006783,0.0122159491651149,0.110525785068983
"142",0.547056563250953,0.00947687561856583,0.0332324484549463,0.214741399084451,0.651108526770258,0.552328679999337,0.986746961057652,0.661094605666585,54.8616046664278,54.8531782663212,0.0121957260073674,0.110434261021512
"143",0.0657575850351714,0.446682027386269,0.199853570949053,0.529693366276333,0.344655279876897,0.0167688724293839,0.941310611112276,0.82031582282274,44.5343635259023,44.5361428308047,0.0122502990438963,0.110681069040267
"144",0.409724781280383,0.428878135655541,0.517150724149542,0.936124916323461,0.166116563398391,0.976356357829645,0.0266949157777708,0.0981025958829559,73.3106420058042,73.3087971722513,0.0122321934114691,0.110599246884729
"145",0.735581910149194,0.488527159673395,0.179670066523831,0.638771200609626,0.00646793130319566,0.0241414619539864,0.273604630407644,0.743401998750633,124.082395509496,124.06375870456,0.0121898578304427,0.110407689181699
"146",0.117542593581602,0.507752188539598,0.967194164275425,0.229705329585122,0.995898814592511,0.339889359957306,0.498994602451567,0.561232554955641,44.8455076701692,44.8468858981397,0.0121732880556792,0.110332624620641
"147",0.449773393868236,0.902204165452858,0.20095748658292,0.125517394717317,0.138930354887852,0.591623889687471,0.660892361913575,0.82740458706161,54.9148549969167,54.9165707447525,0.0121463153112102,0.110210323070075
"148",0.0985497547429986,0.325278488098411,0.769947353289463,0.960111426070798,0.0190113280899823,0.268072409905726,0.53727109694737,0.0317951583163813,51.0842961766825,51.0824294478525,0.0122391996195389,0.110630916201299
"149",0.145203903042711,0.179625007763971,0.395600177770248,0.701118263743119,0.833038673524279,0.846834650300443,0.543650929782307,0.649696208303794,46.4653920273511,46.4684108799109,0.0121774582705601,0.110351521378548
"150",0.636524122728733,0.262112451437861,0.677173530516447,0.625495874234475,0.789510944387876,0.0486829750298057,0.976770378178917,0.919189444471849,89.3636851593637,89.3601477379668,0.0122092102840292,0.110495295302692
"151",0.0727593631914351,0.0601275046321098,0.433787534565199,0.786362063792767,0.174982892989647,0.912251279084012,0.862832569242455,0.263360691887792,32.7657470001098,32.7618575151709,0.0122532576745623,0.110694433801173
"152",0.640681446418166,0.583325614151545,0.739041037532734,0.653044020724483,0.246460111483466,0.60651816416299,0.897139946506359,0.956181412059814,76.1786799500301,76.1584613673821,0.0121203801220694,0.110092597944046
"153",0.0451983912335709,0.91587040284765,0.166131080831401,0.131046348101227,0.77317682848312,0.801646814020351,0.866392393982969,0.0886578304041177,21.6803487576754,21.6817897840217,0.0122457374414035,0.110660460153586
"154",0.867195647091139,0.981181710764067,0.504584162947722,0.145626646132441,0.55097163271741,0.545232458864339,0.939908267648425,0.287058766575065,67.0527405525646,67.048126345314,0.0122385266427916,0.110627874619337
"155",0.862335613350151,9.49829933233559e-05,0.838101991161238,0.579506589330267,0.509820662759012,0.25174626306165,0.10406064742594,0.0777227830013726,121.365947442878,121.364275249108,0.0122328364802572,0.110602154048903
"156",0.650867134103319,0.371382353247609,0.0262781235598959,0.915595763458405,0.517570600409526,0.855684416149743,0.29736196184298,0.526156768166693,89.7556328050943,89.7485511674381,0.0121937484594945,0.110425307151461
"157",0.878652442405,0.832150508741615,0.8681003727403,0.184905845220201,0.775529698717874,0.120692145872163,0.346838930280646,0.0553478635090869,99.8184100060392,99.8215375713781,0.012232173725002,0.110599157885592
"158",0.958906734522898,0.444389221338788,0.948201697929762,0.0362103799020406,0.686659494775813,0.821032306539128,0.522123553466518,0.258795011971379,74.0840275368579,74.1040833411725,0.0122464095894547,0.110663497095721
"159",0.53904488442,0.463107531517744,0.581804210136179,0.11976375250495,0.057911990795983,0.5794978033402,0.848658079087036,0.0467739270662423,47.2939323140672,47.2997077351465,0.0121460047762748,0.110208914232356
"160",0.180196795971133,0.476296225142432,0.991620120742591,0.878005947564961,0.743302508362103,0.0266310408909339,0.215885519025614,0.447524853515206,77.8468196790885,77.8475860990758,0.0122162422858582,0.110527111089806
"161",0.832920092241839,0.62706143421703,0.0980825972906314,0.0345682511513587,0.631606541052461,0.117678908215603,0.532235158419935,0.632163622730877,92.7034123699259,92.6995011239308,0.0122051949256727,0.110477123992584
"162",0.272253766653594,0.0324562828114722,0.458273638569517,0.812695833535399,0.914359406859148,0.051816721643554,0.764334333840525,0.274319552085362,65.6857391959125,65.6855112120209,0.0121837758574365,0.110380142495997
"163",0.0593150850245729,0.820067588874372,0.862122444541892,0.794454198470339,0.257427320384886,0.256122545921244,0.445878598169656,0.99344966342207,54.475537695563,54.4697270667973,0.0122417922627725,0.110642633115687
"164",0.912010520005133,0.185925828348845,0.828422272289172,0.192336504132254,0.571847916365368,0.194414894253714,0.372323978180066,0.77357922227704,116.862406208428,116.856462046367,0.012216600603937,0.110528732028993
"165",0.263482805925887,0.143268823249964,0.570005292064743,0.978472377208527,0.181352340711746,0.959483007817762,0.514798327599419,0.981558989734622,62.7979174512049,62.794716899784,0.0122247964769738,0.110565801570711
"166",0.366723539584782,0.0837959798146039,0.224829978244379,0.0538124592183158,0.943654120790307,0.502571353968233,0.309692320144968,0.703070320811821,58.1772906279504,58.1760626141106,0.0121901396388385,0.110408965391577
"167",0.170527526567457,0.206213848742191,0.986886916084914,0.348385413594078,0.663385713981697,0.599051106721163,0.925821299870731,0.950349282015813,42.4643976885332,42.4582162466503,0.0122229647986655,0.110557518055832
"168",0.979308059170144,0.69400323837297,0.72452388782287,0.922077867642511,0.95357570478227,0.991456932178698,0.343725087064086,0.459760158293648,128.699878380099,128.691873228326,0.0122588229729673,0.11071956906061
"169",0.0206911272520665,0.152786573600024,0.0485809959890321,0.609247034366708,0.0394083510921337,0.102841779303271,0.972616781776305,0.101051562192151,29.8804699750446,29.8801256733587,0.0122609245937249,0.110729059391494
"170",0.268296391562326,0.818991327862022,0.846178849152057,0.424249932783423,0.278199220099486,0.929917048325297,0.452040116626304,0.196449882965535,43.5224863702878,43.5250852632268,0.0121734931467074,0.110333554038232
"171",0.219606156712398,0.757103598904796,0.26493008583202,0.0729041555756703,0.370585729283048,0.325883247709135,0.0246281403442845,0.36414521206636,58.3780446130416,58.3814435928249,0.0121933938150517,0.110423701328346
"172",0.0372529266017955,0.993295786816161,0.530635635433719,0.953433414726751,0.927356674828334,0.748305045645684,0.968268329577986,0.996278744459851,36.147583655584,36.1477584241017,0.0122615835105582,0.11073203470793
"173",0.563177879210562,0.796982262602542,0.756166572804796,0.973035998328123,0.437669502313947,0.132975551910931,0.880122518246062,0.236530652376823,82.7266459055334,82.7234066523924,0.0122036655539001,0.110470202108533
"174",0.90475554302102,0.0264854686404578,0.0405633232463151,0.815082244258374,0.949572443523211,0.491103200389771,0.759966895583784,0.754594005262479,112.541313875936,112.52326859856,0.0121992951745446,0.110450419530867
"175",0.0185789973917417,0.910080078472383,0.68030940882978,0.00570971149601974,0.0124018486530986,0.999322612765245,0.00124701566295698,0.885349891304504,24.6950320162698,24.696764978273,0.0122644240653203,0.110744860220781
"176",0.934743240680546,0.0136470499925781,0.770378925394034,0.428214277806692,0.112180355921155,0.916004236799199,0.947706060580676,0.487622326508863,74.1266424274792,74.1238477955585,0.0122541421185985,0.110698428708806
"177",0.963699938068166,0.332405669352738,0.0920388217258733,0.323221220532432,0.368021098861936,0.717159238506574,0.322460550575051,0.944765757656423,115.436900922971,115.453624179862,0.0122431583174226,0.110648806217793
"178",0.946522231634008,0.347019433607347,0.0721909975039307,0.832277354678372,0.870259152790532,0.0972094698576257,0.086290342801949,0.0548697475763038,160.335834770863,160.344459004255,0.012253734916307,0.110696589452011
"179",0.133335260592867,0.769959928761236,0.418689356895629,0.00286606927635148,0.987007988772821,0.128010388963157,0.712308408048702,0.924258246455574,45.345657700176,45.3463712819818,0.0122325928776756,0.110601052787375
"180",0.3338043586805,0.864069351505023,0.161314467861084,0.752370572099462,0.917775953065138,0.881191597590223,0.228350770798279,0.127778543237364,60.439032493474,60.4371496465536,0.0121981306809637,0.110445147838027
"181",0.656020551577676,0.199837632881245,0.0237324751820415,0.318905457106885,0.549385626052972,0.952778303667437,0.809353530262597,0.0193806233943906,47.7881740839235,47.787917830588,0.0122091753657616,0.110495137294641
"182",0.774915249352343,0.775506478175521,0.854932234707521,0.802103936246131,0.107556324176257,0.333364861789159,0.136142411176115,0.453227766411146,123.128011990243,123.151853159495,0.0121361977220773,0.110164412230435
"183",0.0880272906739265,0.814585173238302,0.924255449421471,0.602275489163585,0.867621944526909,0.713189789451426,0.0403126993123442,0.777850660998374,53.4769313443109,53.4745460981464,0.0122475697788553,0.110668738941289
"184",0.078976012164494,0.253681679386646,0.237937484101858,0.0461409810266923,0.754172173807165,0.968660233005649,0.0578684042545501,0.00692375643993728,28.6488996184099,28.6463233072729,0.0122528117516708,0.110692419576368
"185",0.965954002558719,0.232361597419949,0.13677282226854,0.339592040663119,0.0667976118030492,0.0140136997040827,0.59308076227433,0.119142637719633,119.86554455982,119.880595648954,0.0122522489724273,0.110689877461434
"186",0.370927902029362,0.0901033539511263,0.842103099344531,0.309610126994085,0.030946258364711,0.567433451856487,0.193334455027943,0.878225825568661,69.5438844385107,69.5465632846747,0.0121626994648758,0.110284629322838
"187",0.843247823846759,0.0734464079979807,0.816433902245481,0.0119621600443497,0.886956210144563,0.989402597635053,0.74739818324917,0.962413687204244,56.8411591512415,56.8306193940805,0.0122467769319445,0.110665156810735
"188",0.212943985259626,0.906950498550432,0.342095501217991,0.434749805820175,0.935078045164701,0.00393600344657898,0.934290827373043,0.110841849284479,49.9442400631733,49.9439955897593,0.0122251808816132,0.110567539909384
"189",0.0137583276093937,0.116056758168852,0.779148467712803,0.207807991263689,0.504036474454915,0.160671433985699,0.280723404705059,0.0407461877097376,29.8826663025608,29.8821490195898,0.0122613536505756,0.110730996792116
"190",0.696998460353352,0.999020762572764,0.900594366657315,0.0669602872536052,0.385251840206329,0.875768155686092,0.718587718710769,0.906970427565975,54.9518279026839,54.9540913582785,0.0122292624178493,0.110585995577421
"191",0.603149441360729,0.0551714399910998,0.97787273572525,0.925918103170115,0.85327534692362,0.703044696270954,0.405676993392408,0.891931419017492,94.4112556907695,94.4153016919271,0.0122139895700526,0.110516919836071
"192",0.732077906593913,0.0362672056257725,0.697183328499086,0.0291633955505677,0.956979352622293,0.1426456539426,0.951543912416091,0.165495208416833,64.7937005238423,64.8017239109268,0.0122305384524157,0.110591764848996
"193",0.00289853301248513,0.364836285209749,0.117097832032014,0.943547926329775,0.263445683013415,0.271199681272265,0.256666493465891,0.552819195832126,31.1901114345451,31.1946892876317,0.0122643140298787,0.110744363422608
"194",0.808783619633177,0.896550138711464,0.123654012285406,0.764852356226184,0.0547667383868247,0.774878925614757,0.850378123123664,0.59208006219822,81.9378997690521,81.9552450045033,0.0122167038804331,0.110529199220989
"195",0.754284892284777,0.936909273406491,0.40047241041204,0.757953053779202,0.882913586011855,0.174970190656604,0.312309937501559,0.836357467224589,125.321563818477,125.341643247756,0.0121480266883241,0.110218086938234
"196",0.1354263377795,0.548279623569688,0.11011417364818,0.151997809305321,0.667037524364423,0.983128035542322,0.698384922045516,0.93853519154829,31.7314683314529,31.7368458063223,0.0122118294727727,0.110507146704513
"197",0.796674605464796,0.124853450653609,0.541754623946035,0.966277256458998,0.0239726725500077,0.065154118448263,0.905559255330591,0.973294271511259,117.789195934179,117.7908081062,0.0122141857388097,0.110517807338047
"198",0.0528046495688613,0.41590317379334,0.937525336415274,0.851675428637536,0.812627886012196,0.785410240077181,0.91512904670788,0.026136899702251,30.9189513934649,30.9202814295474,0.0122529100307963,0.110692863504367
"199",0.152192028324353,0.92186748377746,0.71054233637522,0.0411874361522496,0.00241777444607578,0.0428783260169439,0.858881106419722,0.543647549827583,43.4778484726328,43.4792202517415,0.0122472144037709,0.110667133349386
"200",0.985904415955301,0.412305263059679,0.428042614911683,0.418894193891902,0.429911111439578,0.888462879216531,0.00974761298624799,0.0840343033976387,119.156318531288,119.162272796641,0.0122569122593939,0.110710940107082
