"","x.1","x.2","x.3","x.4","y","yp","yv","ysd"
"1",0.713560382029973,0.299097781402059,0.81540397683531,0.272011679040268,92.9224854475435,99.5085419099645,28.5554195083798,5.34372711769415
"2",0.144998637571,0.162832311030477,0.247795166444033,0.293520763635635,53.1436830132676,49.8172332287639,28.5554195083798,5.34372711769415
"3",0.0842634517317638,0.144095026083291,0.644528381119482,0.188393001472577,49.0307205788808,49.0086745445422,28.5554195083798,5.34372711769415
"4",0.330890961403027,0.224749161218293,0.701189318211749,0.447757651641034,62.6225144849737,59.0114461418449,28.5554195083798,5.34372711769415
"5",0.172666519075632,0.198069503244013,0.13928875788115,0.351842814227566,54.1466328443904,50.0363916508815,28.5554195083798,5.34372711769415
"6",0.823592959498987,0.812954877934419,0.585833510349505,0.238580574656837,104.672073263973,111.585968854062,28.5554195083798,5.34372711769415
"7",0.522843581732363,0.720952050284483,0.292819229857065,0.289609878113493,78.8184625343271,78.893831940011,28.5554195083798,5.34372711769415
"8",0.403482451283373,0.18023463310115,0.664444107793272,0.817952355066314,58.1271649489138,55.5791554452708,28.5554195083798,5.34372711769415
"9",0.541612093255855,0.278342047339305,0.697268785757013,0.44858086894732,74.9259240647664,75.393114826869,28.5554195083798,5.34372711769415
"10",0.218014015319757,0.283049834426492,0.536441192714497,0.254526035361923,60.132451981618,56.0463923554744,28.5554195083798,5.34372711769415
"11",0.187578668682836,0.122662737912498,0.178960889608599,0.761522383979522,47.1516903528611,44.669624144233,28.5554195083798,5.34372711769415
"12",0.832014806294814,0.290082677672617,0.438447399329394,0.739933115025051,86.3679702542328,89.6006402446391,28.5554195083798,5.34372711769415
"13",0.26549060322158,0.770764181859791,0.333241092379205,0.667675494542345,53.7263010894053,50.5014278281903,28.5554195083798,5.34372711769415
"14",0.802387782412581,0.641029696841724,0.228148380138911,0.25671408246737,101.405421130235,107.14039619483,28.5554195083798,5.34372711769415
"15",0.557644340032712,0.487179034620523,0.681533002088778,0.779670265818946,66.8827110189817,66.016780994363,28.5554195083798,5.34372711769415
"16",0.602979494143277,0.755892356504686,0.20208322245907,0.510486940229312,76.6438411023092,77.6407089562205,28.5554195083798,5.34372711769415
"17",0.757834306505509,0.522467699517496,0.302289552994072,0.542638591892086,86.3020940014319,89.8316211344022,28.5554195083798,5.34372711769415
"18",0.816455637560226,0.803204825786874,0.850230371131562,0.841944145007059,81.9775100066232,84.2236136673689,28.5554195083798,5.34372711769415
"19",0.81322572896909,0.237774829984643,0.186554657620378,0.174663134791888,106.359429841804,112.433728952197,28.5554195083798,5.34372711769415
"20",0.168728864785284,0.459827965799719,0.619016473048367,0.165414472558536,58.5119683046724,54.9624024646952,28.5554195083798,5.34372711769415
"21",0.29926195547916,0.445018355231732,0.822588646173477,0.132415351117961,69.6592021991612,66.224024245956,28.5554195083798,5.34372711769415
"22",0.439127243901603,0.688618148994632,0.163936165630817,0.566432632755488,65.6820553514716,63.3097460424268,28.5554195083798,5.34372711769415
"23",0.852715223523788,0.742098617557436,0.168183859544806,0.847977338265628,85.0216643489742,87.0929238991262,28.5554195083798,5.34372711769415
"24",0.653257621096447,0.247480821965262,0.352886265854351,0.344637897096574,85.4886257382709,88.5814565623958,28.5554195083798,5.34372711769415
"25",0.506181781807914,0.13779212263599,0.588147868011147,0.705354703007266,65.924980963416,64.9339646504916,28.5554195083798,5.34372711769415
"26",0.547671608147211,0.883279704214074,0.250331276684068,0.131641284020618,86.3039740037825,88.1076763208027,28.5554195083798,5.34372711769415
"27",0.199270029413514,0.737650719504803,0.44227564139571,0.0691059134136885,63.9166400296658,60.493515754435,28.5554195083798,5.34372711769415
"28",0.689732432004996,0.898989757126197,0.0993914388176054,0.808902320598252,73.555901875453,75.752078449915,28.5554195083798,5.34372711769415
"29",0.585401456888765,0.470060534818098,0.769509168938734,0.233634063784033,85.0374880155044,87.7511394168351,28.5554195083798,5.34372711769415
"30",0.642282107461244,0.851082917170599,0.650855801344849,0.870786839773878,69.3212358727586,69.8149654341113,28.5554195083798,5.34372711769415
"31",0.313411550158635,0.33818698088266,0.336893853080459,0.242152823867276,67.1325674629055,63.1257638267825,28.5554195083798,5.34372711769415
"32",0.760203110343777,0.178954469460063,0.763800277992152,0.493920301433653,88.2973227618113,94.2139416016367,28.5554195083798,5.34372711769415
"33",0.567332873524167,0.50791564151831,0.558544372030534,0.634429884050973,71.0836303354394,70.7738184860661,28.5554195083798,5.34372711769415
"34",0.448168797681108,0.536843097059056,0.794793033920228,0.678323302847333,63.5264040216841,60.6138056713933,28.5554195083798,5.34372711769415
"35",0.645550391106866,0.425520514396951,0.827103139379062,0.858265853629448,69.8334970867536,70.5004624554218,28.5554195083798,5.34372711769415
"36",0.701797544343397,0.681560353317298,0.780866150761023,0.611983918266371,80.0564226938804,82.6100156038552,28.5554195083798,5.34372711769415
"37",0.204877314021811,0.828478932478465,0.734339517232031,0.337373549523763,57.0609808038969,52.6740683133476,28.5554195083798,5.34372711769415
"38",0.495289418993518,0.3093613286037,0.273842063343152,0.742737954408862,64.4081025174754,62.5183453206953,28.5554195083798,5.34372711769415
"39",0.709784936434589,0.188750783822499,0.198588617631234,0.436835215244442,86.2131548930244,89.4273444735972,28.5554195083798,5.34372711769415
"40",0.637969407036901,0.554341172608547,0.555745682171546,0.176822341446765,90.9623466271952,95.0393484456485,28.5554195083798,5.34372711769415
"41",0.482148015336134,0.825247434978373,0.615751695324667,0.423562302594073,72.1438432890615,70.8322260755084,28.5554195083798,5.34372711769415
"42",0.668284593103454,0.107859279859811,0.901983140123077,0.825013443258591,71.9970519096061,74.5128535031508,28.5554195083798,5.34372711769415
"43",0.885002618908882,0.744480294361711,0.172614718580618,0.580611892606132,97.7338308946911,100.286000867107,28.5554195083798,5.34372711769415
"44",0.191189469232224,0.103760129454546,0.534361834318377,0.887286380883306,45.3642834540544,43.8694279182213,28.5554195083798,5.34372711769415
"45",0.796935906914063,0.421577536491677,0.540717519173399,0.0872917680097744,109.12482134949,117.172761360666,28.5554195083798,5.34372711769415
"46",0.406107550136745,0.478533929026686,0.832536823661067,0.332278767847456,70.3666064907555,67.7995136473822,28.5554195083798,5.34372711769415
"47",0.705300294513814,0.663977979763411,0.26881070559565,0.853439502578229,73.430042325339,75.035799118886,28.5554195083798,5.34372711769415
"48",0.778149841525592,0.778114202153869,0.511483278050087,0.787463229698129,80.342148330841,83.0548874186236,28.5554195083798,5.34372711769415
"49",0.322388002171181,0.213993623252958,0.11883438021224,0.619316229541786,57.9733918892683,53.7615501961554,28.5554195083798,5.34372711769415
"50",0.745017931574956,0.584994390035979,0.830663850666955,0.418902360638604,89.7763888310419,94.8969741235888,28.5554195083798,5.34372711769415
"51",0.347170272418298,0.0730684620961547,0.773026096357964,0.926963017781265,53.2179576264978,51.0302054509494,28.5554195083798,5.34372711769415
"52",0.228155411086045,0.569164623035118,0.858447827983648,0.502871650788933,54.8961814050317,49.9150566245575,28.5554195083798,5.34372711769415
"53",0.501099993200973,0.716828770817257,0.153157222852111,0.374590509741567,74.6554600848492,73.7803100430322,28.5554195083798,5.34372711769415
"54",0.134790918508545,0.211136997043155,0.406420399327762,0.277598711779341,52.5826058288132,49.7470938036047,28.5554195083798,5.34372711769415
"55",0.0989993844404817,0.219234491497278,0.387167129822075,0.710344915736467,41.0838582016694,41.0304191100849,28.5554195083798,5.34372711769415
"56",0.290248427726328,0.645048489967361,0.183841114635579,0.733499040694907,53.8145497935913,50.7809149231737,28.5554195083798,5.34372711769415
"57",0.372507449939847,0.369000943361782,0.907821946904995,0.882428684331477,55.3174441154687,51.8497436806872,28.5554195083798,5.34372711769415
"58",0.919590209150687,0.0915358359599486,0.260265416949056,0.600341289844364,102.386357388937,103.397804002543,28.5554195083798,5.34372711769415
"59",0.226780980918556,0.38143603337463,0.629156150574796,0.476742133988068,55.3611866075996,50.9637891916074,28.5554195083798,5.34372711769415
"60",0.912370065035298,0.709316496695392,0.801206029268913,0.471754743039608,106.571889111911,109.51128359864,28.5554195083798,5.34372711769415
"61",0.166195686984807,0.692841806494631,0.843286681343801,0.223251275738701,56.7958239578645,52.7512090465912,28.5554195083798,5.34372711769415
"62",0.889862657617778,0.207746323181316,0.925036307221278,0.353123812655918,108.149440582006,115.361859094383,28.5554195083798,5.34372711769415
"63",0.968266532904469,0.547436497621238,0.456342710708268,0.313464857004583,129.165290470664,123.510972514255,28.5554195083798,5.34372711769415
"64",0.610330508174375,0.893573489680886,0.126471151142381,0.614708663146012,74.017466301584,75.2867756652448,28.5554195083798,5.34372711769415
"65",0.399374259501696,0.0593940512165427,0.299031409773976,0.697139085518196,60.4551588333001,57.5107183075041,28.5554195083798,5.34372711769415
"66",0.192357896881178,0.782744944628328,0.24240631102398,0.463814196017571,53.1864489012272,50.1063689599167,28.5554195083798,5.34372711769415
"67",0.0793817507717758,0.295033204284497,0.0676751992339268,0.224133505748585,47.5401888802543,47.0405382962817,28.5554195083798,5.34372711769415
"68",0.737021455491893,0.5565479556676,0.447081410274841,0.713755684836768,79.4115824138562,81.9325389704689,28.5554195083798,5.34372711769415
"69",0.213833616347052,0.846315163154155,0.767839327014983,0.83908347135596,47.5522207789685,44.268707134253,28.5554195083798,5.34372711769415
"70",0.485808335650712,0.949812609557062,0.467744224203751,0.65595311747212,66.0295473029077,64.7321343893026,28.5554195083798,5.34372711769415
"71",0.810869443216361,0.528550546566956,0.653590401767753,0.244170678190887,103.036827492894,110.244812914398,28.5554195083798,5.34372711769415
"72",0.334862365821376,0.242363930934109,0.368668291069567,0.906181318081915,52.940728596661,50.3936508087052,28.5554195083798,5.34372711769415
"73",0.472321802249178,0.860554329253733,0.757045000846498,0.681272350653075,64.7314771169571,62.2268883798091,28.5554195083798,5.34372711769415
"74",0.509139935539104,0.312876139927655,0.255579673275352,0.485152578490786,71.8439889709406,70.4534099845585,28.5554195083798,5.34372711769415
"75",0.568231346095912,0.390445653552189,0.19541641871538,0.156273638023995,86.7111662184108,87.9440647199816,28.5554195083798,5.34372711769415
"76",0.901437067333609,0.83792139031738,0.341081419073977,0.747126897658221,94.1471005935202,95.4725372190991,28.5554195083798,5.34372711769415
"77",0.14076130610425,0.108664694175124,0.551257857921533,0.44275237339735,49.5763529119338,46.8926731724085,28.5554195083798,5.34372711769415
"78",0.412585103133693,0.551458259848878,0.396960866828449,0.171476286770776,75.8987022462865,73.827317370472,28.5554195083798,5.34372711769415
"79",0.0230015060221776,0.519946908649988,0.736871358286589,0.864871307666414,28.4652480246438,36.3562113622151,28.5554195083798,5.34372711769415
"80",0.303796277787536,0.359344332590699,0.506024973544292,0.116669098049402,70.4496452149264,66.9593478633903,28.5554195083798,5.34372711769415
"81",0.434174514023587,0.154464057683945,0.923128170681186,0.675069663020782,62.874668501374,60.7807619763161,28.5554195083798,5.34372711769415
"82",0.254824423525482,0.407528047855012,0.0914509611325338,0.368978168942034,59.7149368035301,55.021619992231,28.5554195083798,5.34372711769415
"83",0.262383926307783,0.664769263680093,0.112925729449838,0.327790235546418,61.2844969679984,57.2226383249167,28.5554195083798,5.34372711769415
"84",0.665730304862373,0.868969197089784,0.0613574539534748,0.056636425758712,98.2365919262487,102.975494853996,28.5554195083798,5.34372711769415
"85",0.46330929491017,0.235236369543709,0.351396008315496,0.127830788345076,80.8019523506178,80.0748755873722,28.5554195083798,5.34372711769415
"86",0.29379545318149,0.918104133000597,0.798918921341188,0.50602818672359,58.9737949836823,54.3101975635507,28.5554195083798,5.34372711769415
"87",0.336403279067017,0.441410222985782,0.487802244697697,0.914118370743468,52.8876881834177,50.1891022356285,28.5554195083798,5.34372711769415
"88",0.860741354368627,0.886488398546353,0.954392336092889,0.212583468127064,110.640013228705,117.76070466338,28.5554195083798,5.34372711769415
"89",0.409572678419761,0.758296328334138,0.306039492549375,0.831043782104738,58.1194528388321,56.040047128934,28.5554195083798,5.34372711769415
"90",0.604351954045706,0.035254810818471,0.482236939579248,0.525991316467524,76.3318847867211,78.1770762335755,28.5554195083798,5.34372711769415
"91",0.358937993341126,0.185628109670244,0.189584834481589,0.409384564705193,65.2220428414096,61.2278782786807,28.5554195083798,5.34372711769415
"92",0.53067068441771,0.255629935778677,0.477082299273461,0.897985567233525,62.766532779156,61.8445144944822,28.5554195083798,5.34372711769415
"93",0.0374744057944044,0.612285055951215,0.0832134845806286,0.900120377059095,31.0453368163474,39.5937959026005,28.5554195083798,5.34372711769415
"94",0.108430149342865,0.497866403823718,0.4622038679244,0.588473766096868,43.9413043533954,42.6171944096311,28.5554195083798,5.34372711769415
"95",0.161044357269071,0.808660332333296,0.283770102059469,0.202485009800643,56.8092447568259,54.1043243861937,28.5554195083798,5.34372711769415
"96",0.285919943158515,0.842819973176345,0.547309385443106,0.772439807931893,52.8681653968443,49.6157183837478,28.5554195083798,5.34372711769415
"97",0.526369919488207,0.0539783814251423,0.892946742780507,0.973440523960628,61.0154399495,60.9583701191755,28.5554195083798,5.34372711769415
"98",0.677276904623024,0.372120624737814,0.608614566668868,0.795242661481723,73.2653738287189,74.8105628646879,28.5554195083798,5.34372711769415
"99",0.692077469105832,0.817430004324764,0.512664661694318,0.531251888561063,81.8626852768522,84.8387965885068,28.5554195083798,5.34372711769415
"100",0.235128989493474,0.608909817890264,0.915510788941756,0.851102283698507,48.6167973898675,44.4290534390309,28.5554195083798,5.34372711769415
"101",0.35421571201086,0.607966083744541,0.958919010234065,0.0970376785499975,74.7084213235994,71.9935991369132,28.5554195083798,5.34372711769415
"102",0.0622423393949866,0.858248928844929,0.346831760086119,0.62242873388622,38.2544564644973,41.3298258919251,28.5554195083798,5.34372711769415
"103",0.471245048367418,0.273000847411342,0.714141254081391,0.182408824268728,79.3875135593137,79.5931027197316,28.5554195083798,5.34372711769415
"104",0.953384185042232,0.271360753353685,0.453337592612021,0.54891430920735,112.231610966273,109.875796202664,28.5554195083798,5.34372711769415
"105",0.828693459967151,0.51243211227376,0.225349174290895,0.977591229753569,79.1588366348591,80.8865001935401,28.5554195083798,5.34372711769415
"106",0.804965567787178,0.460970190519467,0.695500887003727,0.513129477567039,91.5163878490259,96.648577575279,28.5554195083798,5.34372711769415
"107",0.768366833573207,0.562482962198555,0.526423550358973,0.987387689157389,74.2958726715898,76.2016820165263,28.5554195083798,5.34372711769415
"108",0.101362422175705,0.700075492545031,0.731557282346301,0.473856162599288,45.2710474955261,43.3457030910401,28.5554195083798,5.34372711769415
"109",0.455293095249683,0.679450619997457,0.605184293217026,0.210785241092555,77.3301342683088,76.2809065437166,28.5554195083798,5.34372711769415
"110",0.479246753547341,0.509829501154832,0.20809569436498,0.626455496638082,66.3609206052774,64.2307511413593,28.5554195083798,5.34372711769415
"111",0.787074898484163,0.697757004786283,0.434732349379919,0.140202735832892,105.365035732247,112.442150614308,28.5554195083798,5.34372711769415
"112",0.92415661499463,0.410931761000305,0.854586073638871,0.73158806381654,98.498234596542,99.3917516644595,28.5554195083798,5.34372711769415
"113",0.755624503654428,0.62945608166419,0.392853590726852,0.406597922330722,90.9967489292816,95.6702250801804,28.5554195083798,5.34372711769415
"114",0.874999299965799,0.367014968832023,0.130075150570832,0.727298740636557,91.2516647319945,92.8058935924176,28.5554195083798,5.34372711769415
"115",0.905517846724018,0.0685604577157646,0.318672535016201,0.228072715501301,116.633253574599,121.270991411436,28.5554195083798,5.34372711769415
"116",0.201635834622197,0.202513016638346,0.752606184356846,0.270457814806141,58.4884846299133,54.7890925211578,28.5554195083798,5.34372711769415
"117",0.0732646335205063,0.453378989685327,0.889747859320603,0.112699718277901,49.2306090970949,49.5642841305857,28.5554195083798,5.34372711769415
"118",0.64959337988589,0.796047120361589,0.867677262623794,0.782211571385153,71.9784577380931,72.3354632600555,28.5554195083798,5.34372711769415
"119",0.365640888612717,0.760112322040834,0.707452132352628,0.0113615736681968,78.6574364852723,76.5665261299467,28.5554195083798,5.34372711769415
"120",0.180796720150858,0.0793558504786342,0.32760562014766,0.872900584458373,44.9113130367615,43.6493695145173,28.5554195083798,5.34372711769415
"121",0.519641005758196,0.318905538034625,0.565852768821642,0.576319283950143,69.9632780056894,69.063186766666,28.5554195083798,5.34372711769415
"122",0.99379539914988,0.967933444872499,0.78880580410175,0.401786225454882,145.251721278097,122.191579497222,28.5554195083798,5.34372711769415
"123",0.684400356457569,0.793393460430205,0.806861525235698,0.306327985409647,89.2942265612763,93.7633031607159,28.5554195083798,5.34372711769415
"124",0.581464593616314,0.526111537483521,0.936357105977833,0.330033984095789,81.3057377833721,83.2003244263179,28.5554195083798,5.34372711769415
"125",0.326348476407118,0.0874116923185065,0.0527908329516649,0.78918758306466,54.6543708674127,51.1451584882138,28.5554195083798,5.34372711769415
"126",0.576161882827058,0.95239293554239,0.16532785492111,0.39360352391284,78.6491101820553,80.1985893816373,28.5554195083798,5.34372711769415
"127",0.980879712649621,0.636775794006884,0.120386167260818,0.24824142430909,139.768329846255,127.126786768094,28.5554195083798,5.34372711769415
"128",0.424596429303288,0.481892790148035,0.382150787374936,0.427690140160732,68.6211353538903,65.9175279396984,28.5554195083798,5.34372711769415
"129",0.722418039947748,0.127718670515344,0.413722964190878,0.948120420407504,72.1802843776961,74.2804823536191,28.5554195083798,5.34372711769415
"130",0.766420434392057,0.260142039641738,0.72317710957583,0.137630945763551,103.522902411048,112.135521322522,28.5554195083798,5.34372711769415
"131",0.663968334503472,0.220999639479443,0.579979056051001,0.382166251894087,84.9559187054066,88.9368378957338,28.5554195083798,5.34372711769415
"132",0.74050480105821,0.307343461110257,0.312498057274148,0.0164830769626424,106.956388705972,113.741450534057,28.5554195083798,5.34372711769415
"133",0.680197389194742,0.687274025221355,0.220290266572498,0.647311934004538,77.4361389966043,79.2668472491748,28.5554195083798,5.34372711769415
"134",0.882225141203031,0.166500687840395,0.580238592730835,0.758437568948604,91.2700304355295,94.3711052216305,28.5554195083798,5.34372711769415
"135",0.935326609708369,0.624267693646252,0.00255556972138584,0.661845647105947,102.897216568207,100.913171302867,28.5554195083798,5.34372711769415
"136",0.0920778680108488,0.87959361770656,0.0298490879395977,0.766548763532191,39.5540021775421,42.9441392946148,28.5554195083798,5.34372711769415
"137",0.0911878731353208,0.173784182743169,0.311246723283082,0.482869808929041,43.9895231137883,43.2248130162005,28.5554195083798,5.34372711769415
"138",0.223378724231385,0.900516277051531,0.593931115312502,0.205464386957698,61.8835488829824,58.133524644946,28.5554195083798,5.34372711769415
"139",0.128765169410035,0.804046236311086,0.963889889114536,0.670112754723057,44.4133979057147,40.9345258209825,28.5554195083798,5.34372711769415
"140",0.00988897990435362,0.398485375026241,0.779421601757407,0.643761206543073,26.1065916367755,36.7021495386994,28.5554195083798,5.34372711769415
"141",0.361134415547363,0.433382230569609,0.967774649813771,0.552520714361221,61.8093205167265,57.678335306161,28.5554195083798,5.34372711769415
"142",0.239483012379147,0.259630071483552,0.668404348639771,0.770996210443787,50.2599927104774,46.804521821727,28.5554195083798,5.34372711769415
"143",0.895879077239893,0.354233970251866,0.212540789681487,0.389252836501226,107.17718831652,110.272202462955,28.5554195083798,5.34372711769415
"144",0.421945274051279,0.715581263219006,0.490206479090266,0.570682072937489,64.6924648451592,61.8933997930929,28.5554195083798,5.34372711769415
"145",0.151731338040903,0.535776645370759,0.286986724879593,0.81364389632456,43.8471002027289,42.978825309669,28.5554195083798,5.34372711769415
"146",0.621543717456982,0.668536551756784,0.237819152558222,0.0640887966705486,94.5186851148015,98.0304563401828,28.5554195083798,5.34372711769415
"147",0.304804816779681,0.648132394800894,0.60162325328216,0.943400720125064,50.783936583845,48.1147417151539,28.5554195083798,5.34372711769415
"148",0.656518104281276,0.730793469977565,0.726134158687666,0.0528638475183398,97.945675057252,103.57717208194,28.5554195083798,5.34372711769415
"149",0.515486125115305,0.707763147902675,0.86322071236372,0.556271322966553,70.3170733524234,68.7912584170525,28.5554195083798,5.34372711769415
"150",0.249574873247184,0.156873335538432,0.144703125236556,0.154331612648442,65.2580600784107,60.5691023818125,28.5554195083798,5.34372711769415
"151",0.0357328311400488,0.958282106712461,0.746328922074288,0.0614250793335959,43.2551554086056,48.8976291087825,28.5554195083798,5.34372711769415
"152",0.923110967680812,0.995284965581261,0.105948676069267,0.802364684043452,95.5774032467342,95.6266469782992,28.5554195083798,5.34372711769415
"153",0.555889215902425,0.911857806839049,0.986640885961242,0.0783934628115967,89.2750348327358,91.7011406591841,28.5554195083798,5.34372711769415
"154",0.72848210641183,0.580781042822637,0.991213434686884,0.650486105730757,80.7841326141764,83.6775556904805,28.5554195083798,5.34372711769415
"155",0.348484734873287,0.142394281342626,0.519832498071715,0.263284048285335,68.8133062870613,65.8726136855975,28.5554195083798,5.34372711769415
"156",0.82685538343899,0.934373594136909,0.688526959630661,0.685127447669394,87.6865893619114,91.1685488569479,28.5554195083798,5.34372711769415
"157",0.467329832477495,0.49299322455842,0.103958192815073,0.318000966737047,74.3806192208357,72.3670158849042,28.5554195083798,5.34372711769415
"158",0.734012874532491,0.402236552121118,0.416973386973143,0.266480494737625,94.7241809238381,100.207295632486,28.5554195083798,5.34372711769415
"159",0.533365277659148,0.0470428822543472,0.23222947628051,0.518765003050678,72.2740048641321,71.5360982753614,28.5554195083798,5.34372711769415
"160",0.675685858892277,0.128456050474197,0.944962842293084,0.321570932833478,88.0910236542424,94.4494953847629,28.5554195083798,5.34372711769415
"161",0.272721319297329,0.322954990221187,0.717617407673038,0.0234655501283705,71.3747603164547,68.2972228301074,28.5554195083798,5.34372711769415
"162",0.0187190878065303,0.134488658457994,0.995764836544171,0.196412913409062,35.6191299892718,44.616741359716,28.5554195083798,5.34372711769415
"163",0.13808952954784,0.171905008704402,0.816866209086962,0.561612797176465,47.0781754932865,44.4161164672042,28.5554195083798,5.34372711769415
"164",0.843972270752303,0.448350422720425,0.0955902651390061,0.0450998709583655,116.8422082761,122.640726457804,28.5554195083798,5.34372711769415
"165",0.37770712446142,0.786790588661097,0.366145718348213,0.299295714916661,69.538650573514,66.7814128832866,28.5554195083798,5.34372711769415
"166",0.844481394459493,0.94035147095751,0.041522109977901,0.499765386624262,95.7767979403547,100.181177149985,28.5554195083798,5.34372711769415
"167",0.0831719553181902,0.417022421629168,0.258620058776811,0.311730758273974,46.2521733965121,45.7890206928222,28.5554195083798,5.34372711769415
"168",0.972709208544344,0.623541594334878,0.640629486357793,0.701708128117025,112.630440161941,104.673274859739,28.5554195083798,5.34372711769415
"169",0.986829489015974,0.732948687552474,0.267110159953125,0.0309728854838759,160.301533957768,142.302281505586,28.5554195083798,5.34372711769415
"170",0.384668918227777,0.0940128091638908,0.942950015278533,0.186632304342464,73.6554798006275,72.8981037719093,28.5554195083798,5.34372711769415
"171",0.634950635770336,0.982132680196315,0.621844145978801,0.362935055418871,83.643198744171,86.6426027012767,28.5554195083798,5.34372711769415
"172",0.308000777817331,0.489349020085298,0.65870468652714,0.287438969309442,65.5083503896701,61.5236023549953,28.5554195083798,5.34372711769415
"173",0.027241629566066,0.773436876359396,0.598798975455575,0.695815250875428,31.2968924595089,37.9757231599107,28.5554195083798,5.34372711769415
"174",0.772910798573866,0.854392317404971,0.278278521820903,0.280157099640928,97.5298257851385,103.421421074857,28.5554195083798,5.34372711769415
"175",0.930769803759642,0.25168808298558,0.661447210440412,0.341239979878999,116.199733469122,119.285534416637,28.5554195083798,5.34372711769415
"176",0.699665494579822,0.195042154440656,0.110418889578432,0.832052285194397,73.5791589117764,74.627029847775,28.5554195083798,5.34372711769415
"177",0.628408893225715,0.890708890214562,0.290018632692285,0.861418936004862,68.7031973824089,69.7884608073013,28.5554195083798,5.34372711769415
"178",0.615583937340416,0.656329066363163,0.634141146707349,0.754218296848237,70.6949152453549,70.9095172556531,28.5554195083798,5.34372711769415
"179",0.0589351195795462,0.266846332223155,0.148006158091128,0.720657571028918,36.4278152955264,39.5028545256196,28.5554195083798,5.34372711769415
"180",0.627517560007982,0.328535912401043,0.838837574156001,0.659501775052398,73.9419099709582,75.360047178045,28.5554195083798,5.34372711769415
"181",0.176074230463244,0.617270030849613,0.00495403418783098,0.120192715155892,60.3050091764549,56.7000479019738,28.5554195083798,5.34372711769415
"182",0.858119360199198,0.0671937934886664,0.872659433091991,0.593679558302276,94.1355785079701,100.538546220955,28.5554195083798,5.34372711769415
"183",0.619311780072749,0.0485680526029319,0.674347457761876,0.798304901198484,69.8007441723316,71.3515001894929,28.5554195083798,5.34372711769415
"184",0.107159592095762,0.344807064469904,0.909967491112649,0.909616852735169,39.0162343545947,38.8215925242483,28.5554195083798,5.34372711769415
"185",0.383083672724664,0.766443407263607,0.847255568458699,0.302933532250114,69.8391823399712,66.6082058155468,28.5554195083798,5.34372711769415
"186",0.599942274744622,0.575400295374915,0.011243447390385,0.806305529356003,68.3840226841414,68.1922768162712,28.5554195083798,5.34372711769415
"187",0.418979754978791,0.324871458682232,0.677286916674115,0.9811412698403,55.6942816812582,53.5878938809695,28.5554195083798,5.34372711769415
"188",0.49945568741113,0.300562098401599,0.0279040800407529,0.574159778241068,68.7694648665437,66.4631317176243,28.5554195083798,5.34372711769415
"189",0.043914958640933,0.0624791205478832,0.42390770574566,0.145342828603461,43.3764573587995,47.3310133845483,28.5554195083798,5.34372711769415
"190",0.898190627733246,0.634271402702667,0.883539835860021,0.890708976456896,89.196828331026,89.9544755382465,28.5554195083798,5.34372711769415
"191",0.115966500060633,0.672093692408875,0.451961985830218,0.364091859101318,48.8677315568571,46.9018256171192,28.5554195083798,5.34372711769415
"192",0.725111295611598,0.362441168199293,0.37434227664303,0.584823514953256,82.4556938246412,85.4785313491738,28.5554195083798,5.34372711769415
"193",0.909932693039067,0.343444235673174,0.424543734069914,0.967172952831723,88.4101091816319,88.3837135209481,28.5554195083798,5.34372711769415
"194",0.00244187006354332,0.334278970500454,0.569100297119468,0.432625558322296,21.6872959977599,39.176100992456,28.5554195083798,5.34372711769415
"195",0.879484594746493,0.593050138263032,0.868464420055971,0.161727794979699,115.971561776537,123.363244509441,28.5554195083798,5.34372711769415
"196",0.718489893828519,0.0804551547477022,0.530170011874288,0.105078185742721,100.598064253162,108.249492085633,28.5554195083798,5.34372711769415
"197",0.536949501908384,0.466339337098412,0.520665053035133,0.0061090528992936,90.9824639366167,93.1146620437999,28.5554195083798,5.34372711769415
"198",0.389786437646486,0.963337310972624,0.935405939372256,0.717785086438991,59.5706862519501,55.2389396358072,28.5554195083798,5.34372711769415
"199",0.440871523301117,0.412854637545533,0.0323256057715043,0.0242521855123341,83.2262531357924,81.1177920540802,28.5554195083798,5.34372711769415
"200",0.956426163656637,0.114310888991691,0.087027069626376,0.110141692128032,136.143735393334,132.403080370575,28.5554195083798,5.34372711769415
"201",0.0679086651131511,0.936887870634906,0.158936364853755,0.39997199774906,42.57811994553,45.2735737219504,28.5554195083798,5.34372711769415
"202",0.962812641369179,0.834770727056079,0.574872103609145,0.953429523043335,99.6044091816597,93.4268068142847,28.5554195083798,5.34372711769415
"203",0.125491387437098,0.823362178066745,0.361188623948954,0.919334915765561,40.3462156949969,42.1417947897724,28.5554195083798,5.34372711769415
"204",0.242117435591295,0.543017669042572,0.686746285308152,0.690743756327778,51.9158318749516,47.6965039939843,28.5554195083798,5.34372711769415
"205",0.371198593286797,0.875131753720343,0.142690033598803,0.63965480825305,60.2152224638232,57.903708991299,28.5554195083798,5.34372711769415
"206",0.340272652235813,0.287386643856764,0.37762948939018,0.59886240456067,59.4813701073933,55.6099688247094,28.5554195083798,5.34372711769415
"207",0.93613048171252,0.750999208563007,0.562023380530067,0.356216782821342,116.671331507783,117.707106262078,28.5554195083798,5.34372711769415
"208",0.940210562075488,0.394292188351043,0.980425314413384,0.46427251627855,112.695313404217,114.313553087251,28.5554195083798,5.34372711769415
"209",0.395060805671848,0.864412410698831,0.0750641265464947,0.192151917347684,73.9628578962994,72.0042842938298,28.5554195083798,5.34372711769415
"210",0.31871724115219,0.348349200968631,0.0699750229474157,0.928072429812513,51.6921541576632,49.4920956180354,28.5554195083798,5.34372711769415
"211",0.428341427558102,0.914793908018619,0.625119373173453,0.947442924190313,56.7741923880844,54.7605495195299,28.5554195083798,5.34372711769415
"212",0.850143037886359,0.150544831781648,0.0588621441368014,0.534559881234542,95.1091218392154,98.0495373740852,28.5554195083798,5.34372711769415
"213",0.991122415894642,0.597063718141988,0.329793706458062,0.750613192166202,122.977581078304,103.656062164148,28.5554195083798,5.34372711769415
"214",0.0156404220629483,0.904758968468755,0.878349373111501,0.412543052253313,31.2946479413896,39.3418892903498,28.5554195083798,5.34372711769415
"215",0.122612261591479,0.65285157223884,0.708295650573447,0.0130019016927108,58.1563801466827,56.2563862566096,28.5554195083798,5.34372711769415
"216",0.55028587809857,0.94569680376444,0.495509112218395,0.0434069417146966,90.2790279575431,92.9084614007805,28.5554195083798,5.34372711769415
"217",0.563902812419459,0.384738687610254,0.948029071124271,0.101853554911911,88.8420532745576,92.4482778577252,28.5554195083798,5.34372711769415
"218",0.446229478765279,0.116520792906173,0.741689207009971,0.452768786476925,69.2280145027581,68.0257459876934,28.5554195083798,5.34372711769415
"219",0.0520821329951286,0.378927049656399,0.473807929604314,0.937630165952258,32.8745516876007,38.3712621469152,28.5554195083798,5.34372711769415
"220",0.245362987877801,0.0402347866641358,0.0366025243364275,0.490465874260291,56.195498916541,51.3810024441038,28.5554195083798,5.34372711769415
"221",0.867407931048423,0.0184895342821255,0.470036672541872,0.523467290142551,97.7546420533615,103.037117788664,28.5554195083798,5.34372711769415
"222",0.489377131858841,0.588030988175422,0.918612616949715,0.87785146777425,61.1847569854506,58.5566761229883,28.5554195083798,5.34372711769415
"223",0.457154567195103,0.0308897704752162,0.388361322669312,0.960737763324752,57.8705807977191,56.6835109490559,28.5554195083798,5.34372711769415
"224",0.782735501116142,0.921453173092566,0.974145237218589,0.45796351035405,91.5657556976416,96.4369800471595,28.5554195083798,5.34372711769415
"225",0.269146108562127,0.986517282679677,0.49604099138733,0.53965660251677,56.6704880698984,53.2464305145119,28.5554195083798,5.34372711769415
"226",0.97990828831587,0.437039861207828,0.431668605671264,0.050923825846985,152.651566706279,141.135182355501,28.5554195083798,5.34372711769415
"227",0.751247762141749,0.60113507734891,0.0761395498029888,0.376441215517931,91.6388945486936,95.5852374316343,28.5554195083798,5.34372711769415
"228",0.574783261260018,0.502858721556142,0.356958266527392,0.893090399018489,65.1062719379519,64.6477779463592,28.5554195083798,5.34372711769415
"229",0.0482897885907441,0.00892305684648454,0.502777191878296,0.629152007377706,36.1363552852387,39.7090396713731,28.5554195083798,5.34372711769415
"230",0.279676817404106,0.924770752903074,0.0122362560024485,0.994854954496957,48.5698007592371,49.648891971603,28.5554195083798,5.34372711769415
"231",0.209214536303654,0.47323370175343,0.322875433044508,0.0334747035801411,65.8643424313965,62.0008424702882,28.5554195083798,5.34372711769415
"232",0.00779766360856593,0.00491683334577829,0.0192471435340121,0.0935317682502791,31.4388775889681,45.2671014214869,28.5554195083798,5.34372711769415
"233",0.789117920373566,0.997427413583733,0.403629286924377,0.607738590298221,86.7425858609084,91.0116991206304,28.5554195083798,5.34372711769415
"234",0.0454006623728201,0.990950424664654,0.408834312455729,0.0746686244131997,45.164420855639,50.3270994380066,28.5554195083798,5.34372711769415
"235",0.116550536293536,0.429554348610342,0.929419155172072,0.387562600535341,48.4807221828325,45.525723879772,28.5554195083798,5.34372711769415
"236",0.837638151137158,0.22957987901289,0.887700917591341,0.920462086769752,81.6587000947214,84.951288588659,28.5554195083798,5.34372711769415
"237",0.594289131115191,0.564391787439585,0.63871626945585,0.431656540984288,78.6751274186562,79.978363424237,28.5554195083798,5.34372711769415
"238",0.0713143097832799,0.000703793638385832,0.0517707913788036,0.997938524807803,34.4710200925486,39.7827803175337,28.5554195083798,5.34372711769415
"239",0.96663278590329,0.929835791096091,0.787118181046098,0.0366900764219463,145.96775279783,141.465571597121,28.5554195083798,5.34372711769415
"240",0.590886191524565,0.0978436485156417,0.207723232024349,0.216383461217396,85.9162436557821,87.7373036609906,28.5554195083798,5.34372711769415
"241",0.0284848961671814,0.724520641144365,0.810339534052648,0.957009915717877,28.8031187245207,36.2600424738194,28.5554195083798,5.34372711769415
"242",0.159211606927216,0.0236395031223074,0.749140771272592,0.00162318399548531,62.3706520906867,60.7701541905613,28.5554195083798,5.34372711769415
"243",0.869151041164063,0.789683308167383,0.0205720841353759,0.991453841147944,82.5682564061365,83.9964917668511,28.5554195083798,5.34372711769415
"244",0.281908143818378,0.979955214463174,0.996757337219082,0.0832201747102663,70.0508869236377,65.9992364108695,28.5554195083798,5.34372711769415
"245",0.947068881368265,0.970472993402742,0.0473783021904528,0.0893618036909029,134.229485555391,133.164086156731,28.5554195083798,5.34372711769415
"246",0.257076995236799,0.0244415692007169,0.977593426129781,0.82341217682045,50.3543851734289,47.5555548843111,28.5554195083798,5.34372711769415
"247",0.795390747690573,0.973081682257354,0.971437453832477,0.970125722908415,76.7868229312641,77.9669972344967,28.5554195083798,5.34372711769415
"248",0.95103891510237,0.0158944348851219,0.216688195382245,0.93499588823691,96.8784301831447,93.0275321675261,28.5554195083798,5.34372711769415
"249",0.998918718896806,0.0389065646780655,0.897503130132332,0.148203107185662,184.027564575781,141.866766358795,28.5554195083798,5.34372711769415
"250",0.153596426734701,0.578837291542441,0.133228002710268,0.544168377866037,48.6040831361859,46.1229915493241,28.5554195083798,5.34372711769415
