"","fit","rmse","prmse","poarmse","pwbrmse","xi","pi","rep","elapsed","sigma2","delta","beta.1","beta.2","beta.3","beta.4","beta.5","beta.6","beta.7","beta.8","input.dim","input.ss","pred.ss","seed.start","seed.preds","seed.fit","func.string","batch.name"
"1","PredictMean",0.232334894044807,0.22344289017284,0.9617276435874,20.6103698649202,1.34499012869258,1.29351418711583,1,0.0579999999999927,0.0499267251687919,0,0,0,0,0,0,0,0,0,8,80,2000,1024,1124,1324,"","Detpep108d2"
"2","PredictMean",0.219259977583598,0.220477175317591,1.00555139039695,24.408536566947,1.3451552082619,1.35262268996745,2,0.0599999999999454,0.0486101848360236,0,0,0,0,0,0,0,0,0,8,80,2000,1025,1125,1325,"","Detpep108d2"
"3","PredictMean",0.237019849525283,0.213855411290835,0.902267939664787,24.533738843143,1.31172035281821,1.18352322015366,3,0.0739999999998417,0.0457341369383722,0,0,0,0,0,0,0,0,0,8,80,2000,1026,1126,1326,"","Detpep108d2"
"4","PredictMean",0.185728108644843,0.192908845971322,1.03866263097639,16.1068895763089,1.26346449528262,1.3123133568155,4,0.06899999999996,0.0372138228539872,0,0,0,0,0,0,0,0,0,8,80,2000,1027,1127,1327,"","Detpep108d2"
"5","PredictMean",0.213413381742583,0.20453349854975,0.958391160290296,23.7764873558918,1.30486271219213,1.25056888875735,5,0.0589999999999691,0.0418339520290004,0,0,0,0,0,0,0,0,0,8,80,2000,1028,1128,1328,"","Detpep108d2"
"6","LM",0.172740965965788,0.147312381094868,0.852793547096659,15.0673074128261,1,0.852793547096659,1,0.0589999999999691,0.0217009376238395,0,-0.041461196061154,-0.231936751849224,0.330191730516044,0.203384792671216,0.257905728713819,0.126270556196733,0.198516556758783,-0.041461196061154,8,80,2000,1024,1124,1324,"","Detpep108d2"
"7","LM",0.162999761095901,0.151779593986491,0.931164518070617,17.8889255387694,1,0.931164518070617,2,0.0589999999999691,0.023037045150704,0,0.116182703055499,-0.183391925199878,0.300364381571974,0.276863962217345,0.197127616637907,0.0373084605998596,0.108297743807243,0.116182703055499,8,80,2000,1025,1125,1325,"","Detpep108d2"
"8","LM",0.180693887242086,0.161853741552466,0.89573446021238,18.4658402519136,1,0.89573446021238,3,0.0599999999999454,0.0261966336545326,0,0.0952161885787746,-0.0944491951413229,0.286797692753237,0.155860199992114,0.208011392890897,0.167101177876736,0.204163062446794,0.0952161885787746,8,80,2000,1026,1126,1326,"","Detpep108d2"
"9","LM",0.146999072263838,0.133729410087929,0.909729619571397,12.539667826188,1,0.909729619571397,4,0.0570000000000164,0.0178835551224656,0,0.165155227823536,-0.228442575915138,0.272178641744776,0.223249941368505,0.233724326492281,0.231644648807066,0.107772914229429,0.165155227823536,8,80,2000,1027,1127,1327,"","Detpep108d2"
"10","LM",0.163552364358742,0.148390231182666,0.907294931286847,17.9878116099034,1,0.907294931286847,5,0.0570000000000164,0.022019660710445,0,0.0309729562436253,-0.142238435305188,0.287472968612576,0.0618045867212689,0.285763453081656,0.075459713082857,0.112010332645628,0.0309729562436253,8,80,2000,1028,1128,1328,"","Detpep108d2"
"11","QM",0.0766639015166277,0.0328569930963273,0.42858493301702,6.13080690644186,0.443808456714381,0.19020961769332,1,0.0819999999998799,0.0010795819953321,0,0.0324267848118474,0.0308607370504849,-1.29233193691881,0.122148895257406,0.953361453201945,-1.20020856939961,0.177911687965368,0.0324267848118474,8,80,2000,1024,1124,1324,"","Detpep108d2"
"12","QM",0.0649713826088757,0.0317246668345768,0.48828677427965,6.52908838638053,0.398598023531148,0.194630143144268,2,0.0860000000000127,0.0010064544857649,0,0.0647269556171285,0.163980556547958,-1.29344789711886,0.0779476983120802,0.911090537494963,-1.50880014089083,-0.0333720863058421,0.0647269556171285,8,80,2000,1025,1125,1325,"","Detpep108d2"
"13","QM",0.0715003184662255,0.0324935953163781,0.454453854380062,6.70260576308151,0.395698601416618,0.179826754586582,3,0.0879999999999654,0.00105583373658455,0,0.0799564041164074,0.0337835490107968,-1.45461487602942,0.180069117753274,1.00787056650108,-1.30092041312492,-0.147524840809455,0.0799564041164074,8,80,2000,1026,1126,1326,"","Detpep108d2"
"14","QM",0.0628070745235151,0.0301538184505453,0.4801022604429,4.78498158584792,0.427261706868376,0.205129311268199,4,0.0879999999999654,0.000909252767148446,0,-0.146942802265637,0.0986771078734075,-0.992463469378418,-0.0259528211460641,0.93432668650702,-1.2622994574012,0.233645937909275,-0.146942802265637,8,80,2000,1027,1127,1327,"","Detpep108d2"
"15","QM",0.0635569145810563,0.0301619716296447,0.474566328911044,6.37871766821279,0.388602847964021,0.184417826962662,5,0.0779999999999745,0.00090974453258749,0,-0.113102237391869,0.102524083309083,-1.13117551424621,0.159618371285973,0.921532444041537,-0.999132872024796,0.118173429252171,-0.113102237391869,8,80,2000,1028,1128,1328,"","Detpep108d2"
"16","sklearnRBF",0.0171144568957118,0.0130401043117046,0.761935034875216,0.591882033364475,0.0990758434169077,0.075489356209153,1,0.2,-1234,1e-10,1,1,1,1,1,1,1,1,8,80,2000,1024,1124,1324,"","Detpep108d2"
"17","sklearnRBF",0.0143647346454121,0.0115659647462211,0.805163828759975,0.664630679683819,0.0881273355791028,0.0709569429332856,2,0.18,-1234,1e-10,1,1,1,1,1,1,1,1,8,80,2000,1025,1125,1325,"","Detpep108d2"
"18","sklearnRBF",0.0234457735216605,0.013912869656953,0.593406297476153,1.52577266957423,0.129754104466461,0.0769969027137765,3,0.16,-1234,1e-10,1,1,1,1,1,1,1,1,8,80,2000,1026,1126,1326,"","Detpep108d2"
"19","sklearnRBF",0.0136519829687295,0.0080633978405701,0.590639312914444,0.25744544995231,0.0928712185627034,0.0548533927214023,4,0.17,-1234,1e-10,1,1,1,1,1,1,1,1,8,80,2000,1027,1127,1327,"","Detpep108d2"
"20","sklearnRBF",0.0163394475938959,0.0115176917045303,0.704900923874141,0.896948136086072,0.0999034630771607,0.0704220434213167,5,0.17,-1234,1e-10,1,1,1,1,1,1,1,1,8,80,2000,1028,1128,1328,"","Detpep108d2"
"21","GPy",0.01075108364628,0.00837246582637314,0.778755528450389,0,0.0622381818126994,0.0484683281673401,1,2.83,218.353354933979,1.8613312604386e-05,413.939295585774,1.06912454828745,2.78428455127127,21.7228356420936,29.6148828684931,146.940879417818,183.913638488169,413.939295585774,8,80,2000,1024,1124,1324,"","Detpep108d2"
"22","GPy",0.00862938237335655,0.00620735786501751,0.719328173958648,0,0.052941073749669,0.0380820059077595,2,2.07,37.936298513082,2.6001473679654e-47,207.807062419398,0.885899224106048,2.11980937190357,14.0943541860819,14.3496738123935,14.2100837894418,26.1300047236614,207.807062419398,8,80,2000,1025,1125,1325,"","Detpep108d2"
"23","GPy",0.0107403681700936,0.00913422044327645,0.850456920900581,0.15704130469935,0.0594395767008109,0.0505507993806056,3,1.73,24.8647692154037,2.61439484363669e-06,107.973957003792,0.798988413249006,1.84220363972292,10.1818365120398,12.0961726677492,12.3795832103195,31.0405670076727,107.973957003792,8,80,2000,1026,1126,1326,"","Detpep108d2"
"24","GPy",0.0110043723508091,0.00554550471659952,0.503936484500344,0.0135815415094698,0.0748601483079985,0.0377247599675072,4,1.58,10.7490946828792,3.49504288719201e-48,89.9617539301884,0.756928796919287,1.7523501664633,8.98882421722986,10.6009014560498,31.3669316139409,29.0501202792743,89.9617539301884,8,80,2000,1027,1127,1327,"","Detpep108d2"
"25","GPy",0.0110842794656533,0.0082706120171747,0.746156937201259,0.286842970143206,0.0677720527557809,0.0505685873120956,5,2.07,51.6618067190941,1.14960166552173e-05,155.436995119152,0.904211565572254,2.23479914720456,10.5958709435307,17.4680579211249,67.9964330744288,124.274729378297,155.436995119152,8,80,2000,1028,1128,1328,"","Detpep108d2"
"26","DACEregpoly0corrgauss",0.0358076057739919,0.0319257703900783,0.891591875524581,2.33060433274386,0.207290758007477,0.184818755710798,1,1.5391,0.25814,0,0.00011096,0.20306,0.082469,0.0041866,0.0025772,0.0015864,0.0012886,0.00011096,8,80,2000,1024,1124,1324,"","Detpep108d2"
"27","DACEregpoly0corrgauss",0.0281947449265259,0.0286595757993729,1.01648643653483,2.26729581639329,0.172974148777662,0.175825876103652,2,0.32199,0.4435,0,0.00013083,0.15389,0.058315,0.0024046,0.0015864,0.00091117,0.0010467,0.00013083,8,80,2000,1025,1125,1325,"","Detpep108d2"
"28","DACEregpoly0corrgauss",0.0680761696438256,0.049387315173028,0.725471415789436,6.3337281270256,0.376748603302889,0.27332034263484,3,0.29656,0.10091,0,0.00026166,0.17678,0.43528,0.022097,0.0059208,0.0096183,0.00097656,0.00026166,8,80,2000,1026,1126,1326,"","Detpep108d2"
"29","DACEregpoly0corrgauss",0.0242559714779445,0.0277017907182911,1.14206065683577,1.23414877083991,0.16500765007829,0.188448745231339,4,0.29708,0.33641,0,1e-04,0.17076,0.054409,0.0030648,0.0020933,0.00082119,0.00037005,1e-04,8,80,2000,1027,1127,1327,"","Detpep108d2"
"30","DACEregpoly0corrgauss",0.0328383616441076,0.0320895584575419,0.977197303730283,2.81240972529461,0.200781943892164,0.196203574209148,5,0.27916,0.22901,0,0.00018502,0.25,0.054409,0.0051543,0.013602,0.0012886,0.0011218,0.00018502,8,80,2000,1028,1128,1328,"","Detpep108d2"
"31","JMP2WN",0.057803165760186,0.0263681253599872,0.456170955573322,4.37649670135219,0.334623379214136,0.152645466653287,1,6.154174,0.89269972,0,0,0.314877,0.79646853,0.01458561,0.01082379,0.00601271,0.00743352,0,8,80,2000,1024,1124,1324,"","Detpep108d2"
"32","JMP2WN",0.0521039813539927,0.0230453941168295,0.442296222245665,5.03797341451285,0.319656795836266,0.141382993213534,2,54.977761,4.54355872,0,1.54812e-05,0.1232261,0.30010318,0.00291665,0.00180391,0.00222036,0.00121756,1.54812e-05,8,80,2000,1025,1125,1325,"","Detpep108d2"
"33","JMP2WN",0.054049870497901,0.0245040304847998,0.453359652096696,4.82269915605481,0.299123956669808,0.135610732929611,3,71.609192,4.00304778,0,0.00016598,0.13929397,0.3959982,0.00336132,0.00420238,0.00104662,0.00064774,0.00016598,8,80,2000,1026,1126,1326,"","Detpep108d2"
"34","JMP2WN",0.0478455327227743,0.0242608267583774,0.507065662722349,3.40691638427936,0.325481868599143,0.165040679405333,4,24.613421,2.27730066,0,0.00031982,0.19413649,0.43220131,0.00742772,0.00470424,0.00277084,0.00146328,0.00031982,8,80,2000,1027,1127,1327,"","Detpep108d2"
"35","JMP2WN",0.0112218241246712,0.00852654419416213,0.759818020620776,0.302811385418761,0.0686130351503622,0.0521334205567319,5,46.521651,13.0734281,0,8.41988e-05,0.8429414,0.15569284,0.01107063,0.00341159,0.00030109,0.00013879,8.41988e-05,8,80,2000,1028,1128,1328,"","Detpep108d2"
"36","JMP2NN",0.10067699034695,0.0489744487462595,0.486451259393884,8.36435746007657,0.582820582159353,0.283513806192094,1,49.165823,0.01128355,0,0,2.10634193,5.63642311,0.59169826,0.3845496,0.1445317,0.21932981,0,8,80,2000,1024,1124,1324,"","Detpep108d2"
"37","JMP2NN",0.0325244706288425,0.0333466705234571,1.02527942434474,2.76903806340331,0.199536922079945,0.204581100605647,2,44.648063,0.08453521,0,0.00557403,3.69158985,1.51037698,0.1026918,0.07758931,0.05645558,0.02619285,0.00557403,8,80,2000,1025,1125,1325,"","Detpep108d2"
"38","JMP2NN",0.10187136452356,0.0498900442974347,0.489735702773436,9.97442607675671,0.56377869820841,0.276102556975789,3,62.104527,0.01238,0,0,1.76371271,5.57809266,0.69917462,0.37747338,0.14282549,0.08891359,0,8,80,2000,1026,1126,1326,"","Detpep108d2"
"39","JMP2NN",0.0782964693186393,0.0457804883656782,0.584706932050379,6.21166583034611,0.532632404496477,0.311433859143752,4,58.611483,0.01000771,0,0,1.82980698,5.36511829,0.46569301,0.39347059,0.36021452,0.10833568,0,8,80,2000,1027,1127,1327,"","Detpep108d2"
"40","JMP2NN",0.0600685757565678,0.0421158534283707,0.70112954898495,5.97373470944849,0.367274273240167,0.257506845550653,5,52.623012,0.0367491,0,0.02227951,1.25280063,2.17701318,0.23181355,0.20771596,0.09499492,0.06505582,0.02227951,8,80,2000,1028,1128,1328,"","Detpep108d2"
"41","mlegpE",0.0144806647671305,0.00884765035617129,0.61099752659522,0.346902809387122,0.0838287819346712,0.0512191784195742,1,2.38600000000019,121.242534500849,4.58855620265862e-05,0.000162569379652899,0.534290721690731,0.085312097107612,0.000113250268469085,0.000101584015297813,2.12238604020582e-05,2.86805298734554e-05,0.000162569379652899,8,80,2000,1024,1124,1324,"","Detpep108d2"
"42","mlegpE",0.0160573219388257,0.0159074629098817,0.990667246411636,0.860773024544973,0.0985113219238302,0.097591940030651,2,2.51099999999997,10.1842517942264,0.000199251603616577,0.000192775077596467,0.934362059876654,0.117475822217789,0.0027622420095797,0.00115857303770024,0.000117401446408376,0.00101309576567423,0.000192775077596467,8,80,2000,1025,1125,1325,"","Detpep108d2"
"43","mlegpE",0.0171132014678804,0.0135719065203458,0.793066484130324,0.843575624261542,0.0947082479052149,0.0751099371843319,3,2.49000000000001,18.6802138713748,5.17806111057677e-05,0.000960334912017153,0.677074354655306,0.187567036140485,0.0269975748649811,0.00124430712667964,0.000121114077008697,3.14471631864979e-05,0.000960334912017153,8,80,2000,1026,1126,1326,"","Detpep108d2"
"44","mlegpE",0.0108569186593719,0.0072995051825357,0.672336729375294,0,0.0738570556410424,0.0496568112309876,4,2.42699999999991,11.1692205961046,9.8777074283698e-06,2.77442760820141e-05,0.795385765226943,0.179425152183608,0.00395852182674864,0.00901730343906427,0.000251703331795653,0.000108848464422739,2.77442760820141e-05,8,80,2000,1027,1127,1327,"","Detpep108d2"
"45","mlegpE",0.0163154988619715,0.015086960207708,0.924701128377569,0.894167778786689,0.0997570345494027,0.0922454424114329,5,2.5150000000001,0.825256534158124,1.50289997204793e-06,0.00182511912824677,1.67155141189696,0.424217037219559,0.116352686697928,0.0076321969669642,0.0203099045048457,0.00879779566358396,0.00182511912824677,8,80,2000,1028,1128,1328,"","Detpep108d2"
"46","mlegp0",0.0113657243137753,0.00940774896315921,0.827729822001491,0.0571701130525479,0.0657963457031164,0.0544615975171891,1,2.75299999999993,7.38988074578704,0,0.000344971169137637,1.07341607477816,0.196794514814614,0.0123800696697126,0.00721258103084446,0.00177267214564931,0.00121148772075025,0.000344971169137637,8,80,2000,1024,1124,1324,"","Detpep108d2"
"47","mlegp0",0.00977708074385716,0.00653456268305219,0.66835519254127,0.132998900830279,0.0599821783671498,0.0400894003716212,2,2.54399999999987,22.3979818429012,0,1.82910708625983e-05,0.652409455016069,0.130313591263184,0.00353718840438197,0.00275091138427702,0.00389115972379196,0.000908314439815348,1.82910708625983e-05,8,80,2000,1025,1125,1325,"","Detpep108d2"
"48","mlegp0",0.00928261430812487,0.00783836448621269,0.844413462202339,0,0.0513720439014543,0.0433792454512376,3,2.60100000000011,44.8440990930846,0,3.13892269264359e-05,0.642310140715606,0.10994039194671,0.00408953741779964,0.0033933834176294,0.00240079743022915,0.000447713223272453,3.13892269264359e-05,8,80,2000,1026,1126,1326,"","Detpep108d2"
"49","mlegp0",0.018477008002665,0.0151712296786592,0.821086924705072,0.701864827615276,0.125694725266715,0.103206295420896,4,2.90499999999997,0.24875551437362,0,0.00121335031073373,2.97675014253095,1.0092512817952,0.068386650112893,0.0287103608552462,0.00550863858530629,0.00361102478377396,0.00121335031073373,8,80,2000,1027,1127,1327,"","Detpep108d2"
"50","mlegp0",0.008613544715887,0.00696143304257349,0.808196076318461,0,0.0526653634733995,0.0425639401170871,5,2.5,27.8743548228438,0,5.60938417647569e-05,0.681610668070136,0.0958977966227328,0.00499571826458351,0.00365249087037654,0.00069338497804154,0.00385792058724529,5.60938417647569e-05,8,80,2000,1028,1128,1328,"","Detpep108d2"
"51","laGPE",0.0799893448223806,0.0620833840743536,0.776145675554815,6.44011928974784,0.463059497063498,0.359401626170421,1,0.1550000000002,0,0.00528775996360809,2.37033840626034,0.665894295305011,0.333465034980694,2.63977241620839,2.58746541217839,2.40352685489202,3.43649037713891,2.37033840626034,8,80,2000,1024,1124,1324,"","Detpep108d2"
"52","laGPE",0.0456847847407557,0.058832439017643,1.2877906583449,4.29409669941254,0.280275163801479,0.360935737709632,2,0.1400000000001,0,0.00163776057247972,3.42875,0.205534430910328,0.395819849806724,2.65290273108304,3.42875,3.42875,3.42875,3.42875,8,80,2000,1025,1125,1325,"","Detpep108d2"
"53","laGPE",0.0741026880037118,0.0651986537884765,0.879841953711729,6.98295453672478,0.410100690923939,0.360823793121049,3,0.118999999999915,0,0.00371498802749041,3.33296875,0.532285040057579,0.322151496279051,1.73886641411912,2.13974256914342,2.17250959585852,3.14459311703564,3.33296875,8,80,2000,1026,1126,1326,"","Detpep108d2"
"54","laGPE",0.0458341367087697,0.0503234321511823,1.09794654737227,3.22165239943148,0.311798816161951,0.342338433679775,4,0.120999999999867,0,0.00101412565467125,3.39765625,0.200499703425675,0.430068477877706,3.04760217319649,3.28402530430338,3.39765625,3.39765625,3.39765625,8,80,2000,1027,1127,1327,"","Detpep108d2"
"55","laGPE",0.0710002262573812,0.0588767551845128,0.829247430438885,7.2428580333979,0.434113114388532,0.359987184626512,5,0.146999999999935,0,0.00188650094325418,3.39078125,0.496037284733443,0.409872720461675,2.09308678394661,2.76661891440834,3.39078125,2.35476783182085,3.39078125,8,80,2000,1028,1128,1328,"","Detpep108d2"
"56","laGP6",0.01811863903164,0.0176496731187841,0.974116934939926,0.685284909666684,0.104889068614034,0.102174218027006,1,0.106999999999971,0,1e-06,64,0.601105145901149,2.3366170466477,63.141750888226,64,64,64,64,8,80,2000,1024,1124,1324,"","Detpep108d2"
"57","laGP6",0.0140428936649198,0.0166243268687108,1.18382487722168,0.627334733512055,0.0861528481422597,0.101989884874309,2,0.131000000000085,0,1e-06,64,0.54711050436678,2.09206211275516,46.6372025507474,64,64,64,64,8,80,2000,1025,1125,1325,"","Detpep108d2"
"58","laGP6",0.0230245895190406,0.0185654741360983,0.806332469933729,1.48039924473515,0.127423178893668,0.102745446564139,3,0.117999999999938,0,1e-06,64,0.498922194690601,1.80074452635888,52.7626682211969,59.1931029014066,64,64,64,8,80,2000,1026,1126,1326,"","Detpep108d2"
"59","laGP6",0.0162651302048324,0.014363647840775,0.883094550113565,0.498135033994389,0.110647842563519,0.097712506749667,4,0.126999999999953,0,1e-06,64,0.524692210840266,1.92586907938383,55.8938525149364,64,64,64,64,8,80,2000,1027,1127,1327,"","Detpep108d2"
"60","laGP6",0.0165217355940328,0.0168225221897361,1.01820550837358,0.918111084227589,0.101018017433202,0.102857101795465,5,0.163999999999987,0,1e-06,64,0.54417371830688,2.16103634556563,36.4875165457468,64,64,64,64,8,80,2000,1028,1128,1328,"","Detpep108d2"
"61","GPfit2",0.011180824165662,0.00477637773851576,0.427193708419524,0.0399718329352428,0.0647259560183098,0.0276505211824608,1,124.547,127.673937559003,1.49449924308309e-07,4.83546457147319e-06,0.484769436676679,0.0752949702907701,0.0018429891660587,0.000577639660733357,3.70639338257191e-05,2.55502657149717e-05,4.83546457147319e-06,8,80,2000,1024,1124,1324,"","Detpep108d2"
"62","GPfit2",0.00995366989917913,0.00707403818949276,0.710696482919948,0.153462608159693,0.0610655490060679,0.0433990709061882,2,148.002,12.9028725978369,1.49555196547188e-12,3.08934308779904e-05,0.806747627089742,0.160508907205963,0.00479489900369339,0.00439629060955003,0.00399034333806324,0.00120325467781624,3.08934308779904e-05,8,80,2000,1025,1125,1325,"","Detpep108d2"
"63","GPfit2",0.0103150811747609,0.00826400007838983,0.80115705716503,0.111225871544865,0.0570859442574346,0.0457348071067732,3,97.385,23.7749410129447,8.08113509683641e-08,4.31701810936475e-05,0.772491208071231,0.144676497064813,0.0053981860061874,0.00383731973240792,0.00336417492234865,0.000524154910620091,4.31701810936475e-05,8,80,2000,1026,1126,1326,"","Detpep108d2"
"64","GPfit2",0.0112920479186643,0.00563505060984684,0.499028223262567,0.0400785225480931,0.0768171373108877,0.038333919548369,4,99.1139999999999,7.77951789029512,0,6.91335980303953e-05,0.906393737455732,0.179577772233062,0.0086299693283265,0.00575963793842594,0.000572504430845804,0.000644298236766136,6.91335980303953e-05,8,80,2000,1027,1127,1327,"","Detpep108d2"
"65","GPfit2",0.0106989023648745,0.00518695749149047,0.484812115728781,0.242102144677002,0.0654157609205034,0.0317143534538774,5,111.258,69.6339893603519,1.42503224344609e-07,1.86155127151342e-05,0.555902814420141,0.086626250718035,0.00458845382751125,0.00150547219267462,8.6266475474979e-05,2.48204280508317e-05,1.86155127151342e-05,8,80,2000,1028,1128,1328,"","Detpep108d2"
"66","GPfit1.95",0.0185737737107999,0.0194815623457023,1.04887475475027,0.727618751922425,0.107523849985177,0.112779051783007,1,100.791,1.20122645691953,0,0.00029386529743698,0.590036496177228,0.241920679969633,0.00637125237584981,0.00488317583004154,0.00226904350852132,0.0014908791088672,0.00029386529743698,8,80,2000,1024,1124,1324,"","Detpep108d2"
"67","GPfit1.95",0.0166599742995514,0.0200860167830008,1.20564512416695,0.930610277624214,0.102208581089573,0.123227277438665,2,97.245,0.807776729138051,0,0.000592300369539767,0.639512719966322,0.331717566182293,0.0125346614550535,0.011198957271699,0.00539110513945505,0.00249287108870223,0.000592300369539767,8,80,2000,1025,1125,1325,"","Detpep108d2"
"68","GPfit1.95",0.0230470351512857,0.0206761633539441,0.897128989400213,1.48281727391314,0.127547397994755,0.114426468263661,3,92.062,1.1089658768337,0,0.000563263789651455,0.709421743442142,0.304121865292227,0.008963706661096,0.00533104642108488,0.00345442377824287,0.00132992377820279,0.000563263789651455,8,80,2000,1026,1126,1326,"","Detpep108d2"
"69","GPfit1.95",0.0151883027488689,0.0167081694055532,1.10006823552405,0.398951509667805,0.103322439488655,0.113661733698325,4,96.9159999999999,0.787231325705757,0,0.000471968223499992,0.658017116333579,0.282060207903656,0.00698280633956175,0.0060690193886252,0.00306773074415801,0.00182081667181768,0.000471968223499992,8,80,2000,1027,1127,1327,"","Detpep108d2"
"70","GPfit1.95",0.0187493601355256,0.019272182421496,1.02788480685161,1.17672987764769,0.114638270189724,0.117834936211767,5,91.4119999999999,1.00075682216942,0,0.00062698129270037,0.651320198598128,0.252532487623699,0.00956947009426886,0.00566735131450396,0.00264909528345724,0.00146857319901915,0.00062698129270037,8,80,2000,1028,1128,1328,"","Detpep108d2"
"71","Dice2",0.0400052785800638,0.0365980117184669,0.914829567933695,2.72104616578869,0.231591147799804,0.211866429678964,1,0.634999999999991,0.100881091007955,1.00881092523669e-09,1.975,0.37796226605212,0.600316569820561,1.975,1.975,1.975,1.975,1.975,8,80,2000,1024,1124,1324,"","Detpep108d2"
"72","Dice2",0.0310189650769283,0.0353828508122921,1.14068444013335,2.59457533979491,0.190300678162824,0.217073022527159,2,0.347999999999956,0.0959571496939924,9.59571511357255e-10,1.975,0.374565351156795,0.604023576081007,1.975,1.975,1.975,1.975,1.975,8,80,2000,1025,1125,1325,"","Detpep108d2"
"73","Dice2",0.0430564524364515,0.0383722065225227,0.891206877277166,3.63839722380419,0.238283945813653,0.212360291253867,3,0.403999999999996,0.0956787356308434,9.56787370683934e-10,1.975,0.348516625951517,0.562083718643079,1.975,1.975,1.975,1.975,1.975,8,80,2000,1026,1126,1326,"","Detpep108d2"
"74","Dice2",0.0316815218828089,0.031448344476979,0.992639955659565,1.91809516832484,0.215521917212825,0.213935666345803,4,0.378999999999905,0.0690749917575491,6.90749927953843e-10,1.975,0.36131974080436,0.585879615664835,1.975,1.975,1.975,1.975,1.975,8,80,2000,1027,1127,1327,"","Detpep108d2"
"75","Dice2",0.0354831183045459,0.0358003633620303,1.00894073217471,3.11945598182129,0.216952646595288,0.218892362103091,5,0.55399999999986,0.0853234703139503,8.53234715959149e-10,1.975,0.354346034016002,0.594623757318979,1.975,1.975,1.975,1.975,1.975,8,80,2000,1028,1128,1328,"","Detpep108d2"
"76","DiceM52",0.0468983857599583,0.0440406671621014,0.939065736452346,3.36220080718892,0.271495446941328,0.254952071825417,1,0.41599999999994,0.0582323136147047,5.82323144896312e-10,1.975,0.562207710568507,0.684489905838842,1.975,1.975,1.975,1.975,1.975,8,80,2000,1024,1124,1324,"","Detpep108d2"
"77","DiceM52",0.0355614859496462,0.0432222802872945,1.21542390968971,3.12097696116042,0.218168945221481,0.265167752373971,2,0.488999999999805,0.0554977237839672,5.54977246178071e-10,1.975,0.539381877039244,0.679960029655757,1.975,1.975,1.975,1.975,1.975,8,80,2000,1025,1125,1325,"","Detpep108d2"
"78","DiceM52",0.0449577690866729,0.0468802744190214,1.04276247179085,3.84322278125057,0.248806253342928,0.259445823732892,3,0.538000000000011,0.0600332942588421,6.00332951608279e-10,1.975,0.53778256830789,0.622862081034566,1.975,1.975,1.975,1.975,1.975,8,80,2000,1026,1126,1326,"","Detpep108d2"
"79","DiceM52",0.0327987099333979,0.0392376621564076,1.19631724040625,2.02099619260622,0.223121883888695,0.266924556407967,4,0.537000000000035,0.046363046067823,4.63630467644166e-10,1.975,0.54077493947549,0.707244165495027,1.975,1.975,1.975,1.975,1.975,8,80,2000,1027,1127,1327,"","Detpep108d2"
"80","DiceM52",0.0379644540565463,0.0445020419108503,1.17220286757098,3.40752968827386,0.232124153052742,0.272096597840909,5,0.426000000000158,0.054714431541483,5.47144323635542e-10,1.975,0.540745069082922,0.684714875222689,1.975,1.975,1.975,1.975,1.975,8,80,2000,1028,1128,1328,"","Detpep108d2"
"81","PredictMean",0.238560626479923,0.207797069999375,0.871045122011628,63.1882106873395,1.35239476436911,1.17799686253777,1,0.0630000000001019,0.0431796223003252,0,0,0,0,0,0,0,0,0,8,160,2000,1024,1124,1324,"","Detpep108d2"
"82","PredictMean",0.205644476443696,0.201467832798933,0.979689978953038,57.636811145045,1.37246097095963,1.34458625975331,2,0.056999999999789,0.0405892876526987,0,0,0,0,0,0,0,0,0,8,160,2000,1025,1125,1325,"","Detpep108d2"
"83","PredictMean",0.174724818040181,0.189904812803992,1.0868794423945,62.2925839062932,1.38823012923044,1.50883878877322,3,0.066000000000713,0.0360638379261192,0,0,0,0,0,0,0,0,0,8,160,2000,1026,1126,1326,"","Detpep108d2"
"84","PredictMean",0.167531672578379,0.180548424837514,1.07769726200904,61.1765393561896,1.35951677522101,1.46514750631104,4,0.056999999999789,0.0325977337113074,0,0,0,0,0,0,0,0,0,8,160,2000,1027,1127,1327,"","Detpep108d2"
"85","PredictMean",0.198090467007682,0.182480364832273,0.921197105488152,65.3322636971939,1.38252469910914,1.27357775108522,5,0.0560000000004948,0.0332990835493193,0,0,0,0,0,0,0,0,0,8,160,2000,1028,1128,1328,"","Detpep108d2"
"86","LM",0.176398661666819,0.166324777106299,0.942891377602694,46.4626287963214,1,0.942891377602694,1,0.0600000000004002,0.0276639314794599,0,0.0979497430024489,-0.117848926055554,0.293825403340151,0.184769579868124,0.185267495535035,0.171715771237182,0.0680635926241283,0.0979497430024489,8,160,2000,1024,1124,1324,"","Detpep108d2"
"87","LM",0.149836301938632,0.152499758924089,1.01777577897343,41.7238459859779,1,1.01777577897343,2,0.0640000000003056,0.0232561764719052,0,-0.0110708910221544,-0.165004263258131,0.283926306037551,0.203575674737775,0.168465273575495,0.134935285565102,0.0587918485335739,-0.0110708910221544,8,160,2000,1025,1125,1325,"","Detpep108d2"
"88","LM",0.125861566004938,0.126224894440271,1.00288673061099,44.5922851504304,1,1.00288673061099,3,0.0579999999999927,0.0159327239764576,0,0.0603953935897911,-0.167683161422188,0.274848447284144,0.225186059195687,0.215109082005284,0.127014054821584,0.0668419015253686,0.0603953935897911,8,160,2000,1026,1126,1326,"","Detpep108d2"
"89","LM",0.123228838092965,0.123788688706852,1.00454317854937,44.7342936030209,1,1.00454317854937,4,0.0670000000000073,0.0153236394517619,0,0.0516066937398092,-0.144420091261641,0.27518716849516,0.198584154525497,0.174513801865459,0.153314462012151,0.0916461187532955,0.0516066937398092,8,160,2000,1027,1127,1327,"","Detpep108d2"
"90","LM",0.143281683962193,0.132530897917946,0.92496747841766,46.9790804026405,1,0.92496747841766,5,0.0649999999995998,0.0175644389029369,0,0.0905243582802207,-0.1280397440311,0.296069042054415,0.19156122828172,0.170795184596629,0.118593994574529,0.0638666325608057,0.0905243582802207,8,160,2000,1028,1128,1328,"","Detpep108d2"
"91","QM",0.0573444090476969,0.042615458662224,0.743149321266491,14.4293483547852,0.32508415033221,0.241586065673876,1,0.089999999999236,0.00181607731699172,0,0.0398807494099256,0.169957047366775,-1.12844230913144,0.0269586680300983,0.853781816012638,-1.42941258694483,0.0920956983911739,0.0398807494099256,8,160,2000,1024,1124,1324,"","Detpep108d2"
"92","QM",0.0490406058793317,0.038663944375406,0.788406743394274,12.9832821922269,0.32729455575737,0.258041234835343,2,0.100999999999658,0.00149490059466449,0,-0.0101934470984454,0.0945560922938942,-0.895099996209661,-0.0281451135623605,0.80218806818457,-1.25122927906032,0.0378990337331298,-0.0101934470984454,8,160,2000,1025,1125,1325,"","Detpep108d2"
"93","QM",0.0411115678468081,0.0295465303461361,0.718691402289344,13.8923168823388,0.326641159424277,0.234754192912051,3,0.0799999999999272,0.000872997455495139,0,0.0152507167328428,0.00897871058693149,-0.784436661683552,-0.0134844476912013,0.675314573256305,-1.10367363749801,0.0256380138846801,0.0152507167328428,8,160,2000,1026,1126,1326,"","Detpep108d2"
"94","QM",0.0428881274468686,0.0277333477113371,0.646643939997013,14.917201225732,0.348036450806372,0.225055661812009,4,0.117999999999483,0.000769138575277929,0,0.00591892659152915,0.170210449322194,-0.844381583936063,0.0320849015952892,0.720015254703082,-1.02994074958177,-0.135250532754656,0.00591892659152915,8,160,2000,1027,1127,1327,"","Detpep108d2"
"95","QM",0.047090293430809,0.0378138693353373,0.80300772368085,14.7685819444786,0.328655360047517,0.263912792547267,5,0.0859999999993306,0.00142988871410996,0,-0.0988140499142768,0.135247133978369,-0.839137174491579,-0.0985480186414689,0.742807782321535,-0.992689405121757,-0.020048304083381,-0.0988140499142768,8,160,2000,1028,1128,1328,"","Detpep108d2"
"96","sklearnRBF",0.00771470670713852,0.00592973996139832,0.768628048544147,1.07575418800517,0.043734496816705,0.0336155609422842,1,0.58,-1234,1e-10,1,1,1,1,1,1,1,1,8,160,2000,1024,1124,1324,"","Detpep108d2"
"97","sklearnRBF",0.0071041968301722,0.00423304825026932,0.595851769237468,1.02566806107281,0.0474130550357672,0.0282511527280153,2,0.31,-1234,1e-10,1,1,1,1,1,1,1,1,8,160,2000,1025,1125,1325,"","Detpep108d2"
"98","sklearnRBF",0.00501683678540586,0.00367736995986839,0.733005700039113,0.817306589562203,0.0398599584023055,0.0292175767122118,3,0.33,-1234,1e-10,1,1,1,1,1,1,1,1,8,160,2000,1026,1126,1326,"","Detpep108d2"
"99","sklearnRBF",0.00554199769967923,0.00343774143975593,0.620307265727466,1.05681846771277,0.0449732204364234,0.0278972153998764,4,0.37,-1234,1e-10,1,1,1,1,1,1,1,1,8,160,2000,1027,1127,1327,"","Detpep108d2"
"100","sklearnRBF",0.00622196770628008,0.00382560364782827,0.61485430790117,1.08347836643947,0.0434247248791538,0.0266998791613708,5,0.34,-1234,1e-10,1,1,1,1,1,1,1,1,8,160,2000,1028,1128,1328,"","Detpep108d2"
"101","GPy",0.00371658009976242,0.00330787300786955,0.890031404968511,0,0.0210692080350489,0.0187522568290084,1,5.21,657.839928361174,2.6445626784109e-06,79.1558207741727,1.34123465516166,3.31076373305797,19.3302357091611,31.1745519822954,29.0633574240876,46.1229730973366,79.1558207741727,8,160,2000,1024,1124,1324,"","Detpep108d2"
"102","GPy",0.00350708833628435,0.0026719322766751,0.761866260690179,0,0.0234061324986567,0.0178323426439704,2,3.97,848.110925523127,1.89307499401295e-06,105.884904623207,1.42507814178789,3.94315802813554,21.9848529175387,30.8962487710608,40.7797186425221,51.6649326794622,105.884904623207,8,160,2000,1025,1125,1325,"","Detpep108d2"
"103","GPy",0.00276058911260231,0.0025322047354425,0.917269695762685,0,0.021933535393116,0.0201189673370436,3,5.21,183.554178706811,1.46626376745236e-06,75.6668537709862,1.22581191091812,3.09770450756135,16.8348795087572,18.2191607848918,27.9131969380869,31.3864517164501,75.6668537709862,8,160,2000,1026,1126,1326,"","Detpep108d2"
"104","GPy",0.00269445154576139,0.00240790016581957,0.893651314534644,0,0.0218654301010992,0.0195400703527126,4,4.61,312.929153085467,1.63130760081915e-06,80.4179738223028,1.32143581345781,3.564833630486,22.7406365839137,20.8637589342627,29.5941676631631,51.4070342408179,80.4179738223028,8,160,2000,1027,1127,1327,"","Detpep108d2"
"105","GPy",0.0029863366025312,0.00231679157570402,0.77579720040277,0,0.0208424169785665,0.016169488741599,5,4.18,597.391993350388,1.27436132462055e-06,87.811576747337,1.39447518923738,3.685472025724,24.5801098791898,26.1957407436506,35.9414042836435,54.141264801004,87.811576747337,8,160,2000,1028,1128,1328,"","Detpep108d2"
"106","DACEregpoly0corrgauss",0.0235022628166249,0.0148692041481715,0.632671171460706,5.3236260717554,0.133233793241674,0.0842931800483632,1,1.337,0.25924,0,0.00026166,0.17678,0.125,0.0096183,0.0017003,0.0010467,0.0025772,0.00026166,8,160,2000,1024,1124,1324,"","Detpep108d2"
"107","DACEregpoly0corrgauss",0.0129659620453631,0.0117878681448343,0.909139491816568,2.69707312793271,0.0865341834896161,0.0786716436025112,2,0.55349,0.76098,0,0.0001139,0.17678,0.029157,0.0024046,0.0015864,0.00079322,0.00017263,0.0001139,8,160,2000,1025,1125,1325,"","Detpep108d2"
"108","DACEregpoly0corrgauss",0.0118259838639244,0.0102268428192673,0.864777335817675,3.28386238645143,0.0939602472724708,0.0812546923090572,3,0.57717,1.0472,0,0.00014517,0.11266,0.025383,0.002022,0.00085015,0.0014298,0.00017263,0.00014517,8,160,2000,1026,1126,1326,"","Detpep108d2"
"109","DACEregpoly0corrgauss",0.00936265548048938,0.00953399849748258,1.0183006858845,2.47479081418913,0.0759777956635939,0.0773682414362298,4,0.57512,0.84537,0,1e-04,0.095764,0.030846,0.0025384,0.00065555,0.001477,0.00016177,1e-04,8,160,2000,1027,1127,1327,"","Detpep108d2"
"110","DACEregpoly0corrgauss",0.0155054955617891,0.0109570914959217,0.706658581291898,4.19214597197341,0.108216871361454,0.0764723807881329,5,0.56567,0.51726,0,1e-04,0.14865,0.035897,0.0030648,0.0020933,0.00082119,0.00016107,1e-04,8,160,2000,1028,1128,1328,"","Detpep108d2"
"111","JMP2WN",0.00372946762548751,0.0345981437363336,9.27696583284081,0.00346757647599705,0.0211422671251991,0.196136089749266,1,214.435817,601.091893,0,8.21066e-05,0.28205938,0.0466805,0.00143972,0.0005449,0.00062511,0.00025429,8.21066e-05,8,160,2000,1024,1124,1324,"","Detpep108d2"
"112","JMP2WN",0.00350743496323616,0,0,9.88361052165487e-05,0.023408445869631,0,2,217.760597,796.5585,0,4.595e-05,0.24895915,0.03269107,0.00106975,0.00054551,0.00031506,0.00019543,4.595e-05,8,160,2000,1025,1125,1325,"","Detpep108d2"
"113","JMP2WN",0.0374089135227187,0.012961021414225,0.346468800981181,12.551061746909,0.297222692440129,0.10297838987413,3,226.65082,4.95529918,0,0.00011224,0.08157477,0.26608285,0.00384025,0.00138118,0.00111381,0.0004998,0.00011224,8,160,2000,1026,1126,1326,"","Detpep108d2"
"114","JMP2WN",0.00271508529311315,0.00149714920766101,0.551418849145754,0.00765786543247282,0.0220328726224365,0.0121493412648389,4,212.487839,276.003055,0,8.025e-05,0.29231392,0.04081429,0.00105197,0.00124252,0.00063074,0.00020414,8.025e-05,8,160,2000,1027,1127,1327,"","Detpep108d2"
"115","JMP2WN",0.00299146582243877,0.0202433304268344,6.76702714602006,0.00171756254912059,0.020878215133402,0.141283448568178,5,204.689954,567.621671,0,6.66152e-05,0.25960705,0.03729378,0.00085303,0.00075143,0.00040151,0.00017673,6.66152e-05,8,160,2000,1028,1128,1328,"","Detpep108d2"
"116","JMP2NN",0.0530862712871611,0.035478665561151,0.668320918024835,13.2836343795078,0.300944864238427,0.201127747942685,1,189.833117,0.02385249,0,0.03840332,4.85834638,2.75175652,0.29047928,0.20026138,0.14321944,0.09470755,0.03840332,8,160,2000,1024,1124,1324,"","Detpep108d2"
"117","JMP2NN",0.0231731732264971,0.0196445895719407,0.847729802903225,5.60752481959103,0.15465660141551,0.131107010235653,2,173.410734,0.0444067,0,0.00929292,3.9095191,1.72443963,0.11556549,0.09885918,0.06583946,0.02597374,0.00929292,8,160,2000,1025,1125,1325,"","Detpep108d2"
"118","JMP2NN",0.0194011441566183,0.015996491219952,0.824512775680557,6.02789997542571,0.154146692850279,0.127095917583962,3,174.659424,0.03530297,0,0.00843368,4.04637308,1.73235354,0.09621007,0.06548444,0.04509285,0.02651884,0.00843368,8,160,2000,1026,1126,1326,"","Detpep108d2"
"119","JMP2NN",0.0278834890328513,0.0261875812170578,0.939178780180792,9.34848411978851,0.22627405617357,0.212511792063654,4,207.178573,0.01427161,0,0.0253058,4.85107696,2.73539514,0.27980282,0.19781728,0.1631821,0.08078618,0.0253058,8,160,2000,1027,1127,1327,"","Detpep108d2"
"120","JMP2NN",0.0250137016211016,0.01745422395439,0.697786525912083,7.37604896912833,0.174577105247464,0.121817551774416,5,164.297249,0.04014865,0,0.01232885,3.82933353,1.63729142,0.11615252,0.06769704,0.04852302,0.02389118,0.01232885,8,160,2000,1028,1128,1328,"","Detpep108d2"
"121","mlegpE",0.00565081623866879,0.00442752191291306,0.783519004319293,0.520434401247001,0.0320343487035181,0.0250995210001975,1,8.03300000000036,129.869549942712,9.42859794378104e-06,1.30810724918579e-06,0.418171432003267,0.065705931407935,0.00287671911265065,0.00245533189638829,0.000622954854672423,0.00154727083559182,1.30810724918579e-06,8,160,2000,1024,1124,1324,"","Detpep108d2"
"122","mlegpE",0.00654314339110227,0.00445824404387309,0.681361201702481,0.865691070112743,0.0436686123886194,0.0297540982137896,2,7.95800000000054,130.994130761611,1.54498474118253e-05,0.000167017541380028,0.527426842976704,0.0509845878321434,0.00274316011345478,0.00030501209717998,0.00151658838050804,9.9707633091682e-06,0.000167017541380028,8,160,2000,1025,1125,1325,"","Detpep108d2"
"123","mlegpE",0.00759395581035386,0.00554978570211515,0.730816170216369,1.75084610588618,0.0603357804244699,0.0440943639768268,3,7.8130000000001,2.84172460681211,2.31812055258257e-05,0.000314542025884284,1.06424591173781,0.237875782445714,0.00205853316283481,0.0059740761717671,0.00127719927418602,0.0130745145078796,0.000314542025884284,8,160,2000,1026,1126,1326,"","Detpep108d2"
"124","mlegpE",0.00548892531750908,0.00424251420405949,0.772922559271543,1.03712155304617,0.0445425389255735,0.0344279331828066,4,7.82899999999972,39.6259556797501,9.66642697199547e-06,1.64694625953477e-05,0.566140362079219,0.0794284023798113,0.0187011649275989,0.0001560066744155,0.0176462360348792,6.94578230707988e-05,1.64694625953477e-05,8,160,2000,1027,1127,1327,"","Detpep108d2"
"125","mlegpE",0.00537624465699759,0.00308379401403599,0.573596294584958,0.800280870026747,0.0375222045716339,0.021522597506948,5,7.99099999999999,208.378588114074,7.44909074510593e-06,6.6487058703914e-05,0.370617820661615,0.0655522258684607,0.00285340086397306,0.00212199163825017,0.000216397851116606,1.52994427155728e-05,6.6487058703914e-05,8,160,2000,1028,1128,1328,"","Detpep108d2"
"126","mlegp0",0.00587237322576137,0.00340324902971629,0.579535547023248,0.580047535134991,0.0332903502230254,0.0192929413270965,1,8.38199999999961,51.9143990617287,0,0.0130813727126782,0.500950260440056,0.102408097897337,0.00461040227858553,0.00248597979212646,0.00288575477356263,0.000973552326824291,0.0130813727126782,8,160,2000,1024,1124,1324,"","Detpep108d2"
"127","mlegp0",0.0053138799874045,0.00286562977367142,0.539272580574614,0.51518281773147,0.0354645697915108,0.0191250700704365,2,7.91899999999987,29.372453879965,0,2.86563875888894e-05,0.876284970511276,0.0890562274200669,0.00866075135288755,0.00478916094207929,0.00795608808354993,0.00490300259730136,2.86563875888894e-05,8,160,2000,1025,1125,1325,"","Detpep108d2"
"128","mlegp0",0.00459982658201362,0.00207885268308104,0.451941534319975,0.666248179062593,0.0365467134091844,0.0165169777324992,3,8.11599999999999,19.2317449154603,0,0.000656647863451293,0.556988764485096,0.132790215098021,0.0142533160042157,0.00719872930132982,0.00212774463657138,0.00266058269966684,0.000656647863451293,8,160,2000,1026,1126,1326,"","Detpep108d2"
"129","mlegp0",0.00379312185945244,0.00280724653088513,0.740088674949761,0.407752856205323,0.0307811216769802,0.0227807595553837,4,8.04600000000028,11.6721135121116,0,3.42009666576002e-05,0.595050839174605,0.114846917195402,0.032577820179082,0.0136679900568284,0.00148970515614836,0.0178837880486078,3.42009666576002e-05,8,160,2000,1027,1127,1327,"","Detpep108d2"
"130","mlegp0",0.00415208414830732,0.00299982051341693,0.722485481090229,0.390360398351626,0.0289784711729303,0.0209365246866339,5,8.27300000000014,34.3044497627237,0,0.00160725240316391,0.425714980698126,0.0955250058984786,0.00366845530510438,0.021924476738087,0.00173458914287102,0.0071994251500512,0.00160725240316391,8,160,2000,1028,1128,1328,"","Detpep108d2"
"131","laGPE",0.0416570614726476,0.0301541966243863,0.72386758831239,10.2084390365515,0.236152933809267,0.170943454669409,1,0.186999999999898,0,0.000176810634982172,4.245234375,0.252007444842502,0.438849052598256,4.245234375,4.245234375,4.245234375,4.245234375,4.245234375,8,160,2000,1024,1124,1324,"","Detpep108d2"
"132","laGPE",0.03119543918865,0.0283545770913646,0.908933415551365,7.89496818939571,0.208196804012332,0.189237032177807,2,0.17699999999968,0,0.000175068299500603,3.8218359375,0.257042923631966,0.443358635344857,3.8218359375,3.8218359375,3.8218359375,3.8218359375,3.8218359375,8,160,2000,1025,1125,1325,"","Detpep108d2"
"133","laGPE",0.0231687427236218,0.0250108771272439,1.0795094678031,7.39268061221231,0.184081157251077,0.198717352096688,3,0.208000000000538,0,0.000536956353978926,4.077890625,0.248178333558223,0.422683577356986,4.077890625,4.077890625,4.077890625,4.077890625,4.077890625,8,160,2000,1026,1126,1326,"","Detpep108d2"
"134","laGPE",0.0231762152024781,0.0238918482010437,1.03087790617724,7.601459261324,0.188074606245932,0.193881956291915,4,0.206000000000131,0,0.000432913527730776,3.6310546875,0.264239223653248,0.557578130164968,3.6310546875,3.6310546875,3.6310546875,3.6310546875,3.6310546875,8,160,2000,1027,1127,1327,"","Detpep108d2"
"135","laGPE",0.0298433349420354,0.0251030454114048,0.841160864231907,8.99329242281009,0.208284367664956,0.175200658711051,5,0.201000000000022,0,0.000174944839690106,4.179609375,0.238691676634558,0.398464431880603,4.179609375,4.179609375,4.179609375,4.179609375,4.179609375,8,160,2000,1028,1128,1328,"","Detpep108d2"
"136","laGP6",0.0102958597036719,0.00679780021082148,0.660246002419507,1.77025099077781,0.058366994433998,0.0385365747482888,1,0.215000000000146,0,1e-06,64,0.836483817664874,3.11224167900708,64,64,64,64,64,8,160,2000,1024,1124,1324,"","Detpep108d2"
"137","laGP6",0.00746637288236766,0.00606349040082157,0.812106560488147,1.12893778725803,0.0498301999299584,0.0404674322735552,2,0.248000000000502,0,1e-06,64,0.894997123215072,3.87843134589767,64,64,64,64,64,8,160,2000,1025,1125,1325,"","Detpep108d2"
"138","laGP6",0.00608095707897072,0.00507845229558216,0.835140296113018,1.20277514361361,0.0483146465755252,0.0403495082476799,3,0.27599999999984,0,1e-06,64,0.885129074081387,3.36249834733613,64,64,64,64,64,8,160,2000,1026,1126,1326,"","Detpep108d2"
"139","laGP6",0.0059335228049899,0.00458660157968648,0.772998053673831,1.20212637125498,0.0481504402444629,0.0372201965925079,4,0.21599999999944,0,1e-06,64,0.831991718291862,3.3162591261475,64,64,64,64,64,8,160,2000,1027,1127,1327,"","Detpep108d2"
"140","laGP6",0.00726569633312543,0.00554713893103925,0.763469690544179,1.43297970060277,0.0507091774203506,0.0387149199928649,5,0.221000000000458,0,1e-06,64,0.823133296658332,3.09740980213172,64,64,64,64,64,8,160,2000,1028,1128,1328,"","Detpep108d2"
"141","GPfit2",0.00530885931989225,0.00296230813949399,0.557993339246012,0.428425912368099,0.030095802710338,0.0167932574516307,1,305.569,19.2701374753577,2.87677872797059e-07,0.000336832679890273,0.670358301835421,0.139709217285435,0.0053227680779899,0.00306073655365244,0.00306471505126485,0.00153679826373746,0.000336832679890273,8,160,2000,1024,1124,1324,"","Detpep108d2"
"142","GPfit2",0.00469036588974581,0.00243335263468078,0.518798040894982,0.337395993485325,0.0313032678266901,0.0162400740220978,2,299.845,14.9419479218479,2.88715797898456e-07,0.000310045201508224,0.663879244951338,0.120772111636093,0.00534213039192729,0.00369863505645842,0.00246934982614487,0.0012315672714887,0.000310045201508224,8,160,2000,1025,1125,1325,"","Detpep108d2"
"143","GPfit2",0.00345904077541177,0.00217894887893964,0.629928647973298,0.253008192932794,0.0274828995475557,0.0173122657543777,3,294.593,9.96714819897206,2.86331876713122e-07,0.000285044437599959,0.673259164742106,0.137269947620297,0.0056609803066909,0.00476453876503406,0.00296331499920635,0.00228804024549772,0.000285044437599959,8,160,2000,1026,1126,1326,"","Detpep108d2"
"144","GPfit2",0.00344883411217387,0.00194745083022438,0.56466932501919,0.279976297068394,0.0279872322546127,0.0158035315463675,4,302.464,10.4051778399511,2.87879141665043e-07,0.000327856985175027,0.655288089365472,0.125311219230542,0.00487574774336542,0.00473978784557373,0.00290338919319141,0.00108438238258894,0.000327856985175027,8,160,2000,1027,1127,1327,"","Detpep108d2"
"145","GPfit2",0.00442676954633105,0.00227407439724584,0.513709686814533,0.482341120749399,0.0308955717431345,0.0158713544841216,5,319.342000000001,11.6814670441863,2.86167228339573e-07,0.000353426921723985,0.673347029074964,0.134229547902669,0.00522552415483964,0.00447224868621052,0.00233167324133068,0.0011428461422004,0.000353426921723985,8,160,2000,1028,1128,1328,"","Detpep108d2"
"146","GPfit1.95",0.00940873045707658,0.0117038264384607,1.24393258918985,1.53155594781289,0.0533378789168353,0.0663487258229138,1,322.622,0.796408261176316,0,0.000538421559767678,0.650660304890431,0.250891448737675,0.0163959642670277,0.0104775538204948,0.00830627927549672,0.00263789993867373,0.000538421559767678,8,160,2000,1024,1124,1324,"","Detpep108d2"
"147","GPfit1.95",0.00864901970428418,0.00984953037953195,1.13880309171375,1.46615393595918,0.0577231257871442,0.0657352741097814,2,319.371,0.527437496568777,0,0.000567431355723541,0.688061428072078,0.277152907605244,0.0185575035814756,0.0116117947358228,0.00854757082356083,0.00206998371824125,0.000567431355723541,8,160,2000,1025,1125,1325,"","Detpep108d2"
"148","GPfit1.95",0.00774249908228991,0.00823564453317186,1.06369331731791,1.80465464670015,0.0615159919588649,0.0654341495548271,3,308.858,0.431150832133715,0,0.000445996276654905,0.673467702935262,0.24963853681135,0.0143269904735226,0.0125902866849846,0.00548955168533302,0.0027068513024133,0.000445996276654905,8,160,2000,1026,1126,1326,"","Detpep108d2"
"149","GPfit1.95",0.00695295661909298,0.00834469282955997,1.2001646618426,1.58047194429256,0.0564231289257764,0.0677170454473057,4,313.823,0.359789938345278,0,0.000846531550654556,0.674133438241184,0.272128146791808,0.0185326409615942,0.0137200222692399,0.0101817207788734,0.00399099718035439,0.000846531550654556,8,160,2000,1027,1127,1327,"","Detpep108d2"
"150","GPfit1.95",0.00926919556809782,0.00920981279008625,0.993593534889268,2.10386831820677,0.0646921177346272,0.064277669939421,5,322.01,0.45545521003951,0,0.0006876363837659,0.659399085014049,0.280293537350337,0.0195519449588225,0.0142185502604488,0.00621462206560667,0.00201219415510972,0.0006876363837659,8,160,2000,1028,1128,1328,"","Detpep108d2"
"151","Dice2",0.0268908242837765,0.0188356620769925,0.700449412714963,6.23536788175115,0.152443471110726,0.106778939811739,1,2.17500000000018,0.110281635949238,1.10281637606193e-09,1.9875,0.416565768986336,0.609962979457343,1.9875,1.9875,1.9875,1.9875,1.9875,8,160,2000,1024,1124,1324,"","Detpep108d2"
"152","Dice2",0.0190868158601373,0.0165677244721912,0.868019296334956,4.4423538930186,0.127384456324573,0.110572166142867,2,1.66100000000006,0.0938748278953113,9.3874829305758e-10,1.9875,0.424664721657909,0.658104022749281,1.9875,1.9875,1.9875,1.9875,1.9875,8,160,2000,1025,1125,1325,"","Detpep108d2"
"153","Dice2",0.0149214500855169,0.0149697468520493,1.00323673411469,4.40516877988081,0.118554460739281,0.118938190006805,3,1.81999999999971,0.0702151789537501,4.54981490347321e-06,1.9875,0.423524456708432,0.633670623192544,1.9875,1.9875,1.9875,1.9875,1.9875,8,160,2000,1026,1126,1326,"","Detpep108d2"
"154","Dice2",0.0137080410958192,0.0130968548520814,0.955414034765026,4.08750699836603,0.111240528661625,0.106280762317998,4,2.04700000000048,0.068581545777635,6.85815468080562e-10,1.9875,0.43061879891668,0.696442296150665,1.9875,1.9875,1.9875,1.9875,1.9875,8,160,2000,1027,1127,1327,"","Detpep108d2"
"155","Dice2",0.0203753018477785,0.0155838941517771,0.764842369855551,5.82284168184811,0.142204511311822,0.108764035435885,5,1.57600000000002,0.066601722681089,6.66017236817638e-10,1.9875,0.404861587071374,0.581424481076852,1.9875,1.9875,1.9875,1.9875,1.9875,8,160,2000,1028,1128,1328,"","Detpep108d2"
"156","DiceM52",0.0270466063182919,0.026312079388259,0.97284217763261,6.27728330677464,0.153326595920424,0.14916257946422,1,2.25500000000011,0.0582043039704241,5.82043048449297e-10,1.9875,0.578694325580225,0.776519756850479,1.9875,1.9875,1.9875,1.9875,1.9875,8,160,2000,1024,1124,1324,"","Detpep108d2"
"157","DiceM52",0.0202838704068603,0.0229356187059551,1.13073186950544,4.78367821449014,0.13537353861795,0.153071174403041,2,1.63299999999981,0.0435243022563222,4.35243029102644e-10,1.9875,0.575776989095949,0.770087500002186,1.9875,1.9875,1.9875,1.9875,1.9875,8,160,2000,1025,1125,1325,"","Detpep108d2"
"158","DiceM52",0.0158062461847414,0.0194246969975901,1.22892537358691,4.72567866495764,0.125584375647457,0.154333825759231,3,1.24199999999928,0.034331889306852,3.43318898226803e-10,1.9875,0.602831113181892,0.786008929496454,1.9875,1.9875,1.9875,1.9875,1.9875,8,160,2000,1026,1126,1326,"","Detpep108d2"
"159","DiceM52",0.015667421754694,0.0181550798163078,1.15877903209368,4.81469790367552,0.127140870571825,0.147328174940767,4,1.99600000000009,0.0327456782228282,3.27456787148242e-10,1.9875,0.62025778895688,0.81874112979485,1.9875,1.9875,1.9875,1.9875,1.9875,8,160,2000,1027,1127,1327,"","Detpep108d2"
"160","DiceM52",0.021833022319114,0.0211418225997529,0.968341546614185,6.3109716770067,0.152378320210663,0.147554258263265,5,2.11400000000049,0.0363853151763303,3.63853157230109e-10,1.9875,0.581231385699701,0.750807345806046,1.9875,1.9875,1.9875,1.9875,1.9875,8,160,2000,1028,1128,1328,"","Detpep108d2"
