"","x.1","x.2","x.3","x.4","x.5","x.6","x.7","x.8","y"
"1",0.491833285498433,0.366393273955327,0.677469201101339,0.457268700255663,0.640907874444965,0.526988532017567,0.3362391682819,0.389083100369899,40.9463313456279
"2",0.58740352990164,0.268017826661235,0.358177760372055,0.504332379570114,0.412147402210394,0.784541174547048,0.576872629953432,0.515173127516173,39.0449019433945
"3",0.730548994887504,0.326789765456924,0.391122073214501,0.38544215705595,0.73604286790709,0.35877681904065,0.342022706689895,0.419278089731815,36.4482327166671
"4",0.57565816486429,0.357628372838371,0.341093789050356,0.585108555536717,0.217763203149661,0.347629220659728,0.720156766643631,0.611493251304491,35.8282617083662
"5",0.360107913059182,0.244189126937417,0.557309272083221,0.602301491376711,0.689014145754045,0.204388255563681,0.54961579918745,0.70129927385191,40.1211715883263
"6",0.460946387852891,0.783046722001745,0.429490755987936,0.509866804083576,0.585537450681441,0.323034236530657,0.202756419951911,0.428978693308891,31.8704887349492
"7",0.370640542417532,0.699472825723351,0.571027141837985,0.67008353929501,0.433799030751106,0.313086696919054,0.620613317291718,0.572782218926586,35.5999822845178
"8",0.650907511616824,0.747382404357195,0.735834606050048,0.319520489796996,0.636776818704093,0.473999714656966,0.235309909190401,0.366340976569336,38.7237681388973
"9",0.407187118264264,0.101869309750036,0.625717381274444,0.520398021208821,0.257619052997325,0.617873572375393,0.417999792716,0.391462794323452,44.4424729916693
"10",0.818029061693233,0.540303542964975,0.508888449477963,0.560783488671295,0.261437758653774,0.489240343054989,0.694199443871039,0.433666540581617,36.4490306822655
"11",0.363165751771885,0.554928248547949,0.207579416049994,0.619609794720309,0.655364951429656,0.651237526590703,0.633070442542084,0.51793074837653,41.8177665541331
"12",0.572564208445256,0.296812203283189,0.57484740160231,0.614104860018706,0.609225590003771,0.52885288805759,0.489597719046869,0.475059651656775,40.4908359564664
"13",0.342961232292,0.640565982452827,0.639962036035722,0.740892351729562,0.442186957448139,0.709907201941241,0.453718402282102,0.707282310568262,40.2164689776078
"14",0.686006378163001,0.368270330136875,0.280106249675737,0.290879251782899,0.582290414138697,0.232333100904361,0.514747190705966,0.603932429561391,35.3746468628477
"15",0.394076062852982,0.742738512147334,0.760765736012836,0.409800843907869,0.341273837698973,0.468024698144291,0.656270300960168,0.454569804049679,40.3619651667669
"16",0.728291752529331,0.480204617904383,0.230250825862749,0.591788612212986,0.551780094975256,0.771486980909249,0.75459794960334,0.280624713369762,43.0013230570798
"17",0.298010223566089,0.388476539216354,0.652878683645977,0.643600277056103,0.42231755435816,0.300466487368103,0.375099825418438,0.196582912598969,37.9105482381319
"18",0.646868226796505,0.632106402599602,0.595768403531983,0.550246488547418,0.705370080560679,0.30301974755188,0.42314261898282,0.54261732131592,37.4292559718141
"19",0.476400135189178,0.363111050830339,0.511477408196079,0.702875184271834,0.431837492287741,0.715403968447936,0.703391077975975,0.274598993072286,39.7107158813114
"20",0.725381184850703,0.600446861696546,0.682726196743315,0.412938857704285,0.535836992951226,0.8042554991215,0.34952821941406,0.684168760390021,41.2908599653409
"21",0.487936317162239,0.195198484158609,0.30030644528626,0.487262172797928,0.711210496085696,0.293683757445542,0.605817314453889,0.820364353166078,41.2388106331968
"22",0.144317334766383,0.581029217331088,0.546670707672602,0.27989543763746,0.493485937517835,0.861376047142548,0.673611008591834,0.291963307330152,35.0503229371755
"23",0.531927563996869,0.597961098631495,0.38382112692052,0.578631282681599,0.255047146370052,0.483295108151506,0.796846291397233,0.807410074842628,35.2976018551332
"24",0.431306582081597,0.354843860518304,0.700848394018249,0.406768699920503,0.583530734031228,0.691886648269719,0.245541704552597,0.541642238356289,41.8319004818889
"25",0.330012713616015,0.438619766081683,0.439625830547302,0.350307168952422,0.245721836804296,0.565162030210486,0.657588170563686,0.588859191203373,32.8562362523593
"26",0.276041025855229,0.54410096217005,0.423075862326659,0.573165712458431,0.647460251977318,0.425596299274475,0.571315559180803,0.220083598812344,35.6079930975787
"27",0.653109221469494,0.444970211624168,0.201419712656643,0.727743732372764,0.815674640551442,0.215478330529295,0.5048957552918,0.717802027730504,43.6609540580941
"28",0.505299029049347,0.666946598808863,0.377367696496076,0.295228314612177,0.664249316097121,0.466219885931932,0.711251311444794,0.123436757914606,33.1734238708138
"29",0.721927264641854,0.247897483014967,0.253539189996663,0.70743590067781,0.874599444721243,0.295949013039353,0.388003331474029,0.382792580215028,43.0235310404608
"30",0.746085150424042,0.712587188336183,0.647851000552764,0.308404976251768,0.553365645249141,0.581486728368327,0.777491546032252,0.304694410358788,37.3656598195981
"31",0.203793093861896,0.473809332060628,0.515874041944626,0.252756031799945,0.699739837716916,0.532785894256667,0.751403700636001,0.655702876611031,35.9151642326055
"32",0.714767173886648,0.628140323051484,0.296428944928921,0.529358654448297,0.830149232579279,0.414068561901804,0.459043206464266,0.235633668912924,38.0735263617551
"33",0.657970939719817,0.432324857861386,0.720169260360999,0.320573563599028,0.170625478139846,0.813374762640451,0.728429441700573,0.715085523882881,41.9242785610218
"34",0.339030764719355,0.7560085156071,0.398597840416478,0.464162506777211,0.189198811593815,0.168344370393897,0.586730156762642,0.682428615892422,29.0071190234373
"35",0.77122204595129,0.136693463301635,0.5609070374351,0.383365302698221,0.613806673634681,0.54008381155727,0.331055538985529,0.344538026530645,40.0307657035915
"36",0.696945523645263,0.740258409456583,0.474271866052877,0.533885619587963,0.489639018325252,0.253180123007623,0.767902659586398,0.560538844567491,33.7664276283087
"37",0.752459445103887,0.537867331654415,0.698038988654152,0.210889749196358,0.470005112586659,0.705062050241395,0.444490314661525,0.194089973181253,39.2052640854674
"38",0.183000725066522,0.390560929946369,0.829644542165915,0.396556266268017,0.179979795177933,0.334148950452218,0.303620063726557,0.246055845599039,42.4636977359364
"39",0.487458518575877,0.232266277478775,0.443380038167234,0.50013099456206,0.206065564469318,0.361669931588112,0.445159406810417,0.568734531350201,34.2410428438186
"40",0.535411074300064,0.421728355594096,0.237392797213979,0.535518843758618,0.525172011379036,0.219238960318035,0.591382122422801,0.175718454166199,37.0231619997734
"41",0.413836642866954,0.71845633421035,0.119975811808254,0.852469363908749,0.263567522289231,0.746050529911299,0.647461846267688,0.6146818535903,43.6859708944805
"42",0.513744468187797,0.770197296839324,0.664512275701854,0.474217553991475,0.813990957076312,0.364904136511614,0.237599681084394,0.130874262780417,37.226459984983
"43",0.503908996367245,0.280170174858067,0.646091679568635,0.58798866642057,0.286706067283521,0.32841535973188,0.756522268057452,0.295623649000772,39.3280262967825
"44",0.450823768645059,0.259344654852175,0.726878632484586,0.329071157870931,0.612232050485327,0.864424013890675,0.484882686449564,0.237720505054458,44.8635146530441
"45",0.457404220841127,0.649698814676958,0.506951073360397,0.491876320778974,0.55950734092854,0.700410278619966,0.709674511725316,0.643234682073235,36.9065252335983
"46",0.67163824007439,0.291833851954434,0.378849319961155,0.0859137559571536,0.805981875270372,0.478826446387102,0.595489756659954,0.878400058125844,36.5577452866657
"47",0.540312085552141,0.266681577658164,0.367786849207478,0.699229540129309,0.165266787423752,0.684596982658841,0.136616976852529,0.415842041496653,36.1982462645637
"48",0.682839783456293,0.191545196573716,0.496440355119994,0.276816132980166,0.397090828189394,0.224706753946957,0.438474186481326,0.22765900506638,32.6626963154292
"49",0.68910912297375,0.278680158983334,0.741899838536629,0.642155115897767,0.40413616419246,0.228870405260241,0.185522484199028,0.477721956869354,42.6499391082929
"50",0.43778062165482,0.236237689232221,0.269645450506941,0.481384448191966,0.14062475961342,0.405593701187754,0.614505926980055,0.167119889193564,35.0024316326763
"51",0.608421778956545,0.6128440458572,0.533459654379985,0.668751801198814,0.835760343743023,0.704453370291158,0.739435739385081,0.346792959886952,41.1451057633093
"52",0.534418760009576,0.659253375976696,0.680532526524621,0.677204608889297,0.187091705657076,0.170117701597046,0.771835799105465,0.859150499694515,37.8659826662325
"53",0.206910843579681,0.303767384840758,0.310580729593057,0.663547712206491,0.547754757555085,0.623047875176417,0.181486138138571,0.262800589756225,38.7127501693501
"54",0.281906344481977,0.129806759773055,0.535239611799479,0.269707283444004,0.345258885632502,0.698621560455649,0.83919171470101,0.313535583476187,41.6064240726033
"55",0.410547514902428,0.299420331999427,0.563691696798778,0.338658597988542,0.0439915849175304,0.601732559134252,0.212275680426974,0.217065499987802,30.95456508436
"56",0.293926720204181,0.563990959353978,0.395471565626212,0.708568693493726,0.855338726865011,0.641772139432142,0.509169403898413,0.725763344354345,40.2436859635441
"57",0.791909742637072,0.715305863483227,0.843642754548928,0.421425020109164,0.578868861100636,0.131796286313911,0.474211468539434,0.697814449871657,46.0787907107411
"58",0.667252252069302,0.20276136291388,0.877877392095979,0.785089385274914,0.780804027912673,0.766048465970671,0.816127121775644,0.251158234553877,60.6554167143619
"59",0.610690016003791,0.293324032779201,0.836318104547681,0.243512660244014,0.790629000535118,0.689479294770281,0.116680756928399,0.696883103446453,50.1743364203912
"60",0.63479678099975,0.519077644641511,0.401676452276879,0.813728158916929,0.136165808190708,0.267036354308366,0.72704409409489,0.447248634906719,35.5345229360978
"61",0.879665876940708,0.596707183182589,0.43158591209678,0.636062472410849,0.160006331319455,0.773492398090893,0.644076781816548,0.679604133769753,37.598773025363
"62",0.210525412139832,0.796285325593199,0.284869770985679,0.646486963858479,0.276938047147123,0.320143138144631,0.226074955433141,0.158396671908558,32.1645473585141
"63",0.640394695053692,0.693107370518264,0.216555853498285,0.628801684903447,0.154194856963586,0.291470225997036,0.31552401542489,0.46943742519361,32.7755984770727
"64",0.434918313148082,0.894602845946793,0.513367962065386,0.208655865174951,0.887145776202087,0.843303330398048,0.846990044334671,0.640672575464705,40.3703190436585
"65",0.705991005137912,0.498077545214328,0.303840907092672,0.565612822851399,0.244042464869563,0.882150157801225,0.393147404919728,0.223971858687,37.4672948879882
"66",0.288761590557406,0.119375013539102,0.695049552770215,0.2243809767114,0.278965697655804,0.428279377979343,0.475574277375126,0.767169616050087,43.6530981605805
"67",0.399572186658043,0.831657739869552,0.615042228793609,0.564985309659387,0.615172609679867,0.461407853742712,0.329732913828338,0.795363580838894,38.206681473543
"68",0.620713396912324,0.738610839428729,0.797408444253379,0.757149889564607,0.514162406878313,0.0701388588122791,0.184513184938696,0.328671630842728,42.6908628983682
"69",0.25916800350009,0.780756024434231,0.229734880735632,0.549078057049192,0.495758653300581,0.155482768447837,0.68782481586677,0.409987076269463,35.5368077565294
"70",0.851598725841031,0.548897178418702,0.7532298540388,0.580027241072967,0.817808756685699,0.557773089836701,0.108802857369301,0.448980928125093,46.8293196892287
"71",0.497956161797629,0.681604942691629,0.372305837429012,0.336893018280389,0.307557822903618,0.658269912403775,0.628875354420161,0.326723309539957,31.7528548410048
"72",0.168119449779042,0.428141151785385,0.404249772005132,0.5840813881543,0.360679827181157,0.193387049669982,0.334643696976709,0.737989450515015,32.7130712643656
"73",0.57119867399917,0.333401239737286,0.342813531656284,0.869370388935786,0.334962314690347,0.826888834218844,0.494886053943192,0.799232503469684,42.0412912700233
"74",0.6795599506906,0.675720183452359,0.265618310057325,0.356485898207757,0.840815231588203,0.780269442587742,0.307119837556966,0.618583361790515,38.5833549696782
"75",0.497433509918628,0.777356302479166,0.549319954366656,0.187761380304582,0.908777984813205,0.338689955799491,0.774645657110959,0.73120891266386,35.1808959081875
"76",0.17120807051193,0.60663540995738,0.38097701654362,0.742970355236321,0.379617878440768,0.604545179684646,0.83491133112344,0.213532856538659,36.8269600769396
"77",0.566983862407506,0.424301719708601,0.781203174578841,0.686296923029004,0.811559963638429,0.399582621214213,0.767450555157848,0.608122845548787,50.3097080301966
"78",0.544247494176961,0.692445932633127,0.33520686802105,0.651258572971565,0.591588074062602,0.721302469588118,0.278499409053475,0.103720459584147,36.3002987553269
"79",0.383606087241205,0.75932257704204,0.718063255620073,0.280806737559615,0.417317623114795,0.591341813892359,0.29713100828114,0.244899709894089,36.3756493430131
"80",0.181824413752183,0.372551075834199,0.0252099771401845,0.418025794256246,0.271874865746358,0.576260201433324,0.113480144108762,0.49743483695318,40.7044528636312
"81",0.419573293202557,0.550937621492776,0.904701794591965,0.31374494632415,0.482058282817597,0.282352950643399,0.221333217835636,0.567259802396293,49.2193500853849
"82",0.282687046222854,0.0778100308193825,0.822643419162487,0.678260093869176,0.145026444839896,0.378263627424603,0.398158632757259,0.208958620186895,55.5527982378831
"83",0.836507293999894,0.0937032733001979,0.88339270556462,0.638781509679393,0.754374845260754,0.447528116002795,0.213113712462946,0.687000736904447,60.1064434709651
"84",0.923170013370109,0.21806754172605,0.173505870857043,0.172205603510374,0.237060633075307,0.546197918311809,0.32225216542487,0.285592283792794,34.5957265591837
"85",0.744431383446208,0.344512351666344,0.610602022125386,0.29445462543983,0.406756993315066,0.345157441496267,0.701269959008205,0.849578924375237,37.4455986862812
"86",0.492564718391513,0.514348684202996,0.767489633110235,0.361133073444362,0.925077718266402,0.0856528071232606,0.223302183519118,0.753071069844882,43.2158842842177
"87",0.0729321110638557,0.152558060085867,0.724458388997591,0.162182923457585,0.721851921796915,0.548561220695265,0.411549804937677,0.530710180278984,47.5562601937885
"88",0.199450919483206,0.848938477838528,0.170544186517363,0.489878024023492,0.0794903945765691,0.283733078070218,0.891992202595575,0.508636044615414,36.4370072247986
"89",0.830354472117615,0.570011570390197,0.777933532885509,0.754105283035897,0.130397418741486,0.0767931669729296,0.435969006260275,0.406977327044006,42.5677106733189
"90",0.672751394215738,0.068390429362189,0.764912276127725,0.605015220659552,0.377038519434864,0.0360854142572498,0.61140442744887,0.635020214990946,50.4231367052232
"91",0.796084038126864,0.536422222364345,0.91319370046258,0.114784625999164,0.618430707560619,0.647619740985683,0.532013609129353,0.728956698108814,54.6807339772621
"92",0.785959025262855,0.840174120849697,0.299064629094792,0.229146735116374,0.859301707895356,0.509243373357458,0.248226725940476,0.148755755247548,33.139470047552
"93",0.11358465599129,0.803638164565782,0.494215948195197,0.226401866612723,0.13491376276419,0.34198202329746,0.25961017647991,0.370008623342728,26.1986689780062
"94",0.176352995266789,0.730489643979236,0.410507877693744,0.174784547691816,0.446194805126288,0.941738391875988,0.267153588273795,0.668552998520317,31.9228944741312
"95",0.775299494999927,0.464871739610098,0.738937543356442,0.169964068119298,0.350450282898964,0.610925748021109,0.0846113411721308,0.380760379791609,38.6720742072242
"96",0.332848991651554,0.818478382278699,0.501976938039879,0.723550325810211,0.895724634276703,0.681302874266403,0.944363347457838,0.751309061986976,42.4345460265326
"97",0.100321935981046,0.820357388315024,0.910800432223477,0.805104810051271,0.424073932881001,0.554237090998795,0.0236249678087188,0.651574078128906,55.6337595671106
"98",0.26293467670097,0.622445170332794,0.708691466518794,0.182742788331816,0.214757038025418,0.456620989394141,0.573610177122755,0.742149531060713,34.7513259686143
"99",0.811810730490834,0.320643204830121,0.293144731132197,0.88109639605449,0.435558751592762,0.183885828141356,0.447955273091793,0.72445599932631,40.6154635640782
"100",0.85774994355801,0.380977334440104,0.189648817790439,0.946223229260067,0.765188668613555,0.755605505651329,0.491702063228004,0.675213178439299,49.8063252187718
"101",0.415555401398451,0.239536715535796,0.338337476180168,0.304160511723021,0.769471474147867,0.521869260521489,0.149777648507152,0.494132560513681,37.0944123070361
"102",0.195384804980713,0.111388884932967,0.279799407242681,0.857007390937652,0.315599736216245,0.58836400635133,0.167582256502355,0.605180662295315,47.2026209545503
"103",0.149284344981425,0.138630419880501,0.634439140470349,0.510350328155328,0.516351364884176,0.890758418035111,0.858533194185584,0.533708510260913,49.3905597866165
"104",0.0683214774529915,0.308661964005441,0.21374443221197,0.862993679874926,0.123858906344976,0.71092341689684,0.88106352299219,0.721241062781191,43.7632133695524
"105",0.104117643521167,0.104329869205831,0.777091401392245,0.57645385978627,0.523705369338859,0.315438960336614,0.74864415725111,0.594861839447403,55.8657960102491
"106",0.960873569315299,0.768696362012415,0.855027074912796,0.400236183436355,0.193884502545698,0.7758646687289,0.627482487789821,0.458619775519473,47.4682227376417
"107",0.305841643567546,0.729006314345752,0.678865597412805,0.783385644286755,0.121842527507106,0.150128321468364,0.760885362689733,0.305009893566603,36.5378624389492
"108",0.612577005837229,0.336382966191159,0.314328962004511,0.391566431405372,0.682107493237127,0.678857233109302,0.737308999915258,0.576790811964311,40.2850114376528
"109",0.761894926092355,0.920311126232264,0.58411709665088,0.7984144336381,0.344537724913098,0.299177058734349,0.390085342916427,0.971538011130178,38.2947735492193
"110",0.735661826123251,0.379262339367997,0.558211858337163,0.860283315766137,0.306984103352879,0.857205212786794,0.913519513480714,0.557739856785047,43.6891712669273
"111",0.268835394390626,0.418887739015627,0.906482626795769,0.622087642176775,0.473313396476442,0.666052847315441,0.141464438817347,0.793845501145115,55.123052943231
"112",0.874032100584591,0.52480417157989,0.133051644593361,0.659966602347558,0.670681211995543,0.385197855311562,0.819265012477408,0.595589937904151,46.8304366648452
"113",0.807144806939177,0.222493907567114,0.661965325732599,0.849912512267474,0.143239501446951,0.894381643168745,0.161770002038102,0.249190854919725,43.1205216960379
"114",0.453636964469333,0.475517685320228,0.729125394124421,0.147138016709941,0.393206718384172,0.276409548280644,0.386621664623963,0.0500942180736456,34.9244868080709
"115",0.408738499513129,0.889567546310136,0.705553253318067,0.732932974545984,0.181585279373103,0.597534746920574,0.534619204379851,0.814393551936955,43.2376032691361
"116",0.739592783160042,0.501492201001965,0.116489413949312,0.186716387367924,0.387013982650242,0.653693489309517,0.60238032225403,0.0679012524127029,38.3073233441546
"117",0.109772001943784,0.689317533466383,0.241012439038022,0.0982749271759531,0.501331017718185,0.506884855231619,0.581702514105709,0.600714254396735,31.9188455438303
"118",0.757861602700432,0.864444454821642,0.449951631105505,0.738899525832385,0.412724048515665,0.305039517873083,0.824874455986428,0.0810210393345915,35.0139372168378
"119",0.158617455064086,0.871404311439255,0.713233712876099,0.451505044468795,0.869140361165046,0.729567882326082,0.42133777482959,0.289929852730129,46.2143098735819
"120",0.396366860318813,0.158494180470589,0.588451839793124,0.748918314431212,0.785181805548491,0.107566323146457,0.813510507285246,0.18592825254018,44.8223303516143
"121",0.56839794760861,0.207726503026206,0.192100785388611,0.875505046810722,0.362711625650409,0.366723028666456,0.803857736885548,0.156047662353376,44.456549950375
"122",0.863853828336578,0.426376718662214,0.539209293442545,0.55785618442751,0.69303629731643,0.242445761581766,0.641287703066482,0.30960545517446,39.4053870199171
"123",0.594859579674085,0.560863681449555,0.479520085891709,0.538618930822122,0.39148572265869,0.595258115598699,0.255472330586053,0.523362449484994,34.6089256856522
"124",0.312293686480843,0.171582928035641,0.608679031982902,0.73116202897334,0.687424941129866,0.472110817155335,0.179425945571857,0.471736756458413,44.4824745743164
"125",0.471642589636031,0.734412544748047,0.755302225718042,0.0264436063414905,0.622594132277882,0.632856599335792,0.228001661787275,0.911925845894148,38.6172747834491
"126",0.75701315816259,0.355542029241333,0.939325328061241,0.479751299999189,0.541766758345766,0.555439517220366,0.428526206482202,0.348581537459395,58.8529895983609
"127",0.309064257838181,0.504840124636539,0.40976254038862,0.761636739060632,0.679542792392895,0.956964378151461,0.661915726727457,0.324948385143071,41.3458989433251
"128",0.317965702982619,0.593602620317834,0.217649876730866,0.432517261257744,0.349773706543492,0.846173762487597,0.523433470913442,0.886238136984175,38.101751572855
"129",0.664401606759639,0.577452075129841,0.499757486415328,0.654524759072228,0.0090602367388783,0.499659580510925,0.353329831889132,0.866079222806729,33.3809880901446
"130",0.29156324007723,0.285714685614803,0.817870061884169,0.259409066851367,0.238607985315612,0.100472755782539,0.788253075515386,0.48303641045175,43.199650527357
"131",0.60012325613352,0.233612985482323,0.139776265743421,0.142878807101515,0.199113823890802,0.393601974868216,0.89331644239719,0.359708536922699,36.1243580184156
"132",0.314080465167062,0.318163927547866,0.374013945103507,0.72699744286132,0.475220207879902,0.482474804299418,0.669423589307116,0.649907467527664,39.617713235063
"133",0.445695501476293,0.0568164534016978,0.580076119160512,0.632437366886879,0.31212464951619,0.166808094214648,0.215564819803112,0.836113121472299,45.0485082260892
"134",0.752599965663394,0.808148421328515,0.287161490905564,0.315811395825003,0.0834406483412022,0.129310979123693,0.988966477646027,0.211713414774276,27.4744940631106
"135",0.926575479210587,0.810839673860464,0.622088391584693,0.154935120699229,0.86700933210901,0.177760064917384,0.505999963757931,0.802108322554268,34.5162861788536
"136",0.596202376183937,0.633289751834236,0.841108552943915,0.129211947020958,0.762087099464261,0.45973517327162,0.962245576122659,0.361767034481745,47.8802386826573
"137",0.700924778025364,0.827680942413281,0.894196548358887,0.519946881687501,0.265211755838827,0.152568220364046,0.791431849853834,0.506960411883192,48.9414388157118
"138",0.853052223798586,0.902761024207575,0.44651512129698,0.68250421457109,0.752400532184984,0.605802986707422,0.199179675680352,0.667199906866299,38.0938091006251
"139",0.54998518512235,0.130062341743615,0.750822804655763,0.262416105198208,0.763266305982252,0.268736245546024,0.112007990087732,0.198097486591432,44.9830093680889
"140",0.484372400613502,0.32798767084314,0.350560916209943,0.794000056789373,0.931171698722173,0.163915275364998,0.0931827882875223,0.621801252163132,39.9039468319828
"141",0.286288063957472,0.284859155952581,0.222832052290323,0.241105017837835,0.427574466668884,0.380758615743835,0.562098204905633,0.838973332001478,36.2644168812061
"142",0.248955765130231,0.229195667356253,0.792178028781782,0.774235848613316,0.940794683133718,0.968797524973052,0.909229978424846,0.460975985669647,57.0587118423258
"143",0.317136012178962,0.307055513775558,0.733878403565614,0.819943331931136,0.0869491010485217,0.64584029151476,0.496345852417871,0.939778547897004,45.2278635897569
"144",0.522203441601014,0.432621300278115,0.109441965432488,0.936350005138665,0.460190375781967,0.433909653705778,0.350835195083637,0.282674751522718,45.2912991428465
"145",0.841143624176038,0.108593045393936,0.614966987904627,0.596227491042227,0.247729087628541,0.667521335136844,0.825645899453666,0.907475387938903,45.0280931380062
"146",0.883216624243068,0.751366294786567,0.456538760608528,0.466305474649998,0.0281261718220776,0.628913422267651,0.0557463308982551,0.394309933237964,28.0121874181412
"147",0.223919250743347,0.402311765663908,0.789633798900759,0.525738223223016,0.738964678263874,0.435389842410223,0.949694319615373,0.917847880949848,49.504893830597
"148",0.42402836933732,0.962432485860772,0.599918846480432,0.221359661979368,0.398411311178934,0.210434727863176,0.262926594858291,0.624907139621209,36.3950327054294
"149",0.501646368324291,0.396039202149259,0.816091790052014,0.655833262764499,0.242296267461497,0.888775707416935,0.442199806413846,0.443694500162383,49.4101707054506
"150",0.636001262107748,0.288927932225051,0.16955755328876,0.299512450702605,0.447651673072251,0.120070336880744,0.905613261900144,0.733199824665789,38.2998451780463
"151",0.525794660839019,0.143076997979078,0.441761030351627,0.902819999662461,0.93850415058143,0.510116633964935,0.746220391599345,0.828858954185271,48.5132109937877
"152",0.457726122285239,0.702789147600997,0.4512223297538,0.431362952086492,0.595539592849673,0.125973051164183,0.314555287754629,0.240798297208385,29.7970505259565
"153",0.246822411381872,0.655510194037342,0.908906544246129,0.89308057510003,0.547474288162775,0.326173005421879,0.383604299488943,0.355647832779796,54.6017025085384
"154",0.846968647567555,0.048415261390619,0.491153452622239,0.513287266209372,0.827044386224006,0.768896984974854,0.0747571319923736,0.671244202988455,46.8807712245523
"155",0.0184298237488838,0.615467454717145,0.550154577532085,0.88555753200606,0.569286494824919,0.736679939081077,0.209705653983983,0.942768302419572,39.8235043286467
"156",0.834900231276988,0.845612534971442,0.0858146051986842,0.0566518449725118,0.714900136838551,0.524607803568942,0.579950166391209,0.510196448886418,38.0402234816228
"157",0.896937821923057,0.619632452609949,0.323902709018439,0.0216654146736255,0.943569293859764,0.897229041126557,0.692447857950465,0.658111765566864,38.8724930015955
"158",0.524825099314912,0.837461810167297,0.810357612011721,0.516526471967227,0.916872839293792,0.0618269265216077,0.71939156480832,0.787651599044329,47.7665268829593
"159",0.44966930447612,0.412630436635809,0.467000555854756,0.702203417333658,0.127285632484709,0.227016314957873,0.298795073778019,0.11337240607827,31.1961568150773
"160",0.132171478156815,0.927774669126957,0.10232795894728,0.498668952708249,0.356784087934648,0.621787809612579,0.535203827194055,0.386558489275048,47.1318981158848
"161",0.662092366832076,0.0384315136121586,0.689691084734513,0.245216933126794,0.649554405027884,0.0685522107424913,0.977806799325044,0.438277450033929,48.9356727756767
"162",0.347845572486985,0.531246365119005,0.366865931342472,0.26476842957898,0.254568173554144,0.198317750829738,0.671048375830869,0.265164231515373,28.0321347288715
"163",0.563044057954685,0.684148500508745,0.672543644831749,0.0607962319278158,0.370432222852251,0.936648694269825,0.927714987359941,0.0368206013104646,36.2131946474523
"164",0.741771495990106,0.197825167555129,0.524380295900046,0.175144549502875,0.115387707260088,0.235815828346531,0.172572183735901,0.64731500892085,28.3657445235595
"165",0.618219181199092,0.459595400356338,0.146844114689738,0.364388415574795,0.444718664180837,0.424257157662069,0.0784193571144715,0.791895937799127,37.2992033001694
"166",0.50866284819378,0.697363209148752,0.54034472305153,0.166883158493438,0.0736745104735019,0.751586791589507,0.86197740240139,0.846256636615726,31.0421240826383
"167",0.255576480805757,0.394619217354921,0.957985927608097,0.218919879841269,0.997437742457259,0.430052576774033,0.0971728152141441,0.940553307670634,58.938690268103
"168",0.0556729654129595,0.375751140813809,0.0588859374274034,0.394792726745363,0.457794352446217,0.928668940582429,0.431870088245487,0.450760822177399,44.8865078102769
"169",0.708132092960877,0.930885675081518,0.57605712507735,0.370716950104106,0.702161551259342,0.794441298731253,0.521152776593226,0.339440818255534,39.6764649690361
"170",0.150865219601546,0.749071392720216,0.319497663839138,0.938735435307026,0.485256294976571,0.19521211914951,0.451382275034557,0.863187829967355,37.7723197868392
"171",0.0841656484047417,0.944330903326045,0.18527055931685,0.833045690765139,0.332212311142939,0.873711115702754,0.15096238249389,0.581403075406561,50.0741421588878
"172",0.173006562381051,0.436333400331787,0.148903807975003,0.426986842683982,0.924674137850525,0.409920627484098,0.464780685682199,0.491727386561106,42.256336907879
"173",0.821756646382855,0.489137069418794,0.635776404976496,0.940386874860269,0.718791174544022,0.37252305206086,0.19010727031331,0.0999111688812263,43.2921014552016
"174",0.749588007811108,0.89575039579242,0.0506222704570973,0.884755826803157,0.556565028213081,0.311974172684131,0.145882248543785,0.713333075392293,45.9519809149307
"175",0.478465316517395,0.115962041160092,0.157122317203903,0.138331072381116,0.251922880791244,0.913846442241338,0.0283017830160679,0.430545959523297,40.0734212855159
"176",0.515427434782614,0.891193043961539,0.167216725050821,0.691862070381758,0.704334358246997,0.561596188056283,0.734620955354185,0.233628123968956,44.738449584952
"177",0.825771968374611,0.460594101853785,0.486528988830396,0.00399677148787305,0.575743465633714,0.501805397363496,0.717289057028829,0.499456466824049,33.8589074389058
"178",0.135233289142488,0.0956338032102212,0.0165579113340937,0.854373060820508,0.775454899893957,0.739252876511309,0.555870419120765,0.0576139628514648,62.8132396795457
"179",0.279651436971617,0.0324800656060688,0.127696543928469,0.820558987327968,0.519054665197618,0.142447359830257,0.883177318826201,0.627940791381407,59.3116520980987
"180",0.140028616680647,0.469561850445461,0.784672740926035,0.265718167601735,0.788871598758269,0.719345806555939,0.742821233806899,0.173433514804346,46.1638649506803
"181",0.152921907005948,0.213067002685275,0.321392326454516,0.715571892088046,0.0388565775525058,0.112123149919207,0.797563049747841,0.191115849973867,36.0810168476412
"182",0.380923427590169,0.18000315245823,0.183795657949522,0.62429707798583,0.626064738288987,0.833002320483793,0.309270381874521,0.832798260786221,47.6397253742803
"183",0.421942913199891,0.178167917153332,0.593251533167786,0.398050267492072,0.774155655014911,0.343298657463165,0.563432057095924,0.441170393303619,41.6618079576055
"184",0.607057829035912,0.760965461935266,0.273876108632539,0.781790132532478,0.490499309881707,0.570681761998567,0.699983748058439,0.978519550883793,40.0042951895108
"185",0.984947917408426,0.610780631511589,0.847187830304611,0.829440810088418,0.960618219635217,0.693582103043445,0.870379882208654,0.257197593380697,58.2488689851195
"186",0.951093102032319,0.455211542005418,0.243581849706825,0.0884724661085056,0.538357281263452,0.0485716034477809,0.339193301170599,0.164636342251324,30.550044932841
"187",0.965962514007697,0.568694011007901,0.225222434579046,0.415073631467531,0.797110473256907,0.0776721951842774,0.395348717866,0.868927858321113,39.4035100658898
"188",0.556992150940932,0.176494641829631,0.657819900873583,0.342101403297856,0.20190889845253,0.567643521786667,0.589970518582268,0.00695100593497045,38.653139517066
"189",0.202184313373873,0.160079293049639,0.769376564190025,0.130785797587014,0.228468890372314,0.819607016315567,0.72290178090625,0.888137316729408,47.9049899775041
"190",0.295119960134034,0.709782826545415,0.6715590062103,0.546168909715489,0.629668523871223,0.330023246791097,0.866014034629334,0.25449385830434,39.2733368408583
"191",0.440811788751162,0.635848383871489,0.794137775647105,0.662359665185213,0.959433283648104,0.685838831703877,0.366916306228377,0.703994260370382,49.8014664480186
"192",0.697821456926176,0.671727806267445,0.743492384191486,0.233925346147153,0.949610817012144,0.55167497406539,0.34614083917113,0.0613497127027949,41.7888200823412
"193",0.655041087641148,0.873588030646206,0.937220232344116,0.682222027546377,0.669857904063538,0.517812531185919,0.217783690796932,0.169096421502763,57.167738721869
"194",0.538060148765799,0.384060283434228,0.277136741378345,0.913501458113315,0.521268730125739,0.86940520689066,0.0317370951501653,0.363915813099011,42.291742540275
"195",0.238040703887236,0.360703754933784,0.245372598886024,0.191580998503487,0.853811197946197,0.0636591281020083,0.941689519865322,0.422184108761139,36.6705271666175
"196",0.265081900449586,0.330500282835565,0.27235744112113,0.775604500358459,0.0536684998200508,0.741750327015179,0.544031888035242,0.374376056441688,38.5522117147664
"197",0.934900974684278,0.573291638093651,0.786203513621003,0.107777232704684,0.0926018952409504,0.135537593276822,0.293580755855073,0.340525537326466,35.4742843253344
"198",0.765952480952255,0.700187740473193,0.978673827471794,0.721653565529268,0.467143924653064,0.954480268535553,0.471209068870521,0.691829878856661,63.6876102088394
"199",0.975192103929003,0.0150668914988637,0.982167174552451,0.179861685149372,0.292470684357686,0.85787869783293,0.664976709493203,0.843543457475607,69.8819541655317
"200",0.817437813225552,0.0643424523953581,0.83255376286048,0.61114924829395,0.778835815769271,0.243821250181645,0.902324790669372,0.811582461502403,59.4323919068225
"201",0.876711805983214,0.255807259998401,0.0104382710112259,0.544724213020527,0.544230307556572,0.840482359355083,0.311374353317078,0.548921127125504,50.8437502987567
"202",0.273594335690723,0.507530994429835,0.984424134668661,0.0633808612055145,0.0574798139854101,0.662538401011261,0.356253562848433,0.466725031479145,53.2944941815771
"203",0.032014810286928,0.650150584523799,0.414484946912853,0.376137560406933,0.800953419912257,0.886134121117648,0.784157422386925,0.841599535064306,38.5613139102052
"204",0.907200626864797,0.123608129299828,0.826113184954156,0.247858318990911,0.898635466524865,0.607875667986809,0.983671155199409,0.455473119681119,55.2327208507001
"205",0.187319835125818,0.78536541358917,0.656013878374361,0.647708727377467,0.0639307591988472,0.181659542649286,0.196332484628656,0.709658074714243,33.138333129305
"206",0.325880380970193,0.448305662507191,0.641883799753268,0.0196867570409086,0.564272852930008,0.074938874077634,0.969918477676692,0.990190713726915,34.4001670648803
"207",0.64775248843478,0.588657583426684,0.435350196054787,0.354529228101601,0.65157954071532,0.918767865535338,0.166308143177885,0.997366788545623,37.0661056633384
"208",0.559833601646824,0.997832989313174,0.306443925322965,0.762838258326519,0.373321403703885,0.207594830844901,0.550481081955368,0.557268784913467,43.7779726948146
"209",0.385477750530117,0.0616424328682479,0.993887852879125,0.964846117193811,0.505828604162089,0.187458663225407,0.481927996962913,0.0910399789118674,74.718034149341
"210",0.937140882930253,0.0834243345085997,0.124807120927726,0.0915783320675837,0.605963736373815,0.444325684002251,0.519527943734429,0.764797239028267,43.4828713590152
"211",0.0963826867489843,0.582798654049984,0.385395533938427,0.673718900709646,0.963128285293933,0.87906961565488,0.126107500895159,0.331260284155724,39.5598114072929
"212",0.401086845634854,0.899282089931076,0.0657364517613314,0.009893977100146,0.588699885112001,0.7135939697508,0.275102141394746,0.771238640315714,40.5872507544399
"213",0.824564967225306,0.149205907957512,0.331179874590016,0.158063463243307,0.741115933152032,0.763650312461541,0.781732828000095,0.1390622410574,40.3838712812469
"214",0.320268051513121,0.450752122495906,0.141485045786831,0.496996158316033,0.0189383820485091,0.912499862973345,0.933691118698334,0.818748777073924,41.2352745629869
"215",0.373493092865101,0.81706115116307,0.0709084076131694,0.270791240783874,0.690798933844781,0.286977649275796,0.686248743808828,0.882941953366389,41.3466343241944
"216",0.00111682744522113,0.706816618405283,0.863571441854001,0.367181095721899,0.64405895950913,0.113955841544084,0.425926431238768,0.225051791539881,46.0342139380053
"217",0.681768881295575,0.165900429033791,0.813432877775631,0.0518699572485639,0.380487259773072,0.578696064139949,0.240289489979041,0.952862473602872,45.8383214170978
"218",0.78119085516897,0.155488221890992,0.604056524492917,0.902258423367748,0.598052922457573,0.538270161171094,0.460845369890449,0.538568059322424,45.9057518622585
"219",0.561516034376109,0.545650111509021,0.852504395386786,0.928096056029317,0.195175778641133,0.494854680710705,0.80780946870218,0.653483874306548,52.6297507790709
"220",0.552217483300483,0.579720039971871,0.35250591846765,0.440378879471682,0.0680180801672395,0.995062983009266,0.189538307383773,0.591528803124675,32.9507104370174
"221",0.240931357837399,0.939137432640418,0.690808896516683,0.608416623046505,0.352805913521443,0.916695686554885,0.630211002502474,0.335422632546979,48.3584633361445
"222",0.801362969624461,0.174658645736636,0.262149914145702,0.831244681816897,0.0106668836908648,0.644424305005814,0.889956081897835,0.378264791115653,42.2775515908991
"223",0.0217640317132464,0.67391005497484,0.79807292901678,0.447341634044424,0.661811998318299,0.11689537691127,0.542038447373779,0.955846056092414,44.0947359764614
"224",0.590456552450196,0.41182477212802,0.468265446766745,0.0816155304660788,0.676932501464616,0.905235234264983,0.0326959748280933,0.473358043460757,34.026023281406
"225",0.32986504907778,0.901908086519688,0.121320696437033,0.826438187278691,0.842651919956552,0.451569186834386,0.175620025210083,0.0778287696529878,47.2611208937762
"226",0.723042042295565,0.838482131481287,0.417606032398762,0.326089551892946,0.829435142473085,0.157869412752334,0.924131531671737,0.437122000497766,34.11571399753
"227",0.466766855330206,0.312531638678047,0.162602222476271,0.330376792775933,0.32177673393453,0.370972384281922,0.15895395516709,0.0489335451618535,33.2775066812774
"228",0.908225155801629,0.405595835674903,0.520590220798622,0.462132780103711,0.338008182210615,0.143651698012836,0.862580160651123,0.0260341069928836,35.1852809079373
"229",0.163642398098018,0.472023987787543,0.0745222998119425,0.899929319281946,0.807681951702689,0.485873334289063,0.841617581849568,0.398301219252171,50.2277121914773
"230",0.0160932393855182,0.511421583795454,0.205138074256829,0.0317880424187751,0.665098690246814,0.976237144560437,0.0809833906323183,0.36909388735774,34.6426971484561
"231",0.803993340656743,0.528467727985699,0.0776544287783327,0.105568438420887,0.798724310470861,0.400130909333238,0.937298427144997,0.900916023668833,44.3992115230165
"232",0.301452175445738,0.496414985329029,0.517557723379578,0.735591364597203,0.658955366472947,0.0102329800761072,0.567046764131519,0.52816798805492,36.3178935562464
"233",0.715163962311344,0.945277419608319,0.346110937084304,0.0430789517576341,0.452683299830533,0.543222787300474,0.714553248229204,0.110481992184068,32.2370048219951
"234",0.190888634314178,0.0504128818400204,0.192993576341541,0.285192121178843,0.0600220800202806,0.383013850161224,0.19279322820832,0.958662774832919,44.4095039275933
"235",0.0983824649866438,0.317289233997581,0.239740801245789,0.311928118499345,0.715309336896171,0.760301305868779,0.939420407837024,0.375676695796428,41.8248805895533
"236",0.323717900016345,0.260602208527853,0.023774140944588,0.970715966304415,0.407968976495904,0.376647665868513,0.0172328569355886,0.967495315393899,49.6694501751377
"237",0.124913278514287,0.300263250194257,0.774763185302145,0.960573446474737,0.634568324913853,0.696281525469967,0.67936009373574,0.776712934913812,52.9103112158623
"238",0.0623104647808941,0.133424379993812,0.693585576693877,0.778822842554073,0.294412379119312,0.516904736827128,0.800034912820556,0.259165024477989,50.7468899770604
"239",0.91312465225812,0.737339461498195,0.46137043825991,0.967930224835291,0.302659848114708,0.562819362469018,0.477791036572889,0.598230358569417,37.7969988163222
"240",0.703775151623413,0.917165706725791,0.88197273546597,0.0666049030859722,0.877009284977685,0.788533415848506,0.233100766150164,0.501764767664718,51.915058559307
"241",0.251680695076939,0.639227343042148,0.552909192185034,0.0053565112821525,0.950329705915065,0.247298598826746,0.517130274693482,0.171507137134322,31.1065871122213
"242",0.0792118809808744,0.386758214913425,0.643815753222443,0.878503408653778,0.99136219958018,0.368700100992573,0.139657997460454,0.151163431560853,43.105170007618
"243",0.132788683101535,0.339908064653864,0.567356944776257,0.343231685010251,0.401969455765211,0.617452669863123,0.200244824716938,0.401259741592221,34.3882776061533
"244",0.813363612813991,0.990544050035533,0.651667162200902,0.873979391224566,0.529262499304023,0.934990914472728,0.36431673110812,0.0868555998773081,47.5788556048819
"245",0.977853860317264,0.587108038109727,0.488134042364545,0.46999680029985,0.00290441273653414,0.594034203424817,0.559887570520514,0.153870779870776,32.9129596828327
"246",0.989852068191976,0.505574240746791,0.801673659046646,0.163930109444191,0.975371938064345,0.974592319136136,0.466327058246825,0.92813424613676,52.676927523184
"247",0.481128613991896,0.00515767127275467,0.899117409329629,0.766370524756494,0.336822836368228,0.87620518231648,0.260242167940014,0.826908900066628,71.9761917026318
"248",0.643722767541767,0.120779098719358,0.917190435430966,0.135535344191012,0.388831127949525,0.234920143980999,0.511298336861655,0.402566777521279,54.3734124940097
"249",0.719052277133451,0.724126682292554,0.586604291727417,0.0938871785672381,0.071337245713803,0.336065445618005,0.101794017041102,0.895824504920747,24.8144227561896
"250",0.957367454379564,0.866173262958182,0.0896565763687249,0.232037196134916,0.00671427526220214,0.237914540058118,0.362451153176371,0.179519705736311,27.3114306118018
"251",0.118546623552684,0.591371111887274,0.988894055265118,0.428823867284227,0.0968101030803518,0.490911184261786,0.95029897729517,0.333326174653484,58.0055458406969
"252",0.974366342317662,0.141528629304958,0.0179636524704983,0.924105155323632,0.756843043332337,0.134666940871975,0.0593011876801029,0.778348607593216,52.6477436786392
"253",0.253206747340155,0.47923409526702,0.131594985511038,0.953246662274469,0.158757181929541,0.0594276240101317,0.415435269931331,0.487450743447407,38.9675978180297
"254",0.462745628625853,0.973155407636077,0.770934969408554,0.838357676641899,0.904054816420539,0.212936106381821,0.107029104708345,0.969203088803333,54.0766475737123
"255",0.126349737104611,0.792372587096179,0.420505896689719,0.238479694946436,0.295739249347826,0.676421962611494,0.848236910623382,0.0705017596849939,31.797897528369
"256",0.578537956617074,0.417197710801847,0.607266292388667,0.598813278623857,0.511239308571676,0.445992958808201,0.370941479266621,0.985471808881266,39.780630148261
"257",0.867018971096841,0.914226941399975,0.393872503489838,0.975687210875331,0.138572771961335,0.00591485032520723,0.12097805274534,0.206992160651716,31.0235371493709
"258",0.625232398658409,0.969182952338597,0.0617635251424508,0.457587758589652,0.73472350392316,0.924092200990999,0.85537828035187,0.664985863522161,53.4094322359548
"259",0.00795287719462067,0.663014748076093,0.407180322976783,0.71816781559668,0.119731848672964,0.586143751861528,0.676615493116551,0.85704876372416,34.8200996484947
"260",0.511079846802168,0.516972594319959,0.891572546237148,0.911636248904979,0.226126350251143,0.785563020991394,0.0430721507011913,0.134857319029397,53.6258200805796
"261",0.35742559010745,0.966447492011357,0.901176767367288,0.907954062108765,0.8613540686958,0.403868377980543,0.787352945049643,0.551043755558203,66.2457339642042
"262",0.597917798603885,0.0872695581708103,0.1128760224703,0.553368271135842,0.631915081389598,0.0941331856907345,0.37272174708487,0.422816815972328,47.3159869072648
"263",0.856232654023916,0.661171973442542,0.628510344492388,0.424286450494546,0.463998803918366,0.673693389586988,0.850660648182384,0.756964082841878,39.9311377043705
"264",0.615430735255941,0.827175108374795,0.195250440405798,0.444079087869613,0.215309908012277,0.945500500377966,0.682975457754219,0.0209351404057816,36.8361629405033
"265",0.589328170085792,0.977654560046503,0.592494186992408,0.494235422493075,0.0498711366928183,0.205542344583664,0.599143051765277,0.189008657227969,36.1558181217806
"266",0.233262424203567,0.0717245170962997,0.858288406197098,0.133589852171135,0.299470814812812,0.0227136236737715,0.0255734908627346,0.564742212759447,51.0682560851238
"267",0.690420880488236,0.557631985091721,0.0816413799434667,0.437274278164259,0.210092800622806,0.454895470339688,0.667358916238882,0.633644458792405,40.4229641130745
"268",0.214781027659192,0.996737007583142,0.931481614097138,0.289980855580652,0.302047887300723,0.671491962859873,0.0628960101597477,0.93314943746489,64.4344351187582
"269",0.0944654346664902,0.0180559044599067,0.220907721630065,0.594511306625791,0.057634406639263,0.723427841411321,0.0177311850804836,0.182941679902724,52.7262726652995
"270",0.969344880491844,0.949691295708762,0.144450908122817,0.758078398632351,0.8806669750734,0.0435826567793265,0.00823535900621209,0.354655000180355,41.4743312324094
"271",0.366012754159747,0.253011673995643,0.745883873390849,0.0675015615893062,0.68465545389452,0.247923249875312,0.93120488321234,0.0468492158368463,41.7767145483599
"272",0.624193654287956,0.0998655453103129,0.470137893413776,0.334072612453019,0.284247945070383,0.744422610527836,0.52608489559032,0.58253072888474,40.3011474377205
"273",0.55303195824963,0.126519175107824,0.4817492133216,0.568910802903702,0.128292075826321,0.271896282495582,0.990926724699675,0.743659783009789,39.7631690925904
"274",0.354854094297043,0.832642489830614,0.179502726168139,0.0249339694454102,0.0271675032947678,0.278870821913006,0.456950604078011,0.660883128917776,25.1020349749858
"275",0.376155485891504,0.905889815895935,0.234397962759249,0.995327749769203,0.723529546380742,0.835484466697089,0.568892560505774,0.571490373761626,48.6320957399295
"276",0.0669735035771737,0.788607821282931,0.0993241459538694,0.541460721445619,0.27494037055294,0.00233521328365896,0.996934413202689,0.0275871967442799,37.4961436095096
"277",0.228739138079691,0.37168957663991,0.97319394267688,0.470377589766285,0.102456075152732,0.264096807173919,0.469834632630227,0.830804540446843,56.5271082544836
"278",0.0384336565685226,0.310002286914969,0.0205630585632753,0.411457822996308,0.893280115918606,0.191350380354561,0.143442239257274,0.00391337146516889,44.0901447419524
"279",0.0481689095828915,0.275577796003781,0.00436234706488904,0.305068956362084,0.111929000150994,0.46296249203966,0.609444147830363,0.300548198662582,41.1160181342235
"280",0.0887022230256116,0.645044148612651,0.388205195057672,0.0172360082995146,0.62125813523191,0.0395845299074426,0.40550217888609,0.761080044260598,26.1135263754127
"281",0.944011487953248,0.0886145506863249,0.831473883045837,0.475753767956048,0.498707951141405,0.831352569794399,0.244514815477887,0.0836927899549482,53.9529235949828
"282",0.261938656304847,0.91978518380376,0.896156113278121,0.0325979071296751,0.36822154050169,0.829526480849599,0.487100454314495,0.126726653267979,52.7333333990539
"283",0.112158325373894,0.036978971491917,0.210947325091693,0.556094908422674,0.988522186955088,0.790315549357911,0.00615574576135259,0.48107736674021,59.265508338191
"284",0.377678731120541,0.0593619483720977,0.249375066175126,0.50521618829458,0.846846450567246,0.476510451612412,0.777588244574144,0.0153163624939043,51.7026028291448
"285",0.0459442573256092,0.950511198517634,0.0825037491839612,0.197117442995077,0.872456784046954,0.504401086698635,0.946779164676555,0.504690596790751,53.1634674838784
"286",0.024475451457547,0.0812861715070903,0.808374491599388,0.816810105541372,0.221576039459906,0.00856347374385223,0.993628283158178,0.631308764413698,59.7544053130306
"287",0.93857994957536,0.877984678296489,0.0642529007716803,0.157066759722074,0.319008880618494,0.625498389290879,0.170893348930404,0.747488159204368,35.5136750135817
"288",0.0625359936949098,0.805386301621329,0.600306290588342,0.122405175856547,0.984575626639999,0.815350744894822,0.230513792558922,0.894877728589927,38.9929463034014
"289",0.767915952619514,0.187646010666504,0.946644918387756,0.842669063133653,0.0313159721996635,0.441456163085531,0.539767710216693,0.232129264502437,59.7626026426482
"290",0.919387555978028,0.935206178645021,0.417396174463211,0.216706492286176,0.602728420429048,0.99796998863807,0.0912294980301522,0.119347320902743,33.8310734278268
"291",0.953895988652366,0.964445571249817,0.111516005441663,0.180197472370928,0.503999881123891,0.0314839692396345,0.828363586315536,0.000999302947893739,35.5220114310194
"292",0.829385006357334,0.441795802114648,0.528497135825455,0.256007820963277,0.696063489820808,0.256047630566754,0.124844087600359,0.527472179394681,34.1815060936606
"293",0.970145000782213,0.534835744777229,0.0437011125567369,0.858129222583957,0.749088640843984,0.118591490112594,0.545070973007241,0.219826599850785,50.0904022472907
"294",0.351105207337532,0.163587161094183,0.618514201796497,0.889952527334099,0.912545164879993,0.808547325129621,0.118768304324476,0.850836165968794,49.8320910134727
"295",0.519895992976381,0.984751115900581,0.847739370111958,0.201936848795158,0.479000248267548,0.389808393656276,0.654880063426099,0.951466263200855,53.7264424826774
"296",0.0371683766221395,0.169175231346744,0.569944713724544,0.272578687880305,0.929138998589478,0.90883248111757,0.377704763414222,0.100983054952812,45.1694231580755
"297",0.886768874275149,0.0404308961518109,0.941038182001212,0.797397489547147,0.654041853090166,0.837504314230173,0.648802747484879,0.9209788337996,71.9255084947671
"298",0.335427793535055,0.721488068274339,0.0306901384325465,0.89525307537755,0.14999576833623,0.537415422474733,0.0110600883123698,0.463213708938565,42.1475679288708
"299",0.368563637640909,0.886277099867002,0.85158620193426,0.151719922146876,0.113367476456915,0.0141933995863656,0.157445951602422,0.0941293166490505,37.5927606526654
"300",0.583556389549049,0.526901784187066,0.526554256819072,0.987007039620658,0.574341938937432,0.57437166684831,0.919537387830787,0.276785979848355,42.6008133223769
"301",0.69254241911287,0.0269599906972144,0.477056641438976,0.626089854578022,0.993226321300608,0.514949493692839,0.0722793451260077,0.145921934760991,49.4228692405554
"302",0.888663623446482,0.341565771568567,0.263880877902848,0.689890685679857,0.905497891263803,0.897695059343823,0.793810699225287,0.293492939193384,47.6760522234243
"303",0.669989221147844,0.765319732230855,0.957370165995671,0.572198008320993,0.1681832609704,0.415156545178615,0.268436381734791,0.585400727100205,53.8191388420631
"304",0.904109365805052,0.762825992894359,0.948957322111819,0.604356128900545,0.864625961562269,0.410174941531732,0.52931398499175,0.626746156167355,59.608187612472
"305",0.40404921768175,0.114108382323757,0.943141069924459,0.632883009113721,0.803524848907255,0.0557613010524074,0.271137378208805,0.547228645217256,64.4991825313441
"306",0.0537104718683986,0.186228271378786,0.10458727296791,0.979845241684816,0.455821923766634,0.252020904513192,0.623226288809092,0.0332898715458577,50.0195727531616
"307",0.783815567858401,0.654702719137422,0.153263905940694,0.84670145230717,0.530101654411992,0.930213010567822,0.0870279067062074,0.915772711274913,45.503800675539
"308",0.868287631557905,0.667880487304064,0.0143351958534913,0.966136878387188,0.190954717967543,0.778449309259886,0.414590725093149,0.142166571100825,48.5952458776682
"309",0.270533624769305,0.912358870586031,0.934993235389702,0.38954634222493,0.921345268936711,0.801710116240429,0.965597633786383,0.983857997899759,65.28224163697
"310",0.581898273335537,0.409698652051156,0.918713949425146,0.665106864692061,0.426747499600751,0.0458778073184658,0.91068554756348,0.311426313302945,55.7495820388936
"311",0.84499210500333,0.6034683030413,0.452796746278182,0.046587420887663,0.328620780215715,0.0543189513334073,0.682188602688839,0.747546694940538,27.4261801830382
"312",0.165740433573956,0.453629621089203,0.504442931249505,0.0772756891214522,0.0366789009509375,0.900520143150352,0.637618842101074,0.426138187240576,29.5345820398677
"313",0.427033757827012,0.200500767366611,0.361464877784601,0.402589377438999,0.96547819489846,0.273816376894829,0.972230006891186,0.880135077682789,42.794008720322
"314",0.222295550861745,0.869849292999133,0.624954974891734,0.616336099991458,0.639200158329331,0.421636114643188,0.0419154657592298,0.351507092017564,39.1379759506005
"315",0.226907952328911,0.0742636001243955,0.927410881587421,0.3479159449914,0.0513081314612646,0.984249210509006,0.153924567516078,0.0951310550153721,63.0717859259671
"316",0.010773807374062,0.272795893176226,0.197735672311974,0.891026603135397,0.850301411862602,0.926382683280972,0.810206567048444,0.962362192924484,51.7720086830454
"317",0.340832090717158,0.679534940234153,0.985554608539096,0.367642593460041,0.280844992416096,0.937858887438779,0.732440930074663,0.781827301241574,60.5024906472222
"318",0.861898574163206,0.465963854570873,0.759939494868158,0.0368256014148938,0.890858155761962,0.992861181715853,0.650343419682467,0.0137117442139424,47.0527642747274
"319",0.216890872063814,0.993878448304604,0.332726130216033,0.454728290995699,0.366634384778445,0.439606121713296,0.287178183670621,0.97358977326774,45.1310390668218
"320",0.469240160665358,0.623446077989065,0.160896223651362,0.250251461653388,0.758695044662454,0.758280337008182,0.497977819684893,0.261756639489904,39.4256142496876
"321",0.081184758397867,0.976425559723284,0.25990951707121,0.0482857312523993,0.233273719190038,0.189404277005815,0.501532067195512,0.0557597523357254,35.7710919850733
"322",0.676017765039578,0.0106506090937182,0.137189499633969,0.751482600137824,0.438262567319325,0.631013555715908,0.357572707974468,0.0876003379997564,55.3382696745359
"323",0.528868188619963,0.855697041024105,0.158785985700088,0.710324997227872,0.96902057163883,0.220076973467367,0.400095843658783,0.784229287130292,43.8054622432989
"324",0.230925230538705,0.245109420840745,0.731764765553526,0.958034629195463,0.156398043584777,0.351821733274846,0.129683673524414,0.615159556781291,44.4904912624825
"325",0.0597949027683353,0.0450894111290108,0.578798724814551,0.0299103580531664,0.594107981277048,0.390427889680723,0.805500432811677,0.579472522776341,49.8138219859535
"326",0.88042071501608,0.240358785127173,0.329831883016741,0.789526891928981,0.0141901262343163,0.259007004745654,0.288642702038633,0.554594490809832,35.0839268876606
"327",0.95909481056151,0.754845973008778,0.433254750584019,0.484287995776394,0.532636421478819,0.357174402802484,0.301425125479582,0.00840658892586362,31.4279246269637
"328",0.809426208978985,0.626589832141763,0.288526161457994,0.80329420654627,0.383354832115001,0.00438666714471765,0.958590806398424,0.672674772389582,38.2346056098505
"329",0.0439890513091814,0.859939488437958,0.667531363235903,0.925366646217881,0.163354977036943,0.319389111607452,0.432928592500975,0.0642212406150065,41.0476805860754
"330",0.630843846360222,0.80217717359832,0.87215446248767,0.842138094803086,0.901190498536453,0.0336463618685957,0.3801731320197,0.0413154269615188,51.3841974303365
"331",0.629777548311977,0.823075643330812,0.921471169883735,0.920682950095506,0.0811047189700184,0.753886626249878,0.853360107517219,0.121841344030108,56.2424626739693
"332",0.156679312129272,0.812953273183666,0.252126233737217,0.987891398099018,0.0913403237954481,0.986614726686385,0.897652554871747,0.411398723924649,43.0164531284249
"333",0.996365236283746,0.923444631213206,0.92349336945219,0.930092746525188,0.508141451833071,0.734871637777542,0.0203514072508551,0.772825419088476,58.4885632703791
"334",0.303732888139202,0.484494903660379,0.992274966432015,0.0136704927548999,0.727598369726911,0.419793650605134,0.132026193177444,0.203194922664552,56.4089464728574
"335",0.0407693574990844,0.264568502159673,0.152458605199354,0.867277620509267,0.222738124307361,0.949300324324868,0.36785516175034,0.870030222482164,47.324847883243
"336",0.474410667951452,0.251112096753786,0.106499937788467,0.207243333499646,0.953489185744547,0.149866415695287,0.252880815799581,0.925949237393215,42.0009213246272
"337",0.178876519479672,0.907969239520607,0.874331280192127,0.0742402511026012,0.208352192263119,0.0157081749680219,0.706812027322012,0.514585047524888,46.3379482949986
"338",0.0274182613525772,0.850348150643404,0.0358532407949679,0.984033147166483,0.985972377473372,0.821290142508806,0.957052172760014,0.0744064587610774,57.8092460440285
"339",0.894303735249559,0.772892920755548,0.0559880944149336,0.800628485608031,0.104660001122975,0.977782301428961,0.903923256109701,0.693593241775525,47.1633278602834
"340",0.346121881776489,0.206786383899162,0.715168848782196,0.345559971804614,0.882546913573751,0.904867756873136,0.619758005689364,0.711650742092752,49.0803760114743
"341",0.0278527690604096,0.985128040268901,0.257457466415362,0.283360236164881,0.230636447261204,0.950787323423428,0.920281780385412,0.897973484682152,50.6196518214425
"342",0.778702681657742,0.940132054708665,0.00532134635432158,0.0961520570475841,0.744157786081778,0.0670628964778734,0.274692847752012,0.396899451843346,39.0755217639989
"343",0.849717506599845,0.2157971561054,0.181606952142902,0.104280399075942,0.878819367582328,0.987868786772597,0.0350262342696078,0.964476229189313,43.0444902317965
"344",0.428987689599744,0.347366323591559,0.362914081200142,0.951869853345561,0.561696088965982,0.137829291206435,0.00385822064825334,0.105045329650748,36.3371425749885
"345",0.358421608114149,0.271067696848768,0.962440602329443,0.944002406515647,0.917772848207387,0.0253693293669494,0.875409854844329,0.853385062269517,66.5413694736725
"346",0.763749940978014,0.00315542735566851,0.076738333440735,0.771950174614321,0.483094521564781,0.661230807992979,0.763936990964576,0.872984178738552,61.4831265445597
"347",0.115805861858535,0.348044255393906,0.964804188892595,0.932694154892815,0.839364119360689,0.496525057539111,0.874306961707771,0.109264086934854,66.1204410217963
"348",0.941443731637555,0.955923056910979,0.950740764390212,0.836119489310077,0.32453395214281,0.0811141037754714,0.696332591405371,0.935554256350151,59.7574741539917
"349",0.794590157902567,0.403817571409163,0.976562436484382,0.870389905851916,0.971262749987654,0.807222993422765,0.206480573457666,0.279166461503482,68.5807757289863
"350",0.0145260474650422,0.882736143486109,0.0478953367570648,0.524854149727034,0.834403041801415,0.799196749376133,0.13297452228202,0.689372047181823,51.8132816675161
"351",0.949632129832753,0.934883306843112,0.0907411157421302,0.23722007310309,0.999142624738743,0.584278150441824,0.916853084154427,0.12750710425491,45.1793642071834
"352",0.871914573993417,0.792862635898055,0.928179304639343,0.373405185568845,0.0672127728763735,0.96736464869522,0.319809338764753,0.0660279212053865,50.9244298479577
"353",0.0712429441773565,0.033476191177615,0.459272423894145,0.213148122712155,0.849317059799214,0.0215851656609448,0.0611817257822258,0.41344274766976,47.3171466115433
"354",0.639388947775005,0.00760997905163094,0.889858119270648,0.0389857526216656,0.912418084976962,0.17630742619629,0.584631596750114,0.809377200793824,64.2729702852976
"355",0.711176214775187,0.445501820942736,0.803482268718653,0.0709842740697786,0.076054356591776,0.531631574181374,0.887043756711064,0.320137077215477,41.5444303898146
"356",0.901582336649299,0.485109402047237,0.0529295038303826,0.358268040502444,0.0470541970984777,0.810435405196622,0.00133294564671814,0.137450327606057,38.4335582352402
"357",0.242924605641165,0.0772728265152546,0.0417153247061651,0.915602678183932,0.0229382094193716,0.105675268012565,0.758923485870473,0.998637749733171,55.1960990555014
"358",0.391214874401339,0.522209779217374,0.357345442236401,0.324872042079805,0.204115838414291,0.0413757120142691,0.0378529833361972,0.488265729798586,24.050769966069
"359",0.985796737849596,0.726549259174499,0.887053340733983,0.124654368060292,0.267648412915296,0.853533113079029,0.343117089016014,0.892134640722652,48.7860901114236
"360",0.79946633073152,0.981988379587419,0.290338493667077,0.127020814641728,0.980632921929355,0.636819928421755,0.250281323933741,0.931889613079838,40.8110144948083
"361",0.146806145871524,0.0654487706441432,0.972242605683859,0.193534270341042,0.419407666660845,0.980317438845523,0.822214056584635,0.11529940857843,72.8402044792902
"362",0.444922801493667,0.323703725234955,0.0398704586533131,0.118770746228402,0.0156013332580915,0.963361059942399,0.325552649585879,0.924951152935391,38.9017677853359
"363",0.963621096871211,0.227425527105224,0.839380766568356,0.956169497987721,0.57036294933816,0.201456196235958,0.0692555697116768,0.9479043124686,53.9426649446562
"364",0.0344240779237589,0.797958077425719,0.17515022754902,0.769632452676306,0.784233665881329,0.353559163379832,0.925188653627993,0.989870931793703,46.2092794113215
"365",0.105591425349121,0.0236654608178651,0.0931299704837147,0.792368601920898,0.450846595487674,0.882543799368432,0.999703585562529,0.270653610138106,67.0924897190506
"366",0.189096765977447,0.843743004010175,0.805123929698602,0.98073014493275,0.00211504586506635,0.921041893224465,0.1040049778088,0.804655316612916,49.1307195011055
"367",0.733726722421125,0.193590194337303,0.00851036539766938,0.0579956534359371,0.70750419306918,0.0978074133151677,0.837277061976492,0.269596665385179,43.073692823788
"368",0.773679807564477,0.145924093789072,0.875085566080525,0.302460844966699,0.107489081362146,0.396490779518499,0.0125899553357158,0.160593513305066,46.8707331004795
"369",0.00678727787337266,0.643054993388942,0.998916592223104,0.906725662265089,0.824189326061751,0.0279537346767029,0.099176942006452,0.638781906922814,63.0704867074537
"370",0.921931754811667,0.0921897934295703,0.687262817700394,0.693397254593437,0.357516342788003,0.824274595635943,0.896297157534864,0.0313392906042282,49.1140125062577
"371",0.0866258860286325,0.686949565375107,0.868352202858077,0.0837956580234459,0.934732440931839,0.308021050831303,0.973835415975191,0.536835833988734,49.4113697426152
"372",0.981178948633606,0.609255593167618,0.464787959994283,0.972661046017311,0.793190084679518,0.795411421144381,0.842875776026631,0.945092798600672,46.4969465146917
"373",0.892460061631864,0.712282937065465,0.953375493245549,0.079716229751939,0.673503434908926,0.0884221865271684,0.603496589091956,0.143491090669995,52.2053344216912
"374",0.139420940524433,0.957657215998042,0.630335360515746,0.202604447736521,0.978688424950233,0.849121709082392,0.0890060722018825,0.018572169598192,46.7609107423722
"375",0.128431463594898,0.18349090318603,0.667149392878055,0.147775530748186,0.46953376773803,0.7265130594722,0.0455256572895451,0.980490811199416,41.3686245826954
"376",0.0524923506373307,0.494399377786322,0.483550502431463,0.990996591469157,0.601687242427724,0.851586183984182,0.323594831463997,0.0124590935982997,40.2607748908322
"377",0.23714170228166,0.0133893023245037,0.0010076205508085,0.111180404146435,0.567400157345692,0.73012140937557,0.291871960776043,0.0391403135255678,58.9278153732651
"378",0.991000522472314,0.882064751256257,0.325935724080191,0.695498940284015,0.2887213881145,0.0847129897127161,0.0484863104228862,0.904198306907201,30.7981483940919
"379",0.946290802335716,0.0435011668491643,0.426007850994938,0.0420067568129161,0.730550901412498,0.971537126051262,0.964674306798261,0.87625801644288,45.7095292917029
"380",0.16234922314703,0.491298348157434,0.204731658513192,0.198831753326813,0.107692172639654,0.174407700967276,0.981428153067827,0.767786320177256,30.5922895012651
"381",0.788836702739354,0.351938162309816,0.0963194211333757,0.0117096704093274,0.174945355360978,0.943908856307971,0.975471136804554,0.0530084028415149,39.0101051242765
"382",0.193240224459441,0.000980505882180296,0.317279805378057,0.993307503072429,0.772096131252474,0.287782728789607,0.404014040919137,0.757940763646038,62.0305937769392
"383",0.912398103459855,0.211094349279883,0.532092063497985,0.822773441217723,0.0995135854952969,0.990944576374604,0.0771765120711643,0.736477051090333,40.7115816971709
"384",0.917361009325832,0.152109539966914,0.965785678260727,0.439439017460099,0.0899996219750028,0.16236449316144,0.617354039808852,0.91448548618413,58.9094690354702
"385",0.604363470302778,0.565153244372341,0.0463569420843851,0.712859881118638,0.0348688895831583,0.260870972337434,0.832196891662898,0.0229116336978041,40.7914262058322
"386",0.208424665160128,0.925418071447057,0.30764157267171,0.530672646518797,0.88990242149448,0.0192645549034933,0.594833956932416,0.18161359017191,41.3859781529592
"387",0.0755808752868325,0.861014317302033,0.860222400459461,0.919401213050005,0.176118199430057,0.145212129428983,0.740674181252252,0.787351405079244,53.2430290833297
"388",0.546108652678086,0.854939177467604,0.711519882204593,0.449452333705267,0.725431900330004,0.960649336291244,0.987276550389943,0.200669777632575,45.2027219035527
"389",0.839390461911098,0.55711794259958,0.0681498412427027,0.747047818986466,0.956967253737967,0.638797416557791,0.0514827160781715,0.297870174730779,49.711413298721
"390",0.997591418948141,0.95411766835663,0.126631451604771,0.141806233534589,0.326624276702641,0.61375523870287,0.868578592536505,0.908256528829224,38.8086041745031
"391",0.0919345734850504,0.0208770087279845,0.704605849384097,0.378898671761854,0.314569222594146,0.103726528359693,0.553263912628172,0.0761896556406282,53.9382875700674
"392",0.928059111941257,0.777590960548841,0.969089921091217,0.998602224713541,0.0408060119953007,0.123240685077035,0.408214550780249,0.0426678201800678,55.9277273095504
"393",0.12079936451104,0.970980348580633,0.821746864162851,0.948454403723008,0.935962106768857,0.958831690318766,0.280908251816873,0.81686735962634,65.7310983992511
"394",0.436976063424372,0.87642296826758,0.866402071284247,0.116867042229278,0.745928186197416,0.0523169707966736,0.067392155516427,0.992543590770219,45.9270666466964
"395",0.898078774207388,0.0299452050589025,0.0288082884583855,0.0531186583259841,0.150848755199695,0.096832695202902,0.284116520151147,0.823751808730303,39.2807660052936
"396",0.388677476084558,0.0543004550191108,0.749910666033393,0.808063776609488,0.1840649978281,0.872396148336702,0.95294200878765,0.861453681885614,59.4727749328919
"397",0.93175169372058,0.105402058652253,0.996847342806286,0.102396464081248,0.820868437907775,0.86628769121482,0.0530527307238663,0.521686372549739,66.8797003114534
"398",0.00279836863279343,0.399886306710541,0.0338289503869601,0.00245313198305666,0.946999098238885,0.655767474293825,0.636666778740473,0.976359288519598,45.4005502778015
"399",0.993604329195805,0.223543969678576,0.542626968703116,0.811784783374751,0.97349648105097,0.0920124608877813,0.878876194301993,0.316556576269213,44.4212228105291
"400",0.217756579248817,0.987546100508771,0.349598734473111,0.380116271053557,0.0214595881704008,0.748079072423279,0.164653346690466,0.318586019791546,40.0159833426581
