x.1,x.2,x.3,x.4,x.5,x.6,y,yp,yv,ysd
4.166666666666670078e-03,4.291666666666669738e-01,8.541666666666669627e-01,7.916666666666670460e-02,8.375000000000000222e-01,3.208333333333330262e-01,5.142847327589069595e-01,5.142803188355173916e-01,9.993442517952644266e-09,9.996720721292879546e-05
1.250000000000000069e-02,2.625000000000000111e-01,6.041666666666669627e-01,1.375000000000000111e-01,9.625000000000000222e-01,6.708333333333329485e-01,2.988212886182359806e-01,2.988191526528680697e-01,9.985768656406435184e-09,9.992881794760925752e-05
2.083333333333330095e-02,3.875000000000000111e-01,5.208333333333330373e-01,8.458333333333329929e-01,4.708333333333329929e-01,6.208333333333330151e-01,2.717992446848009891e-01,2.717950890873908065e-01,9.997108918469166383e-09,9.998554354740071836e-05
2.916666666666669835e-02,2.208333333333329929e-01,7.291666666666669627e-01,2.458333333333329873e-01,4.583333333333330234e-02,3.291666666666669960e-01,2.591786445730069888e-01,2.591790106089320034e-01,9.988951887862640433e-09,9.994474417328126962e-05
3.749999999999999861e-02,9.458333333333329707e-01,4.708333333333329929e-01,8.125000000000000000e-01,9.291666666666670293e-01,6.250000000000000000e-02,5.406382828818849795e-01,5.406377976360090543e-01,9.999183703257585876e-09,9.999591843299197890e-05
4.583333333333330234e-02,3.749999999999999861e-02,3.375000000000000222e-01,8.291666666666670515e-01,2.874999999999999778e-01,1.458333333333330095e-01,-6.366441485709410653e-02,-6.366362924745772034e-02,9.997052075050305575e-09,9.998525928880869814e-05
5.416666666666670321e-02,1.541666666666670071e-01,8.749999999999999445e-02,1.291666666666670127e-01,1.875000000000000000e-01,2.374999999999999889e-01,1.953163539074150024e-02,1.953239850627142005e-02,9.998416317102964967e-09,9.999208127198355570e-05
6.250000000000000000e-02,5.208333333333330373e-01,9.791666666666669627e-01,1.708333333333330040e-01,8.791666666666669849e-01,8.791666666666669849e-01,5.085326200738360392e-01,5.085352969363157172e-01,9.993925687012961134e-09,9.996962382150370835e-05
7.083333333333330373e-02,6.374999999999999556e-01,2.625000000000000111e-01,7.083333333333330373e-02,3.208333333333330262e-01,7.458333333333330151e-01,3.794658627963540254e-01,3.794665728564723395e-01,9.997421557272900827e-09,9.998710695521148225e-05
7.916666666666670460e-02,4.708333333333329929e-01,8.458333333333329929e-01,7.125000000000000222e-01,3.875000000000000111e-01,7.624999999999999556e-01,3.283409661434090188e-01,3.283420750303776003e-01,9.996256267186254263e-09,9.998127958366133405e-05
8.749999999999999445e-02,9.041666666666670071e-01,4.041666666666670071e-01,3.125000000000000000e-01,5.416666666666670321e-02,4.583333333333330234e-02,4.978940906809519729e-01,4.978947837953455746e-01,9.997449978982331231e-09,9.998724908198210767e-05
9.583333333333329818e-02,4.583333333333330234e-02,1.375000000000000111e-01,9.958333333333330151e-01,2.916666666666669835e-02,8.708333333333330151e-01,-1.455211603338719961e-01,-1.455207215403788723e-01,9.998075256589800119e-09,9.999037581982477409e-05
1.041666666666670044e-01,3.791666666666669849e-01,7.083333333333330373e-02,5.458333333333329485e-01,6.458333333333330373e-01,3.125000000000000000e-01,1.064316847076479944e-01,1.064306710104574449e-01,9.997279448725748807e-09,9.998639631832796941e-05
1.125000000000000028e-01,1.958333333333329984e-01,5.124999999999999556e-01,1.125000000000000028e-01,4.375000000000000000e-01,7.916666666666670460e-02,1.214199691364500067e-01,1.214211939513916150e-01,9.990486660171882249e-09,9.995242198252067100e-05
1.208333333333330012e-01,7.916666666666670460e-02,7.624999999999999556e-01,4.625000000000000222e-01,1.458333333333330095e-01,4.041666666666670071e-01,1.941432289517299944e-02,1.941437425193726085e-02,9.995346772484481335e-09,9.997673115522671505e-05
1.291666666666670127e-01,5.708333333333329707e-01,4.958333333333330151e-01,5.291666666666670071e-01,7.041666666666670515e-01,7.958333333333329485e-01,2.860655024790890177e-01,2.860669223700824659e-01,9.991964589062263258e-09,9.995981487108839458e-05
1.375000000000000111e-01,4.208333333333330040e-01,4.625000000000000222e-01,9.583333333333329818e-02,5.541666666666670293e-01,9.875000000000000444e-01,2.405362617999239894e-01,2.405370098385901656e-01,9.990316129915299825e-09,9.995156892172978719e-05
1.458333333333330095e-01,3.708333333333330151e-01,7.958333333333329485e-01,1.875000000000000000e-01,5.958333333333329929e-01,6.541666666666670071e-01,2.754066312050070242e-01,2.754095677482837345e-01,9.990856142394477502e-09,9.995427025592492406e-05
1.541666666666670071e-01,6.624999999999999778e-01,4.791666666666670182e-01,2.958333333333330040e-01,1.125000000000000028e-01,9.541666666666670515e-01,3.341782731331440215e-01,3.341764023061841726e-01,9.985683391278143972e-09,9.992839131737358811e-05
1.625000000000000056e-01,4.166666666666670078e-03,5.458333333333329485e-01,3.208333333333330262e-01,9.541666666666670515e-01,6.041666666666669627e-01,-1.107748029405959955e-01,-1.107712803132017143e-01,9.995517302741063759e-09,9.997758400132033391e-05
1.708333333333330040e-01,6.541666666666670071e-01,5.875000000000000222e-01,8.958333333333330373e-01,9.708333333333329929e-01,8.749999999999999445e-02,2.786457180096150177e-01,2.786464447308389936e-01,9.990685612137895077e-09,9.995341721090827383e-05
1.791666666666670016e-01,7.624999999999999556e-01,9.458333333333329707e-01,6.125000000000000444e-01,1.375000000000000111e-01,1.291666666666670127e-01,4.197656970446819735e-01,4.197655790558201261e-01,9.996711014537140727e-09,9.998355372028512654e-05
1.875000000000000000e-01,5.875000000000000222e-01,5.625000000000000000e-01,1.541666666666670071e-01,2.541666666666669849e-01,5.041666666666669849e-01,3.091221038683060196e-01,3.091229367055348121e-01,9.987928706323145889e-09,9.993962530609740830e-05
1.958333333333329984e-01,2.791666666666670071e-01,8.208333333333329707e-01,4.166666666666670078e-03,3.708333333333330151e-01,5.791666666666670515e-01,2.312324081722069991e-01,2.312304142978973687e-01,9.996597327699419111e-09,9.998298519097845898e-05
2.041666666666669960e-01,7.791666666666670071e-01,1.291666666666670127e-01,4.208333333333330040e-01,6.541666666666670071e-01,4.708333333333329929e-01,2.512585472897839733e-01,2.512601290727616288e-01,9.987985549742006697e-09,9.993990969448595199e-05
2.124999999999999944e-01,2.874999999999999778e-01,3.791666666666669849e-01,7.874999999999999778e-01,6.208333333333330151e-01,2.208333333333329929e-01,-6.003132534427679627e-03,-6.001116322295274585e-03,9.994067795560113154e-09,9.997033457761414228e-05
2.208333333333329929e-01,2.124999999999999944e-01,2.374999999999999889e-01,3.708333333333330151e-01,1.541666666666670071e-01,7.708333333333330373e-01,-6.662955694446549837e-02,-6.663251501595368609e-02,9.993584626499796286e-09,9.996791798622094714e-05
2.291666666666669905e-01,5.458333333333329485e-01,6.208333333333330151e-01,9.875000000000000444e-01,8.874999999999999556e-01,4.124999999999999778e-01,1.664411041278009984e-01,1.664425910748832393e-01,9.993186722567770630e-09,9.996592780826760183e-05
2.374999999999999889e-01,8.874999999999999556e-01,5.791666666666670515e-01,4.708333333333329929e-01,4.124999999999999778e-01,3.458333333333329929e-01,3.667719835519759886e-01,3.667725850100396201e-01,9.986251825466752052e-09,9.993123548454083225e-05
2.458333333333329873e-01,8.291666666666670515e-01,5.291666666666670071e-01,3.624999999999999889e-01,5.625000000000000000e-01,5.416666666666670321e-02,3.374738621713849751e-01,3.374722802545875311e-01,9.981079074350418523e-09,9.990535057918779080e-05
2.541666666666669849e-01,4.541666666666669960e-01,6.374999999999999556e-01,5.541666666666670293e-01,7.375000000000000444e-01,1.208333333333330012e-01,1.364077257495379947e-01,1.364068003385909833e-01,9.990372973334160633e-09,9.995185327613570784e-05
2.625000000000000111e-01,8.041666666666670293e-01,6.708333333333329485e-01,9.124999999999999778e-01,3.791666666666669849e-01,8.541666666666669627e-01,2.823210478392260137e-01,2.823210470814956352e-01,9.991168781198211946e-09,9.995583415288080288e-05
2.708333333333329818e-01,6.791666666666670293e-01,1.875000000000000000e-01,4.874999999999999889e-01,5.458333333333329485e-01,9.124999999999999778e-01,1.548376538839759953e-01,1.548368141338869464e-01,9.987786597775993869e-09,9.993891433158554624e-05
2.791666666666670071e-01,1.125000000000000028e-01,2.291666666666669905e-01,6.791666666666670293e-01,6.291666666666669849e-01,4.541666666666669960e-01,-2.035002520014480010e-01,-2.035006071128009353e-01,9.985029691961244680e-09,9.992512042505250131e-05
2.874999999999999778e-01,8.208333333333329707e-01,4.583333333333330234e-02,4.041666666666670071e-01,4.166666666666670078e-03,9.208333333333329485e-01,1.820290135263220033e-01,1.820271099240926560e-01,9.990515081881312653e-09,9.995256415861132799e-05
2.958333333333330040e-01,9.291666666666670293e-01,7.874999999999999778e-01,2.208333333333329929e-01,6.708333333333329485e-01,5.958333333333329929e-01,4.280727402016690220e-01,4.280733668056200258e-01,9.991623528549098410e-09,9.995810886841095724e-05
3.041666666666669738e-01,7.458333333333330151e-01,2.916666666666669835e-02,5.625000000000000000e-01,5.208333333333330373e-01,1.250000000000000069e-02,1.257511803073720069e-01,1.257524939428549260e-01,9.990458238462451845e-09,9.995227980622779676e-05
3.125000000000000000e-01,9.124999999999999778e-01,3.708333333333330151e-01,7.624999999999999556e-01,5.708333333333329707e-01,5.541666666666670293e-01,2.496152461040619941e-01,2.496152763778809458e-01,9.994295169235556386e-09,9.997147177688021208e-05
3.208333333333330262e-01,9.791666666666669627e-01,8.791666666666669849e-01,8.375000000000000222e-01,2.374999999999999889e-01,9.375000000000000000e-01,3.539094404854489784e-01,3.539106263524445239e-01,9.997791039495496079e-09,9.998895458747179127e-05
3.291666666666669960e-01,3.541666666666670182e-01,1.458333333333330095e-01,1.208333333333330012e-01,8.749999999999999445e-02,5.208333333333330373e-01,-5.228254016470260113e-02,-5.228090074160718359e-02,9.996313110605115071e-09,9.998156385356810169e-05
3.375000000000000222e-01,1.708333333333330040e-01,1.541666666666670071e-01,9.041666666666670071e-01,4.541666666666669960e-01,2.458333333333329873e-01,-2.196711111334619937e-01,-2.196714467427227646e-01,9.995289929065620527e-09,9.997644687157880973e-05
3.458333333333329929e-01,1.458333333333330095e-01,2.791666666666670071e-01,6.541666666666670071e-01,9.124999999999999778e-01,7.375000000000000444e-01,-2.098247040252350093e-01,-2.098250173912674654e-01,9.980539061871240847e-09,9.990264792222096845e-05
3.541666666666670182e-01,3.291666666666669960e-01,6.541666666666670071e-01,5.875000000000000222e-01,5.791666666666670515e-01,2.791666666666670071e-01,-1.214454888818589963e-02,-1.214501358845154755e-02,9.989719274017261341e-09,9.994858315162482069e-05
3.624999999999999889e-01,6.208333333333330151e-01,7.041666666666670515e-01,2.791666666666670071e-01,2.458333333333329873e-01,9.708333333333329929e-01,2.011913157772980132e-01,2.011918285097635817e-01,9.993641469918657094e-09,9.996820229412279387e-05
3.708333333333330151e-01,1.791666666666670016e-01,4.208333333333330040e-01,3.291666666666669960e-01,3.749999999999999861e-02,8.208333333333329707e-01,-1.430796402239770115e-01,-1.430814003033447079e-01,9.991680371967959218e-09,9.995839320421252426e-05
3.791666666666669849e-01,3.958333333333329818e-01,5.041666666666669849e-01,8.874999999999999556e-01,8.208333333333329707e-01,7.083333333333330373e-02,-3.996001927893789996e-02,-3.996113630273612216e-02,9.987587645809981041e-09,9.993791895877150754e-05
3.875000000000000111e-01,9.625000000000000222e-01,9.541666666666670515e-01,1.791666666666670016e-01,3.958333333333329818e-01,7.541666666666669849e-01,4.289806281719290015e-01,4.289801245104172267e-01,9.995119398809038103e-09,9.997559401578486114e-05
3.958333333333329818e-01,7.291666666666669627e-01,6.875000000000000000e-01,8.625000000000000444e-01,2.041666666666669960e-01,2.083333333333330095e-02,1.583788706920480072e-01,1.583760609173623379e-01,9.991396154873655178e-09,9.995697151711658158e-05
4.041666666666670071e-01,8.541666666666669627e-01,3.291666666666669960e-01,4.583333333333330234e-02,5.124999999999999556e-01,2.874999999999999778e-01,2.207169506589909957e-01,2.207185074148583226e-01,9.997734196076635271e-09,9.998867033857703791e-05
4.124999999999999778e-01,1.625000000000000056e-01,3.875000000000000111e-01,5.416666666666670321e-02,7.083333333333330373e-02,3.791666666666669849e-01,-1.454669673576050037e-01,-1.454672395375382621e-01,9.991964589062263258e-09,9.995981487108839458e-05
4.208333333333330040e-01,3.208333333333330262e-01,9.958333333333330151e-01,9.541666666666670515e-01,6.791666666666670293e-01,9.791666666666669627e-01,-3.744502946180319758e-02,-3.744526109949219972e-02,9.998046834880369715e-09,9.999023369749852376e-05
4.291666666666669738e-01,6.041666666666669627e-01,6.791666666666670293e-01,1.250000000000000069e-02,2.708333333333329818e-01,1.125000000000000028e-01,2.074321106096060074e-01,2.074298221486969851e-01,9.996654171118279919e-09,9.998326945603588846e-05
4.375000000000000000e-01,2.458333333333329873e-01,4.291666666666669738e-01,7.708333333333330373e-01,4.625000000000000222e-01,3.375000000000000222e-01,-1.730819998069390020e-01,-1.730818585056113079e-01,9.985228643927257508e-09,9.992611592535386193e-05
4.458333333333330262e-01,7.541666666666669849e-01,2.541666666666669849e-01,8.208333333333329707e-01,4.958333333333330151e-01,9.625000000000000222e-01,6.177584530256589879e-02,6.177579955328837968e-02,9.992817240345175378e-09,9.996407975040421789e-05
4.541666666666669960e-01,4.124999999999999778e-01,3.208333333333330262e-01,9.458333333333329707e-01,9.458333333333329707e-01,9.291666666666670293e-01,-1.115810230365300026e-01,-1.115809827715565916e-01,9.992220384447136894e-09,9.996109435398922195e-05
4.625000000000000222e-01,5.625000000000000000e-01,8.041666666666670293e-01,5.708333333333329707e-01,5.291666666666670071e-01,5.124999999999999556e-01,8.383565843862579581e-02,8.383590756420744583e-02,9.989975069402134977e-09,9.994986277830568259e-05
4.708333333333329929e-01,7.083333333333330373e-02,3.125000000000000000e-01,1.458333333333330095e-01,6.875000000000000000e-01,7.791666666666670071e-01,-2.755656123982059835e-01,-2.755655681794451084e-01,9.974343129215412773e-09,9.987163325597220266e-05
4.791666666666670182e-01,6.291666666666669849e-01,5.541666666666670293e-01,7.958333333333329485e-01,1.791666666666670016e-01,7.041666666666670515e-01,3.638322693479859732e-02,3.638474147010128945e-02,9.988070814870297909e-09,9.994033627555141302e-05
4.874999999999999889e-01,9.583333333333329818e-02,1.958333333333329984e-01,1.958333333333329984e-01,4.041666666666670071e-01,6.125000000000000444e-01,-3.035979367779990112e-01,-3.035962751018814743e-01,9.967806136046419851e-09,9.983890091565722274e-05
4.958333333333330151e-01,3.125000000000000000e-01,2.708333333333329818e-01,6.958333333333329707e-01,7.874999999999999778e-01,4.375000000000000000e-01,-1.880159487710960087e-01,-1.880148116979398765e-01,9.990145599658717401e-09,9.995071585365818763e-05
5.041666666666669849e-01,2.958333333333330040e-01,8.625000000000000444e-01,3.958333333333329818e-01,8.291666666666670515e-01,6.875000000000000000e-01,-4.661379769659609873e-02,-4.661216475142282434e-02,9.994238325816695578e-09,9.997118747827644252e-05
5.124999999999999556e-01,9.375000000000000000e-01,2.958333333333330040e-01,7.208333333333329929e-01,4.458333333333330262e-01,1.541666666666670071e-01,1.134148611805210066e-01,1.134151487203780562e-01,9.989690852307830937e-09,9.994844096987121312e-05
5.208333333333330373e-01,9.875000000000000444e-01,1.250000000000000069e-02,6.708333333333329485e-01,7.208333333333329929e-01,7.291666666666669627e-01,7.644130625696539394e-02,7.644090636313194409e-02,9.995204663937329315e-09,9.997602044459125744e-05
5.291666666666670071e-01,7.874999999999999778e-01,8.874999999999999556e-01,2.124999999999999944e-01,3.041666666666669738e-01,9.958333333333330151e-01,2.369401313973550083e-01,2.369411808504082728e-01,9.995773098125937395e-09,9.997886325682012328e-05
5.374999999999999778e-01,5.041666666666669849e-01,6.458333333333330373e-01,5.041666666666669849e-01,2.083333333333330095e-02,8.291666666666670515e-01,-1.280431461619969957e-02,-1.280546991984010674e-02,9.985626547859283164e-09,9.992810689620454411e-05
5.458333333333329485e-01,2.041666666666669960e-01,4.874999999999999889e-01,3.041666666666669738e-01,7.624999999999999556e-01,7.208333333333329929e-01,-1.967336526446860079e-01,-1.967339916736818850e-01,9.990486660171882249e-09,9.995242198252067100e-05
5.541666666666670293e-01,4.874999999999999889e-01,2.208333333333329929e-01,2.874999999999999778e-01,7.916666666666670460e-02,2.708333333333329818e-01,-1.037574805480550033e-01,-1.037578368850518018e-01,9.994721494877012447e-09,9.997360399063850924e-05
5.625000000000000000e-01,6.250000000000000000e-02,1.125000000000000028e-01,7.375000000000000444e-01,3.624999999999999889e-01,2.958333333333330040e-01,-4.076271621137980139e-01,-4.076273268838122021e-01,9.996739436246571131e-09,9.998369585210665686e-05
5.708333333333329707e-01,1.291666666666670127e-01,1.625000000000000056e-01,2.291666666666669905e-01,9.791666666666669627e-01,8.041666666666670293e-01,-3.294541359833110250e-01,-3.294560601570992731e-01,9.987019211621372961e-09,9.993507498181693649e-05
5.791666666666670515e-01,1.375000000000000111e-01,7.708333333333330373e-01,6.374999999999999556e-01,8.958333333333330373e-01,2.625000000000000111e-01,-2.323706140427440059e-01,-2.323715943639399484e-01,9.992902505473466590e-09,9.996450622832819810e-05
5.875000000000000222e-01,5.374999999999999778e-01,1.708333333333330040e-01,7.791666666666670071e-01,7.125000000000000222e-01,4.458333333333330262e-01,-1.348312829789700129e-01,-1.348314276619930752e-01,9.993101457439479418e-09,9.996550133640844527e-05
5.958333333333329929e-01,7.125000000000000222e-01,5.708333333333329707e-01,9.625000000000000222e-01,4.208333333333330040e-01,3.041666666666669738e-01,2.583007440166840054e-03,2.583134530141251162e-03,9.996369954023975879e-09,9.998184812266662372e-05
6.041666666666669627e-01,5.416666666666670321e-02,9.291666666666670293e-01,9.375000000000000000e-01,8.041666666666670293e-01,3.541666666666670182e-01,-3.008196013330929897e-01,-3.008187754676328041e-01,9.998302630265243351e-09,9.999151279116265324e-05
6.125000000000000444e-01,6.958333333333329707e-01,3.458333333333329929e-01,1.041666666666670044e-01,2.625000000000000111e-01,8.375000000000000222e-01,2.207442562353860091e-02,2.207443185761803761e-02,9.996341532314545475e-09,9.998170598821839680e-05
6.208333333333330151e-01,4.458333333333330262e-01,9.041666666666670071e-01,6.041666666666669627e-01,2.958333333333330040e-01,6.458333333333330373e-01,-4.437540922164880108e-02,-4.437414916174020618e-02,9.985228643927257508e-09,9.992611592535386193e-05
6.291666666666669849e-01,8.625000000000000444e-01,4.375000000000000000e-01,6.624999999999999778e-01,8.541666666666669627e-01,1.375000000000000111e-01,4.822997195510120294e-02,4.822958317890879698e-02,9.991452998292515986e-09,9.995725585615340789e-05
6.374999999999999556e-01,4.041666666666670071e-01,7.208333333333329929e-01,2.374999999999999889e-01,5.041666666666669849e-01,4.208333333333330040e-01,-5.232326230039720250e-02,-5.231994569476228207e-02,9.989349791794666089e-09,9.994673477305131705e-05
6.458333333333330373e-01,4.375000000000000000e-01,7.375000000000000444e-01,4.375000000000000000e-01,2.208333333333329929e-01,8.958333333333330373e-01,-7.087964608886790363e-02,-7.088175194076029584e-02,9.983693871618015692e-09,9.991843609473687483e-05
6.541666666666670071e-01,3.041666666666669738e-01,9.708333333333329929e-01,6.458333333333330373e-01,7.291666666666669627e-01,1.625000000000000056e-01,-1.253707711055530027e-01,-1.253716835599334445e-01,9.989463478632387705e-09,9.994730350856089146e-05
6.624999999999999778e-01,5.541666666666670293e-01,3.541666666666670182e-01,5.958333333333329929e-01,2.291666666666669905e-01,2.291666666666669905e-01,-1.172910276451679945e-01,-1.172903051374305505e-01,9.991907745643402450e-09,9.995953053933077969e-05
6.708333333333329485e-01,8.458333333333329929e-01,7.916666666666670460e-02,5.374999999999999778e-01,3.375000000000000222e-01,5.708333333333329707e-01,-4.506170263184119951e-02,-4.506204486460774206e-02,9.991111937779351138e-09,9.995554980979971273e-05
6.791666666666670293e-01,3.624999999999999889e-01,9.875000000000000444e-01,3.749999999999999861e-02,6.624999999999999778e-01,4.291666666666669738e-01,4.143012218943330216e-02,4.142695164409815334e-02,9.997819461204926483e-09,9.998909671161614022e-05
6.875000000000000000e-01,1.250000000000000069e-02,6.125000000000000444e-01,4.958333333333330151e-01,5.374999999999999778e-01,3.708333333333330151e-01,-3.675775155456830201e-01,-3.675767694730893709e-01,9.995432037612772547e-09,9.997715757918291938e-05
6.958333333333329707e-01,1.041666666666670044e-01,7.458333333333330151e-01,1.625000000000000056e-01,8.458333333333329929e-01,5.291666666666670071e-01,-2.228067322630770120e-01,-2.228063659422332421e-01,9.996824701374862343e-09,9.998412224635901493e-05
7.041666666666670515e-01,7.208333333333329929e-01,9.124999999999999778e-01,7.041666666666670515e-01,6.250000000000000000e-02,6.791666666666670293e-01,3.560148766908399764e-02,3.560170498531078920e-02,9.993328831114922650e-09,9.996663859065644012e-05
7.125000000000000222e-01,9.708333333333329929e-01,3.749999999999999861e-02,4.791666666666670182e-01,7.791666666666670071e-01,2.541666666666669849e-01,-2.205286310112920117e-02,-2.205231860716594383e-02,9.993357252824353054e-09,9.996678074652775659e-05
7.208333333333329929e-01,1.875000000000000000e-01,6.250000000000000000e-02,6.875000000000000000e-01,6.125000000000000444e-01,2.041666666666669960e-01,-3.960560151236349746e-01,-3.960561382191372104e-01,9.996711014537140727e-09,9.998355372028512654e-05
7.291666666666669627e-01,7.958333333333329485e-01,7.541666666666669849e-01,4.291666666666669738e-01,1.041666666666670044e-01,3.749999999999999861e-02,6.609306262215189354e-02,6.609043024218408391e-02,9.990230864787008613e-09,9.995114238860408704e-05
7.375000000000000444e-01,5.791666666666670515e-01,7.791666666666670071e-01,2.708333333333329818e-01,4.291666666666669738e-01,8.874999999999999556e-01,-2.139991800213790138e-03,-2.137932697223732248e-03,9.993073035730049014e-09,9.996535917871775625e-05
7.458333333333330151e-01,1.208333333333330012e-01,4.541666666666669960e-01,9.791666666666669627e-01,7.958333333333329485e-01,9.458333333333329707e-01,-3.891080980512819920e-01,-3.891089066200947855e-01,9.998274208555812947e-09,9.999137067045241981e-05
7.541666666666669849e-01,2.374999999999999889e-01,5.416666666666670321e-02,2.083333333333330095e-02,1.208333333333330012e-01,1.875000000000000000e-01,-3.474534614217469897e-01,-3.474517157155787572e-01,9.996881544793723151e-09,9.998440650818367879e-05
7.624999999999999556e-01,9.541666666666670515e-01,6.958333333333329707e-01,3.791666666666669849e-01,4.874999999999999889e-01,5.625000000000000000e-01,1.049718284191540063e-01,1.049735694396076724e-01,9.993328831114922650e-09,9.996663859065644012e-05
7.708333333333330373e-01,9.958333333333330151e-01,7.125000000000000222e-01,8.749999999999999445e-02,9.958333333333330151e-01,1.958333333333329984e-01,1.827537534595259916e-01,1.827522488201793749e-01,9.998672112487838604e-09,9.999336034201390742e-05
7.791666666666670071e-01,8.958333333333330373e-01,2.041666666666669960e-01,3.541666666666670182e-01,6.958333333333329707e-01,4.625000000000000222e-01,-3.764168646097010296e-02,-3.764281909388955683e-02,9.984972848542383872e-09,9.992483599457335905e-05
7.874999999999999778e-01,3.458333333333329929e-01,8.291666666666670515e-01,7.458333333333330151e-01,9.875000000000000444e-01,6.624999999999999778e-01,-1.963513939229820093e-01,-1.963513819282525219e-01,9.989804539145552553e-09,9.994900969567208234e-05
7.958333333333329485e-01,5.291666666666670071e-01,2.458333333333329873e-01,9.208333333333329485e-01,3.541666666666670182e-01,5.458333333333329485e-01,-2.235745400243639991e-01,-2.235741705699183512e-01,9.992874083764036186e-09,9.996436406922236775e-05
8.041666666666670293e-01,2.291666666666669905e-01,1.208333333333330012e-01,2.041666666666669960e-01,7.541666666666669849e-01,9.583333333333329818e-02,-3.636442614706060228e-01,-3.636453423387138173e-01,9.995005711971316487e-09,9.997502544121364735e-05
8.125000000000000000e-01,4.958333333333330151e-01,4.166666666666670078e-03,5.124999999999999556e-01,7.708333333333330373e-01,6.374999999999999556e-01,-2.761083711986290212e-01,-2.761084632911661174e-01,9.996284688895684667e-09,9.998142171871575196e-05
8.208333333333329707e-01,2.541666666666669849e-01,9.375000000000000000e-01,8.708333333333330151e-01,4.791666666666670182e-01,5.875000000000000222e-01,-2.498887052265310049e-01,-2.498889637099637184e-01,9.995744676416506991e-09,9.997872111812846458e-05
8.291666666666670515e-01,8.375000000000000222e-01,9.208333333333329485e-01,7.291666666666669627e-01,3.125000000000000000e-01,4.791666666666670182e-01,2.820308314628550139e-02,2.820328743473510258e-02,9.994266747526125982e-09,9.997132962767938172e-05
8.375000000000000222e-01,6.875000000000000000e-01,1.791666666666670016e-01,9.708333333333329929e-01,2.791666666666670071e-01,1.041666666666670044e-01,-1.810990223717620085e-01,-1.810987742683209945e-01,9.993868843594100326e-09,9.996933951764460757e-05
8.458333333333329929e-01,9.208333333333329485e-01,2.874999999999999778e-01,2.625000000000000111e-01,9.375000000000000000e-01,1.791666666666670016e-01,-2.733087837820560168e-02,-2.732902043499052525e-02,9.990714033847325481e-09,9.995355938558328805e-05
8.541666666666669627e-01,8.791666666666669849e-01,2.083333333333330095e-02,8.041666666666670293e-01,8.625000000000000444e-01,6.958333333333329707e-01,-1.334226695451649902e-01,-1.334230783686507493e-01,9.996853123084292747e-09,9.998426437737236740e-05
8.625000000000000444e-01,8.749999999999999445e-02,5.958333333333329929e-01,5.208333333333330373e-01,3.291666666666669960e-01,7.125000000000000222e-01,-3.798783839605089918e-01,-3.798778722994029522e-01,9.991225624617072754e-09,9.995611849515302399e-05
8.708333333333330151e-01,3.375000000000000222e-01,8.958333333333330373e-01,5.791666666666670515e-01,9.583333333333329818e-02,3.958333333333329818e-01,-1.939149589657840067e-01,-1.939140393878915347e-01,9.994295169235556386e-09,9.997147177688021208e-05
8.791666666666669849e-01,5.958333333333329929e-01,8.708333333333330151e-01,8.791666666666669849e-01,7.458333333333330151e-01,4.958333333333330151e-01,-1.175677813639579988e-01,-1.175679992447840050e-01,9.994352012654417194e-09,9.997175607467549208e-05
8.874999999999999556e-01,7.708333333333330373e-01,6.624999999999999778e-01,6.291666666666669849e-01,9.041666666666670071e-01,6.291666666666669849e-01,-5.956821862392600031e-02,-5.956840706494404003e-02,9.987843441194854677e-09,9.993919872199723828e-05
8.958333333333330373e-01,6.458333333333330373e-01,5.374999999999999778e-01,3.875000000000000111e-01,2.124999999999999944e-01,2.916666666666669835e-02,-1.090323532077080021e-01,-1.090338475805765484e-01,9.991907745643402450e-09,9.995953053933077969e-05
9.041666666666670071e-01,2.916666666666669835e-02,3.958333333333329818e-01,4.458333333333330262e-01,1.708333333333330040e-01,8.458333333333329929e-01,-4.593617171181150205e-01,-4.593617389946302865e-01,9.985456017602700740e-09,9.992725362784018637e-05
9.124999999999999778e-01,5.124999999999999556e-01,2.124999999999999944e-01,6.250000000000000000e-02,1.250000000000000069e-02,4.874999999999999889e-01,-2.204393335017389988e-01,-2.204397371060622390e-01,9.993271987696061842e-09,9.996635427830737226e-05
9.208333333333329485e-01,6.125000000000000444e-01,3.624999999999999889e-01,8.541666666666669627e-01,9.208333333333329485e-01,7.874999999999999778e-01,-2.102508184252210033e-01,-2.102507019080803730e-01,9.990998250941629522e-09,9.995498112121091179e-05
9.291666666666670293e-01,8.125000000000000000e-01,8.125000000000000000e-01,4.124999999999999778e-01,5.875000000000000222e-01,5.374999999999999778e-01,2.541815748610599945e-03,2.543356029491405934e-03,9.991879323933972046e-09,9.995938837314868701e-05
9.375000000000000000e-01,2.708333333333329818e-01,9.625000000000000222e-01,2.541666666666669849e-01,3.458333333333329929e-01,3.624999999999999889e-01,-1.697549467098559972e-01,-1.697549499112938065e-01,9.998245786846382543e-09,9.999122854954019951e-05
9.458333333333329707e-01,6.708333333333329485e-01,9.583333333333329818e-02,7.541666666666669849e-01,1.958333333333329984e-01,8.125000000000000000e-01,-2.370450182238300063e-01,-2.370456284661486279e-01,9.993954108722391538e-09,9.996976597313004804e-05
9.541666666666670515e-01,2.083333333333330095e-02,4.124999999999999778e-01,3.375000000000000222e-01,8.708333333333330151e-01,1.708333333333330040e-01,-4.587201958817599956e-01,-4.587210654062801041e-01,9.993982530431821942e-09,9.996990812455426535e-05
9.625000000000000222e-01,4.791666666666670182e-01,3.041666666666669738e-01,4.541666666666669960e-01,8.125000000000000000e-01,4.166666666666670078e-03,-2.649303060916949892e-01,-2.649300296980072744e-01,9.995716254707076587e-09,9.997857897923472415e-05
9.708333333333329929e-01,7.375000000000000444e-01,4.458333333333330262e-01,6.208333333333330151e-01,6.041666666666669627e-01,8.625000000000000444e-01,-1.454308962782419890e-01,-1.454304597609734628e-01,9.990770877266186289e-09,9.995384373432662404e-05
9.791666666666669627e-01,4.625000000000000222e-01,1.041666666666670044e-01,2.916666666666669835e-02,1.625000000000000056e-01,9.041666666666670071e-01,-2.950101873183370027e-01,-2.950096011991263367e-01,9.996483640861697495e-09,9.998241665843898515e-05
9.875000000000000444e-01,7.041666666666670515e-01,8.375000000000000222e-01,9.291666666666670293e-01,1.291666666666670127e-01,3.875000000000000111e-01,-1.201148051956239943e-01,-1.201149253683979623e-01,9.998132100008660927e-09,9.999066006387127348e-05
9.958333333333330151e-01,8.708333333333330151e-01,6.291666666666669849e-01,3.458333333333329929e-01,6.374999999999999556e-01,2.124999999999999944e-01,-3.016856132590680153e-02,-3.016937015490839258e-02,9.995716254707076587e-09,9.997857897923472415e-05
