"","x.1","x.2","x.3","x.4","x.5","x.6","y"
"1",0.35676071747439,0.555208239774802,0.532491237045033,0.259116774540162,0.683111458917847,0.648234183735331,6.04779358506085
"2",0.554581764308969,0.273793010803638,0.30979553016834,0.214432330562267,0.718224156178767,0.32837624415406,4.5210679456372
"3",0.337373089993489,0.42882829011709,0.763393696888234,0.294473245971021,0.268278751014732,0.357113533000229,6.02744914147818
"4",0.704986222670996,0.689712553386926,0.74176226389478,0.800937046054169,0.632894710247056,0.262000553144608,5.33892548713798
"5",0.585577925440157,0.507475717575289,0.683906851902138,0.365660916982451,0.357366609199089,0.350688453031471,5.39645978324542
"6",0.276593879978172,0.708786564229522,0.855242977914168,0.708152835205547,0.74084259307012,0.756922950018197,6.73979869474624
"7",0.578799934297567,0.324862661328516,0.477456778576015,0.583549258425483,0.636847601408954,0.315581833405304,4.61212426944776
"8",0.668032521519926,0.53149477635161,0.562756444578408,0.361342714058701,0.544295838768012,0.529555321062799,5.13390396106929
"9",0.540222628993797,0.381172991443891,0.677688830416882,0.48381988519337,0.69595847849967,0.79886043927283,5.09379278693053
"10",0.258385714206379,0.738923468224239,0.297091080049868,0.452602403859491,0.167502972299699,0.585042947812472,6.47055253465406
"11",0.425886633810005,0.281309804294142,0.272636357470765,0.730163601003005,0.641374918724759,0.643004910544259,4.62026457081441
"12",0.548331561215455,0.593427042478579,0.700607783799642,0.383451409099507,0.274521331799333,0.684276509126648,5.69060077967785
"13",0.267003994695842,0.237527912761434,0.335357306134538,0.321917295429739,0.804728474601288,0.382888986284961,5.16815892345344
"14",0.477568520237692,0.753119225089322,0.428757735152612,0.811091632180032,0.468334683421417,0.3108490378852,5.77435513874504
"15",0.865161894311314,0.237360253889929,0.504559232083848,0.604147457911167,0.2800076133525,0.786473485208699,3.88864574800544
"16",0.238453505779034,0.756378836298827,0.611709919139976,0.742789140099194,0.317406351687387,0.30074643227912,6.77254196057482
"17",0.475577231579809,0.258331777628046,0.120453689649003,0.734406278429087,0.369455356549588,0.767158323147451,4.29294945081232
"18",0.681006637353566,0.842245864896104,0.492699593845173,0.333265810792218,0.463055914542638,0.819500499319402,5.69878955428242
"19",0.397359482562169,0.439781409251736,0.22834265623067,0.70065479437937,0.732477879287908,0.302986943641445,5.11612005866481
"20",0.299156492509646,0.495562837115722,0.595010208221502,0.511659051288734,0.363763583287364,0.769263834369485,5.99486191025917
"21",0.566502664154395,0.698340184415574,0.625805434806971,0.202083506287308,0.720857578143477,0.325195991531364,5.94509925498744
"22",0.254365256761084,0.375123476270237,0.780786579417763,0.219732505903812,0.686268989045639,0.67619448602898,6.25091523346958
"23",0.729598452353966,0.682722114732023,0.384803743126686,0.839493862359668,0.352586781982682,0.777287851761794,4.95838068092737
"24",0.466808033074485,0.657403930833098,0.84146339897532,0.626147312629619,0.174007917817798,0.56835843438108,6.03447922834677
"25",0.652596210872871,0.514250946320826,0.270868192728958,0.266855154554942,0.372058713234146,0.524204517376493,4.84297992253292
"26",0.341085392065579,0.4123038875981,0.435785012461711,0.488177560516051,0.289308256701916,0.282246936031152,5.48319247619382
"27",0.745374099751934,0.211621007931535,0.866960443949793,0.457454988222453,0.20771494829969,0.736251847752719,4.45267858456827
"28",0.3433664439735,0.185831775491242,0.205304221583065,0.185883710316266,0.546274242998916,0.450238055020454,4.6658366496361
"29",0.911938840927905,0.432450350554427,0.659738956001238,0.789751805412234,0.563286047340953,0.287870846880833,4.34067163448693
"30",0.69070335046039,0.254512182578328,0.403077232209034,0.599262308678008,0.129236343554803,0.540895771419164,4.12270490143901
"31",0.527029895173619,0.268034187547746,0.705863275206648,0.163814305744017,0.677849857038818,0.245236724274,5.12091995394133
"32",0.293928530907724,0.665516778413439,0.478297087237006,0.34776079436182,0.74571289557789,0.6943077456631,6.41155942065999
"33",0.830612673456198,0.425463162693777,0.287495196927339,0.470119598177262,0.231376653130865,0.459698712268728,4.23294489046993
"34",0.513709320304915,0.851088178752107,0.432272819459904,0.915087712832028,0.859442186807864,0.774763810970471,5.84583159598204
"35",0.615743949980824,0.85422213740414,0.814765206673183,0.231613298808225,0.494495782533777,0.223095330057549,6.35277340451029
"36",0.411033510825364,0.315707476129755,0.715991917051724,0.665582184512168,0.61124887013284,0.371222135640564,5.1810606996434
"37",0.351576922330423,0.818754436990712,0.364935478278203,0.792371473063249,0.166452994577703,0.18998264378577,6.26491008779736
"38",0.75925474564021,0.275743730419199,0.227281838319032,0.162051975380164,0.446360440736171,0.707093356759287,4.05227307984802
"39",0.314356581956381,0.171572811666992,0.853756497266004,0.30909493720741,0.74274387908692,0.905970410601585,5.40228354564583
"40",0.564424958484015,0.905127778134192,0.690215482388157,0.689208441236988,0.576537468599854,0.212399432812817,6.11852276326907
"41",0.52799672632711,0.731943258232204,0.878357190570096,0.738717806292698,0.426111703523202,0.389580094732228,5.99896911962703
"42",0.760405846384237,0.304822892966331,0.897852055411204,0.716917881807894,0.450810026375693,0.494355600098497,4.52372036869021
"43",0.777098183467751,0.776221523516579,0.551421282569063,0.60737237676105,0.406633323512506,0.634686638119165,5.27703761571716
"44",0.754725304847234,0.623470113790245,0.680271766826627,0.442674944705795,0.541234569679364,0.920200587157742,5.22837353628918
"45",0.231359439802472,0.116718891483615,0.230703551193001,0.769932434217771,0.211485458415118,0.746898233754328,4.6165816660934
"46",0.576935588233755,0.637347670859308,0.25898432755901,0.591085135782487,0.708139975836384,0.409798104444635,5.16782738048649
"47",0.488533158638165,0.761674480214133,0.17741792909801,0.558999413400888,0.413444753221702,0.34833618311095,5.60475664400465
"48",0.784715126531664,0.525123952809954,0.0864790540374815,0.363515393447597,0.237231420592288,0.263540273960098,4.35651862473718
"49",0.229416021857178,0.482751512203249,0.553801985630416,0.225705529348925,0.383256972049712,0.278095636937069,6.36740395230476
"50",0.881850274586468,0.481645263719838,0.179087520078756,0.425987904923968,0.656839116655174,0.337350545783993,4.17482468919788
"51",0.498137905134354,0.669844460235909,0.244898987688939,0.521032782939728,0.255897137054126,0.74374343120784,5.45167426235906
"52",0.221520849803346,0.705865043889498,0.446333500752808,0.630617883676314,0.62245479381003,0.293526951365056,6.62209378148048
"53",0.142851888709702,0.14936581910355,0.696324075484881,0.765857516980031,0.196944682041649,0.518931277919328,5.46791139791279
"54",0.127518255567411,0.86619012964773,0.151397090060054,0.111364561376977,0.902663219405222,0.411811144364765,7.28380519822197
"55",0.636302719304222,0.287702614626032,0.190845891784411,0.182314793707337,0.137138663128135,0.555520735175814,4.25123641727142
"56",0.765830680593499,0.786017731474713,0.833772066751262,0.313887243173667,0.258529077672283,0.673425915663829,5.81123438752161
"57",0.930511691099964,0.812101228458923,0.83826678733225,0.414051559820655,0.344092084137374,0.181340204729349,5.47144420113131
"58",0.434250785249751,0.419461444951012,0.745795112279011,0.8955285226868,0.880944947592216,0.758288801300223,5.32070545562457
"59",0.436137151180301,0.638023018662934,0.592119950557244,0.526108969736379,0.233814244390232,0.374333154508495,5.90069275263552
"60",0.524287279572454,0.723948445807328,0.358580333467107,0.182637410663883,0.420172596683842,0.670046121601481,5.78076287780301
"61",0.261892165653408,0.231038103599567,0.353275620842469,0.534675484309555,0.840185877271579,0.780140619463637,5.09020972716864
"62",0.795117629213491,0.24957676530641,0.32185508500319,0.777501609976171,0.51251799946127,0.249365513095981,3.80886346763324
"63",0.138118831585161,0.828875346714631,0.268711452570278,0.687442379634012,0.435363591141067,0.717706538172788,7.08445439060651
"64",0.394885884011164,0.218605613216641,0.124643406798132,0.210398166712257,0.724061628123163,0.178850413835607,4.51599347842247
"65",0.833966995766968,0.277630607266328,0.377898372191121,0.869230877360096,0.217518979707384,0.610844232039526,3.83731498273467
"66",0.374074591717799,0.456141800427577,0.11659220195259,0.822131622324232,0.182780282239546,0.379216848408687,5.11146161351977
"67",0.502177847847343,0.453469162836554,0.456254680803977,0.919620344195282,0.670909705522354,0.258067966992385,4.99766418619517
"68",0.234364651163341,0.2657280828699,0.803908390649594,0.555100048701279,0.324195675574592,0.291835398344556,5.7358345440383
"69",0.207053272583289,0.467801157105132,0.400508898668922,0.472669365531183,0.813273562424583,0.219082576531218,6.09282386858431
"70",0.483731044266024,0.742053747230093,0.81119914908777,0.368406350387377,0.602141765000997,0.740170307633234,6.32952165726865
"71",0.339736986699863,0.138606533616548,0.754920678099734,0.711216698743519,0.776631722589955,0.576385149165289,4.83310600569738
"72",0.708973467361066,0.680113181034103,0.3344982732262,0.274155024095671,0.739174858682673,0.151455735925701,5.16524065201139
"73",0.345163169553853,0.0905954299960285,0.555720212711603,0.354716975055635,0.646789889179054,0.176737003273447,4.66691319677858
"74",0.661600590557791,0.711343637345126,0.397607435963,0.341167110415408,0.71283402016561,0.912020537374774,5.36651581245015
"75",0.473180534605053,0.28728563607845,0.558625329165952,0.610486518288962,0.275868365433998,0.678997148660128,4.81513385025944
"76",0.179733076231787,0.717820087308646,0.450633922908455,0.227715773736709,0.800203790971427,0.382000526775373,7.03829086102238
"77",0.199670972385211,0.687213155519567,0.755390519347275,0.813848394769011,0.613098029647954,0.226217846202198,6.8637207357521
"78",0.133257425641641,0.332688511061133,0.645741301958915,0.191159143336117,0.248104206649587,0.805610910644173,6.46792667516953
"79",0.177133937405888,0.449458444929915,0.777947401226265,0.328600881877937,0.591227996280068,0.949410007396946,6.66124378044109
"80",0.664929723034147,0.881165959503851,0.426108102482394,0.840460024795029,0.192212801423157,0.184563958065701,5.53817606197672
"81",0.849692691612872,0.78998056725075,0.241314177006134,0.807533325036638,0.663105731948745,0.591262320153182,4.82279704087107
"82",0.894720210445812,0.26088688164542,0.903586463445099,0.344151512749959,0.751690361126675,0.509766901974217,4.49199236389175
"83",0.147174765758682,0.58915576682135,0.525170244781766,0.209727620474296,0.418458601935999,0.724335167826503,6.9728561750267
"84",0.517771671664086,0.155362219653325,0.801163720810437,0.137218638610211,0.429128861766658,0.793433432879392,4.96023202034569
"85",0.210257409919286,0.392968021492125,0.615849430198432,0.681201885123155,0.549196470352472,0.689981894794037,5.9732367829639
"86",0.676077145236195,0.246447600751999,0.449301274560275,0.427758641513065,0.515950812809169,0.581915554939187,4.24782743274444
"87",0.769711957607651,0.766417949386523,0.872853738472913,0.375240158200031,0.642620932870777,0.40744571120711,5.75448961794787
"88",0.235644822165486,0.696894744595047,0.474404983698623,0.66230313745793,0.886561153511284,0.851046754828421,6.55391134186274
"89",0.449149092371226,0.888960396648035,0.540852186799748,0.451249523501028,0.391481631827774,0.734612542064278,6.38895626685217
"90",0.718784432067769,0.6095377633936,0.371241658416111,0.62028152175073,0.798474459130084,0.0666213560977485,4.88997606031671
"91",0.306891541432124,0.477971550323418,0.726970021770103,0.304999894016655,0.764507982771611,0.34043039684766,6.21068345234515
"92",0.652176059296471,0.769772504121065,0.502182611009921,0.243586780133191,0.138158472931827,0.61604726509715,5.69461747702063
"93",0.855729880423751,0.744039620745461,0.329124478420708,0.0860415868967539,0.795361924473545,0.777829426366952,5.10596654020881
"94",0.417730249008746,0.384051882065833,0.58426907081739,0.291247873042594,0.278792336024926,0.657912784391083,5.44967411440823
"95",0.694983392714639,0.642000046069152,0.0944738701172173,0.783737198693561,0.338068906457629,0.0460008739796467,4.72347147532325
"96",0.0637153813173063,0.508311062013381,0.172451883179601,0.759175726286485,0.752795446569798,0.255651063369005,6.56990312935718
"97",0.158505477288272,0.341851433126722,0.76885491377383,0.279375655616168,0.959056923657772,0.579946763166226,6.45423609860268
"98",0.193578272885061,0.0167572519730311,0.549823484999943,0.979721190036507,0.284290764359175,0.81122953539656,4.5553939904927
"99",0.537056474474375,0.672404193204711,0.736643454805599,0.317136241502012,0.966906371101504,0.505553962746635,5.99311887745917
"100",0.0931202446436509,0.164404589717742,0.17362981496437,0.146587675808114,0.727145828077337,0.60746877523954,5.47901329132249
"101",0.826956630746135,0.119034764508251,0.411252496730885,0.663270236062817,0.768534695085255,0.632095110831433,3.5282216255773
"102",0.716854653800256,0.402375418140437,0.396171703574364,0.93492775423103,0.770152911575278,0.720677783270949,4.34016239467064
"103",0.226486920960015,0.763585131000145,0.79599901390262,0.177787755000754,0.865332424984081,0.141014325609431,7.43494587132042
"104",0.953515551016899,0.302269254450803,0.255762410830357,0.137560254801065,0.220416244453518,0.390403121729614,3.87576788304341
"105",0.366623475498636,0.145648498439114,0.301127766564605,0.780340278281947,0.853817265738617,0.208196050421684,4.37019371127124
"106",0.326522643787903,0.735214770013117,0.773491910222801,0.565096863371436,0.350478749193717,0.89907689288666,6.62788929600286
"107",0.582575745480135,0.473686537977192,0.457563522926648,0.130568177431705,0.265509466450312,0.230453212754219,5.23359428047549
"108",0.246560379838338,0.489499466266716,0.585405251476914,0.649174911337323,0.134320248334552,0.107545544379973,6.10285982340483
"109",0.764702579096193,0.423667675637989,0.669643089121673,0.724224142712774,0.651023208980332,0.521181192256045,4.60022859165796
"110",0.290825567144202,0.201953958420781,0.835954150352627,0.284168437339831,0.127374087331118,0.503750649568392,5.58472235230176
"111",0.877876681883354,0.0980762188241351,0.82232584817335,0.0743232373136561,0.295168653354049,0.36078748801141,4.3230798004474
"112",0.271248857195606,0.758270800755709,0.16554075736145,0.280534262026194,0.522266905847937,0.4135871144681,6.38243324176636
"113",0.683869784534909,0.271571291626315,0.464833226855262,0.531410891345586,0.552395594125264,0.930857409477467,4.26508663415382
"114",0.354688711324707,0.412800129859825,0.130357839905773,0.70438169832807,0.87583951184235,0.622320511117578,5.08353964351806
"115",0.724546796517097,0.50135229204956,0.918356233275845,0.422162682584603,0.244269538669032,0.545105299153365,5.28958892331894
"116",0.559561052022618,0.112311320108129,0.505456226330716,0.236766079834197,0.843881986500346,0.703770463338587,4.26269495279836
"117",0.696415756579372,0.56813478411641,0.0390660242235754,0.0577349182689795,0.50652270263352,0.885661942311563,4.65339533242459
"118",0.485237100491067,0.734258534231922,0.305309535256238,0.888273055509781,0.78430368290632,0.136259539200692,5.59426647752007
"119",0.725673921800335,0.842649588277563,0.776856376078795,0.857879526921315,0.403989394925302,0.614334125063615,5.5982613362417
"120",0.296468648547889,0.821023697447963,0.971994206478703,0.296566201452515,0.180850272432435,0.821851411141106,7.36226332979747
"121",0.285716615134734,0.121617148038349,0.346730575878755,0.629036318094004,0.16044344044989,0.314842459477368,4.60233220361683
"122",0.288468361251289,0.647367553858785,0.219180989591405,0.872873852755292,0.299572543079848,0.802336711733951,5.95935832142256
"123",0.628193862207117,0.873961062933668,0.129594808907132,0.306317419641418,0.286346871586284,0.235011338514742,5.48379045080022
"124",0.223999995942577,0.63485632758995,0.703602998197894,0.961143664199626,0.39909262452391,0.685465683593648,6.530602548438
"125",0.619831058753189,0.463189403361175,0.528935703062452,0.721515225676703,0.153493254872155,0.195794313240913,4.86906783947832
"126",0.5729195429018,0.876259252477903,0.406694804777508,0.547393420631997,0.774033365919604,0.637603990024072,5.83360983221537
"127",0.590587250759127,0.0115748613362666,0.212709899361944,0.857149822838837,0.074982100307825,0.149909861985361,3.35563583079513
"128",0.798143120539607,0.14309184524056,0.733858516363543,0.776343809967511,0.604306470501469,0.865967764506349,3.86828150318988
"129",0.599144703914644,0.161633159825578,0.418532635318115,0.745996659123921,0.212903995353263,0.872081300919526,3.995591102566
"130",0.304055343187065,0.679340213643736,0.417326479208423,0.276542311180383,0.625840148575371,0.104848111326573,6.38666155118057
"131",0.281661857697181,0.106125590455486,0.653646354489028,0.434130324604339,0.0844676329684444,0.829854082168313,4.95094991938657
"132",0.240908843419165,0.0967061141860904,0.33805456495902,0.465492668086081,0.460787400163827,0.571802395815612,4.701201077553
"133",0.331621784124291,0.31994643198268,0.896351938154548,0.159117033273797,0.186012516912306,0.0228429018583847,6.06674175506555
"134",0.560455094983918,0.0564592787460424,0.162629899516469,0.490839095432311,0.818032229046803,0.244985772634391,3.58525859729998
"135",0.357969077664893,0.367560087282327,0.18465482633037,0.98991709569993,0.566939655421302,0.418804502036655,4.94487979052372
"136",0.162554443561821,0.82569423237117,0.291410413081758,0.246350915260846,0.688751629951294,0.872734353972482,7.14840656490329
"137",0.665750386223081,0.371935465558781,0.766965285292245,0.117328726096312,0.151507379885879,0.863339807267766,5.23220283580285
"138",0.647429594749119,0.409580560071627,0.113713658336783,0.438988071801723,0.759356462658034,0.635033040092676,4.3653337573979
"139",0.671200081451098,0.326315255028894,0.262665386212757,0.7724484704918,0.781940137990168,0.416365329186665,4.17068793412018
"140",0.378800185687724,0.167543309493922,0.927461768143112,0.683887236100272,0.823062494422193,0.115755520724342,5.00364355722875
"141",0.103487552411389,0.18759292375762,0.826455535512068,0.126890108655789,0.616459570322768,0.270610383150051,6.42083100324518
"142",0.320007955929614,0.33013617968827,0.277665342504624,0.326223697767127,0.131822028924362,0.461012666114257,5.21371561358505
"143",0.792418373071705,0.354763134324457,0.86768592730572,0.497347453367547,0.870297457100241,0.214105297722272,4.71475484652757
"144",0.838375948530156,0.212667382451473,0.62181667625031,0.829317053530249,0.37920517988794,0.251898908179719,3.88481534517015
"145",0.601921881847084,0.467246549457195,0.761409656051546,0.69282844240719,0.50023096991994,0.19154975068057,5.13788909136138
"146",0.909054000572069,0.868182521853596,0.639532372940448,0.43222688234935,0.114206567742513,0.846828932316275,5.37744931367163
"147",0.155437582537998,0.900413346432033,0.846208096109331,0.332391212113434,0.510214238685439,0.172203186737024,7.93459016855718
"148",0.869977192288497,0.654710786198848,0.221879836944281,0.550732803911087,0.192623749449849,0.681441185949952,4.56428029770151
"149",0.324472607346252,0.928078108131303,0.312201123490231,0.336638062839629,0.205326831627754,0.421420461171656,6.69202100604048
"150",0.756376441077446,0.379402243901277,0.36168663678458,0.406487213384244,0.934936366675538,0.902146306649665,4.35511286799708
"151",0.737858498747228,0.177063347625663,0.718260845927871,0.41880300705845,0.311039250665344,0.443085481223534,4.24824314988419
"152",0.430499718153733,0.179991906643845,0.516250725520076,0.904245846362319,0.607350739312824,0.475212548999116,4.4538513911474
"153",0.659179205168039,0.39119163828087,0.72477662236779,0.256060348615283,0.624502423470258,0.656913429035922,5.08803225550556
"154",0.148991905272123,0.892813506923849,0.073214497063891,0.602249185693217,0.537616849778569,0.440872872008476,7.00959190955519
"155",0.963707436115365,0.908683531526476,0.642499381964444,0.713683832105016,0.808034732273081,0.478795260503539,5.20519269302464
"156",0.686114612302626,0.603623881642707,0.0549335606431123,0.852278022316168,0.0871628645819146,0.502054676400148,4.61236890028681
"157",0.697653594708536,0.83531317101093,0.864536613918608,0.848842838350683,0.760300904011237,0.31960618053854,5.72524593128414
"158",0.389141968959593,0.74612344657653,0.0563430910103489,0.475537596659851,0.675082224315265,0.802924861274078,5.76806904686732
"159",0.72163242394221,0.385932744485908,0.748418238651357,0.983650935465121,0.375541186325136,0.83664822075807,4.54436084577002
"160",0.0386951190029504,0.546424655794981,0.111192350186175,0.65157652131631,0.0758288954838645,0.481940016142908,6.77523783137105
"161",0.842470277341781,0.358170587321511,0.495261528978008,0.499524736006279,0.712489327929798,0.306959217377007,4.25892452981494
"162",0.504893849911168,0.192209977399907,0.751100964652142,0.74866715997865,0.301733750900021,0.43839081688493,4.57048319173326
"163",0.142061371778254,0.461621971526765,0.983214978707838,0.553654489108594,0.456064633929054,0.69836301216681,6.88066861540868
"164",0.71394804925716,0.925375164248398,0.482870870295446,0.0998639296134934,0.929868347239681,0.268665290017962,5.95065515834106
"165",0.569141615174012,0.795822323578177,0.100258429142414,0.946117673728731,0.452871977519826,0.308579047424137,5.32307825633255
"166",0.180484513379051,0.421718331485172,0.348271906752489,0.396180815514526,0.320467539805686,0.936813176281285,6.04486824631704
"167",0.706375445231097,0.751517774112872,0.185516352423583,0.0177357761521125,0.159135072029312,0.669852316390607,5.25911505772763
"168",0.443698489919188,0.870754923420609,0.923391173418495,0.351034167793114,0.30268570090062,0.453119798387052,6.86053650794916
"169",0.873671451975824,0.437235120718251,0.119852170530357,0.843188920395332,0.736036208705045,0.100195261686458,3.95057975104024
"170",0.551868303996744,0.15133064706577,0.562015829446027,0.196645004123566,0.117695074362564,0.396667431632522,4.50413381463213
"171",0.452773590130382,0.834181965603493,0.14790649420931,0.908641565326252,0.805505148314987,0.584835311000352,5.76804926426755
"172",0.0352789412793936,0.137481783245457,0.0609887089108815,0.193057524770848,0.330503897044109,0.394646935629426,5.4931093744124
"173",0.255035262008896,0.601000655086827,0.807313594027655,0.676736450049211,0.81239440046018,0.537591967571061,6.53907935793526
"174",0.458107613135944,0.41654835414025,0.0588077354535926,0.597249363600276,0.385915094912634,0.594382007615059,4.74597822272806
"175",0.171338040740811,0.619716479298077,0.189796465672553,0.0454433839349076,0.0584551684575854,0.386570007653791,6.6039261267901
"176",0.92633603107708,0.55336979370215,0.692933675039094,0.751041511252406,0.715409576780512,0.857841103218961,4.61494190844319
"177",0.328424140886636,0.242289235527278,0.789595826987061,0.940499558609445,0.141062476296793,0.728069712392753,5.13098233172281
"178",0.923685620632023,0.0797643992753001,0.324635464737657,0.215897827263689,0.373539415931446,0.875757881612517,3.406299169504
"179",0.960943130517844,0.475957683586166,0.341371374171576,0.254709841514705,0.490238771576551,0.106436144001782,4.30034722444262
"180",0.679624295373797,0.0695728836086346,0.196847973343683,0.0504391471185954,0.495623428298277,0.173369306523236,3.63918353301649
"181",0.814762562130927,0.563104478492169,0.830600842882996,0.0535460341343423,0.32761822859582,0.596524887821288,5.57201027920417
"182",0.244549450334162,0.793400264280499,0.199144556290121,0.573316439487389,0.83472660614585,0.119035503742052,6.51512856693497
"183",0.624324725074112,0.581776009292807,0.613477627566317,0.736250912800315,0.202632667070138,0.711525366148562,5.19721593318744
"184",0.174499031930463,0.0743101498356555,0.507758160168887,0.797639313721447,0.777603408964351,0.814101607458433,4.8804734368013
"185",0.538027578319889,0.963149256471661,0.686450234267977,0.133339834748185,0.449270658740425,0.797091313084238,6.70241355528467
"186",0.871153401276679,0.48600818749459,0.442366922502406,0.170066985115409,0.348756837610272,0.878288206741563,4.63742050985078
"187",0.284607420035172,0.585533857396222,0.0836494362459052,0.232787443543202,0.333747318414389,0.125470202181023,5.84109792044306
"188",0.971169010101585,0.0672245575778652,0.637156686600647,0.423179677202716,0.099582014841144,0.646085629565059,3.55334544655101
"189",0.300423996179015,0.5653003064933,0.0487215740454849,0.393117656877148,0.899138407884748,0.3993435811362,5.64996292343942
"190",0.818765307678841,0.0245004921260988,0.633219339270145,0.617888934523216,0.707267125475919,0.0688945759285707,3.5166722942144
"191",0.532966079526814,0.626370568026905,0.367911893178825,0.167689088116749,0.839139373254147,0.652087718491093,5.56341678046576
"192",0.978356707564672,0.937820194798405,0.181847677472979,0.877677355066407,0.475964271078119,0.277217646043864,4.79731450847981
"193",0.249475035826908,0.53587145680387,0.946604567621252,0.885782353688846,0.389296281138086,0.114600521278917,6.41139859585573
"194",0.627374127472285,0.944352095842478,0.107471643873141,0.764611381535651,0.223667381383129,0.76400821301504,5.49513632374286
"195",0.78899047186831,0.0284461155050667,0.93566781729809,0.0404599243821576,0.104807446079212,0.883767955988296,4.45726564610372
"196",0.998050354472361,0.174932756416965,0.0905742299591657,0.638470934840152,0.657538048403803,0.424078836824629,3.16801584334848
"197",0.888165759947733,0.979193994217785,0.816289974104729,0.577439641611418,0.380891691510915,0.426206742842915,5.70012039001558
"198",0.793265043335268,0.790979657166754,0.609445648649125,0.865091574329999,0.596704882737249,0.0758310736477142,5.23106697992128
"199",0.183471266442793,0.884863932266016,0.0890025315206731,0.501332634554128,0.0393347600626294,0.202888054555515,6.87321913423667
"200",0.332588059711852,0.878707352232304,0.985173478081706,0.761971747154021,0.559583483194001,0.730969828769448,6.98677533564504
"201",0.21806938305439,0.902981852265075,0.5441508086666,0.640227986582322,0.583591567496187,0.0111464710475411,7.16297956977858
"202",0.967206806625472,0.694908051147359,0.792601184530649,0.957208962263539,0.225692071294179,0.854958600451355,4.82422348146378
"203",0.836595219894079,0.444259353993111,0.90817768487439,0.447463922967436,0.828763390104286,0.937900189791108,4.91898688053835
"204",0.0657753935025539,0.128039741978864,0.0989162444043905,0.624674512385391,0.86461293592467,0.690561240094248,5.24339360373413
"205",0.497158943483955,0.521491171273519,0.223393645486212,0.795539084576303,0.86129769134277,0.941277142787585,5.01783069115211
"206",0.516835493810941,0.660672062604572,0.784965888854349,0.0274120894388761,0.336950908319559,0.166587721318938,6.42739738832794
"207",0.741112487756764,0.622446690470097,0.859936519054463,0.381755284801475,0.629193777981564,0.0264084735920187,5.51516977651959
"208",0.202597974458477,0.182136516868486,0.046872144328081,0.26050973022182,0.262869927646825,0.926560174699989,4.88878273763096
"209",0.274407575416262,0.215686277271598,0.545744953259127,0.107168418443762,0.852419795604073,0.456397227732814,5.49033970978036
"210",0.468960252612014,0.295747980637825,0.298888698197552,0.204864229281084,0.607952894361224,0.849960682889214,4.77266643372958
"211",0.025696646667202,0.25048373578582,0.317782101237099,0.492630986252916,0.618411312666722,0.284890715342481,6.16540932230918
"212",0.701609911439009,0.197433963539661,0.0824599601083901,0.374969810619368,0.342163138652104,0.363518770039664,3.69324788365234
"213",0.54268313511624,0.595978087372496,0.580821303990087,0.698884427442681,0.669742837324738,0.787765597146354,5.41367170798781
"214",0.509402847995516,0.199653763166862,0.394064011459122,0.389022158369189,0.251969192206743,0.0636506303300848,4.42328055085859
"215",0.0555960800364846,0.896757661545998,0.674956368481508,0.901854134815512,0.8168288318743,0.726142738110502,7.91155255909098
"216",0.166710117239854,0.673107945732772,0.377209373791702,0.927816353502567,0.631004765222897,0.469537880750722,6.62801749144069
"217",0.0768371481227223,0.824177223746665,0.689526143460535,0.0283115601690952,0.855698100533918,0.559603871422587,8.29473213958103
"218",0.407356394196977,0.517967653907253,0.913646716327639,0.378978038786445,0.874453825674136,0.790205057857675,6.13217457550207
"219",0.785012667660485,0.0721470256714383,0.0257687974593136,0.970133188824402,0.55276443685405,0.168452574631083,3.07733980248643
"220",0.390052805916639,0.498380631165346,0.287822799646528,0.729179665234988,0.44430977007607,0.194209900349379,5.33933199909233
"221",0.421814763692091,0.541591909277486,0.921200207829243,0.464976931833662,0.110307952045696,0.272512888420024,6.08825935622938
"222",0.112496588814538,0.575553144684527,0.0316949292283971,0.140259036496282,0.0369764678593492,0.771779420013772,6.49761399124922
"223",0.846921705279383,0.29495604286727,0.304763152391533,0.998832007226301,0.47112305880175,0.909580370371114,3.77261662430084
"224",0.0601995206787251,0.658082655320759,0.786383912351448,0.40430845591356,0.200306535407435,0.652506713331677,7.7256704337785
"225",0.822245910965139,0.747658540316625,0.381649688803009,0.223402660457068,0.458813174623647,0.446417177484836,5.1547367097569
"226",0.571403557750746,0.599578271070495,0.193267151506152,0.46858050892246,0.0937578637944534,0.0855158320110058,5.07150938808161
"227",0.381896744203405,0.0317630583955906,0.661367985528777,0.658570991239976,0.569800274232402,0.202161402620841,4.29744827160681
"228",0.121147245916654,0.799880315064802,0.732484359095106,0.457709711060743,0.649777290145867,0.815027615759172,7.64989810882105
"229",0.608757987878635,0.781368196404655,0.942093399503501,0.0210261402872857,0.704392664802726,0.662122120953863,6.68868161292933
"230",0.933614003123366,0.712662376146181,0.103902079247055,0.959535011203261,0.980790788920131,0.69515622764302,4.38886400379195
"231",0.370199135193252,0.981062711461564,0.888998822538997,0.41623920332233,0.894414758005296,0.332668638839386,7.21881745774924
"232",0.907271322690067,0.255595201946562,0.253321610139683,0.613132672378561,0.0658095240063267,0.322710305892397,3.63861940059974
"233",0.773975010286085,0.305842835024814,0.618728856694652,0.0702592681196984,0.891370424344786,0.368484541649232,4.72181854784681
"234",0.416766153998324,0.349188131966512,0.851030244381982,0.536777862634626,0.260901159239002,0.824457932848018,5.46123143458828
"235",0.809039796368452,0.813175458934857,0.573822579209809,0.652712151198066,0.974786480725161,0.90434905737231,5.28262758195123
"236",0.308916211468168,0.610593150299392,0.438718168858322,0.5297839195095,0.433704799094703,0.56703231506981,6.09181959313353
"237",0.115572116353433,0.446994753708132,0.565200134990155,0.0307669242145494,0.124035097136511,0.353760184905259,6.96326110990491
"238",0.0230561069992837,0.183704007795895,0.738137904169271,0.513969947276637,0.40838638162415,0.554922534915968,6.34054047472493
"239",0.44583792273188,0.243483811214101,0.142540730418405,0.0782750201004092,0.926840396069456,0.619598229443072,4.53495763035981
"240",0.480880334115936,0.365835777138127,0.469577820563572,0.108842525081127,0.937853684489965,0.0362639798183227,5.24582742566579
"241",0.440071593624889,0.77374322573829,0.71210997630842,0.899751768498099,0.239709963830537,0.241369846686721,6.12992552567239
"242",0.967533147427021,0.783305495392415,0.433227915123571,0.486188397639198,0.652624029994477,0.133618422361906,4.88451364792602
"243",0.438681548573659,0.291282224088209,0.933039935078705,0.32417010420002,0.499917696834891,0.366016160341678,5.50976128974869
"244",0.555656060719048,0.675546128795249,0.592646956398385,0.505107511772658,0.749447588751209,0.33229958622891,5.66835919358006
"245",0.73450517835503,0.00288193074229639,0.514015794140287,0.399607498616679,0.942061309870332,0.428276888755499,3.54653724920058
"246",0.117537228129222,0.948537183435401,0.53969110111997,0.860346846315078,0.0697428571624914,0.0916122245392762,7.61530427091102
"247",0.687751495986013,0.5827563833975,0.492247211915092,0.986353678864543,0.401473427375895,0.432624623705633,4.87910740395641
"248",0.582366522851516,0.0413977796467952,0.236430658597383,0.787459860688541,0.346296605926473,0.483392565632239,3.49437851664779
"249",0.949019031780772,0.343918426072923,0.281815498600481,0.175075316092698,0.69300027371617,0.526949948612018,3.98943495582935
"250",0.0823270200006664,0.351801858764375,0.139283555978909,0.014725931417197,0.638826676017488,0.287426329157315,6.2045178773869
"251",0.863363144334871,0.86383760171535,0.48967310490727,0.189873183654272,0.0259718115843134,0.095864540875773,5.46500431687739
"252",0.0966364002163755,0.861959799379692,0.0172371608542744,0.478081790010328,0.245864856328117,0.753160405250383,7.16210306227231
"253",0.0303080431668786,0.0147494856402045,0.266241778100957,0.544960625065141,0.175991201789002,0.892153134804103,5.10821165240889
"254",0.62136412810476,0.457947169438121,0.147083660836797,0.803530462466297,0.0213375092088245,0.860157585914712,4.49797839068506
"255",0.58960737142188,0.934430465639452,0.0773024809616618,0.585578318890184,0.674426390211447,0.295330851880135,5.57612612826998
"256",0.648727905299165,0.920908625070588,0.45368340013898,0.562551653134869,0.108024168168777,0.544112280569971,5.76870289324599
"257",0.0835414232907351,0.0823387369071133,0.643482913754415,0.540678839759785,0.229923951706151,0.028956909168628,5.53929361681706
"258",0.935626240941929,0.15472553335363,0.861220860033645,0.88426719970128,0.314596474647406,0.574949617056991,3.77162390456759
"259",0.186616260560695,0.329361423208611,0.247608256899402,0.79288161303848,0.474224193257978,0.739036782916519,5.51896501368858
"260",0.748678376716562,0.0771812107198639,0.939340061982512,0.355091692866408,0.560463981669745,0.972976571316249,4.2437875964634
"261",0.891726645901799,0.101673803016311,0.62761881017359,0.537599684305023,0.9141813356278,0.887797256634803,3.65525966835286
"262",0.215518463254557,0.397494129915722,0.486405279030441,0.977298200428486,0.189050207702676,0.466337679386488,5.75724218543135
"263",0.920901105629746,0.590942718770821,0.233796839903807,0.504046833949396,0.589769867837313,0.784112449379754,4.37221675392677
"264",0.101332559299772,0.702496723945369,0.598776031354792,0.695407769661397,0.163823550900561,0.924434289928759,7.26446889230964
"265",0.750945013309829,0.0512373068433953,0.200099028710974,0.391092839229968,0.729828595597064,0.748455068154726,3.32671058037312
"266",0.409176536361338,0.572261150267441,0.828230595664354,0.923300480963662,0.896585272742668,0.0743543312244583,5.85178600348694
"267",0.886347865311545,0.515401209485135,0.656832633972517,0.460558223095722,0.29339951805654,0.299517643271829,4.72862913747196
"268",0.674391985693364,0.856607740265317,0.960477922056452,0.608883060439257,0.878477152007981,0.62259185322735,6.03882470086281
"269",0.594811640636181,0.33507514830213,0.365316894000862,0.300474273994914,0.10641471622861,0.830531001698109,4.6171664403596
"270",0.029674129965133,0.642848252817639,0.409039268393535,0.509777926571551,0.884063123227097,0.532137223560712,7.40206495750949
"271",0.00898296919243876,0.936140969324624,0.536919283139869,0.000738878333941102,0.483713856721879,0.842829331950634,8.70208502473418
"272",0.605078490292071,0.0586782662686892,0.992591158568976,0.174371266186354,0.907835949480068,0.536372848773608,4.69804582617006
"273",0.0862021969835041,0.886796809248044,0.0240903907769825,0.25044294406136,0.698574316229206,0.186972430634778,7.31940974023989
"274",0.824493232183158,0.560420379903517,0.162401328468113,0.643980051450199,0.431518732422264,0.347154227196588,4.37291255899927
"275",0.189929037800175,0.0855907709762687,0.997430760832503,0.12237943148124,0.361388736627414,0.762140270930831,5.91545713530767
"276",0.269489456305746,0.0497298167803092,0.600993887922377,0.114288107687025,0.439989223306766,0.0844791491772048,4.9945212591031
"277",0.642843611412682,0.845053385741194,0.169422375602298,0.412168127551558,0.397121506708208,0.975392075090786,5.40119593329577
"278",0.0437480376975145,0.263374316607369,0.964550756272511,0.6920441174187,0.820769875369733,0.603647131167236,6.62042487465277
"279",0.771038147811196,0.347035373116378,0.808590978485881,0.939040257816087,0.937029278158443,0.999550143741653,4.4225562605067
"280",0.106626436832012,0.987319235351752,0.34329666089383,0.519845407374087,0.978906744331471,0.933410985385999,7.68188334310697
"281",0.63023046780494,0.363326910277829,0.0431207162636565,0.440759446191369,0.598500928926514,0.0052906898141373,4.21656036479262
"282",0.0474880929809297,0.808873097170144,0.481358705995954,0.408061831103987,0.142929500954342,0.234307364904671,7.817874020715
"283",0.898755573124508,0.61378585182596,0.9664060737408,0.0811818791303085,0.0811502891400596,0.205697117910022,5.69059144165929
"284",0.0592169475846458,0.403183530068491,0.202918249003706,0.482019354811055,0.0337633038952481,0.123716285069822,6.38079478274673
"285",0.0223963438440114,0.54894024940324,0.771422752129729,0.0845166464109207,0.830751429675729,0.954301549799275,7.96548885969197
"286",0.0723807534546358,0.915413652979187,0.697555427005864,0.667980711470009,0.410058366250596,0.48971589816967,7.98266691163523
"287",0.547292018369772,0.123681146143354,0.607221486544004,0.96997755159915,0.905074666651199,0.143811656776816,4.07473873246943
"288",0.0539612643304281,0.20429575183196,0.569180601439439,0.35998252876685,0.680005742303329,0.943148088569287,6.17663816771941
"289",0.385528096134076,0.299172699073679,0.521908733025193,0.561027683720458,0.94527543577773,0.447509705440607,5.07295122299886
"290",0.112594051539781,0.038220419716672,0.35235387885361,0.913352510334225,0.0969342550006695,0.0580042958183913,4.82745628445938
"291",0.916025587277836,0.989316594852717,0.7997108797275,0.677726995778503,0.070438972825068,0.0504304405447328,5.60475590769709
"292",0.974658908072161,0.434532459194306,0.885008086765301,0.831966420572135,0.701251746097696,0.139738229730283,4.42641195019009
"293",0.0102647517662263,0.953759798242827,0.743058651474421,0.0342207416397287,0.0140543698571855,0.640194880233612,8.99688370383214
"294",0.362844997103675,0.616085484107025,0.356005252075847,0.0551841705443803,0.00498839344130829,0.0343970419146353,6.11366798614028
"295",0.0147533197584562,0.223978973011835,0.991118576533627,0.953882224411354,0.178522869665176,0.549883641224587,6.51463912795808
"296",0.368647763011977,0.931612201415119,0.0332296665001195,0.00851828098413534,0.535315627320088,0.750333671625704,6.31949540257122
"297",0.875876536260475,0.194585176472901,0.648770245442865,0.153764187322813,0.0248259822989348,0.163080376381986,4.24369803200257
"298",0.779932693853625,0.528711188062443,0.0696941133239306,0.56963470561197,0.952292078991886,0.358632758168969,4.31240908183388
"299",0.457066643700819,0.0337773442466278,0.677264486438362,0.437258046740899,0.533926171051571,0.628730227293563,4.26909383832366
"300",0.0898881841328694,0.772277326738113,0.314641431545606,0.930946030824562,0.989014071807615,0.0533361066959333,7.18191660701004
"301",0.811584853884997,0.0212386990874074,0.246394878574065,0.238622149306466,0.0180927533446811,0.496499132676399,3.27485272381528
"302",0.0743089772906387,0.534478284614161,0.52271377350844,0.0499998259561835,0.78784845610382,0.147418388262158,7.33313531334543
"303",0.427506177480682,0.715675321887247,0.671001186964568,0.965101623252849,0.9213777018158,0.991035208556568,5.97810723121436
"304",0.404236177339917,0.399824050129973,0.954226597210509,0.852980752954609,0.518625579161453,0.563605825200211,5.54074252401163
"305",0.940107632168219,0.0466311863902956,0.721601742975181,0.15183800275845,0.982913470811909,0.0704779556638096,3.88550998757892
"306",0.95794959789142,0.491709280225914,0.39245224997343,0.981693639530567,0.465708939688629,0.0609180749650113,4.13089797298346
"307",0.131756502465578,0.524314378125127,0.714967583860853,0.524811211924534,0.585625780640403,0.0794167465250939,6.87148253431668
"308",0.711366213209694,0.956574191110558,0.0123967927182093,0.948398924823268,0.117369677608367,0.0988923979940591,5.22236250480582
"309",0.0402941380254924,0.10378649663704,0.0139843641675543,0.635418729773373,0.216085090401466,0.470520799377118,5.1912993277888
"310",0.997237461737823,0.0607497644500108,0.66633568373858,0.205029405417154,0.529706712190527,0.589463058320689,3.71685460816972
"311",0.0685183842695551,0.451952772844234,0.872350367939798,0.0601985906535992,0.0460734102904098,0.919645305516897,7.61980286632039
"312",0.414473320086254,0.983912474152749,0.512390070657129,0.847165512300562,0.767049303875538,0.37507795382,6.49103340313882
"313",0.49176311135001,0.962469055512338,0.136765268055606,0.826545240948908,0.790990223874687,0.984383340569912,5.90975657298011
"314",0.655395479612635,0.910028274819488,0.847561320855166,0.54864577784203,0.358026542813168,0.834863392093102,6.11909226491732
"315",0.520604914837168,0.859823208859889,0.518339379996178,0.371743619911722,0.32630434198014,0.153988521341817,6.15164593264254
"316",0.399085344274645,0.0876886265468784,0.893994922373677,0.741605426535825,0.954260508825537,0.896462744183373,4.60433948242713
"317",0.464331472314661,0.0192989486677106,0.237811818821356,0.817575808803085,0.91168044037302,0.599108538564178,3.64027342384195
"318",0.383971505225054,0.493538986019557,0.00463166060100775,0.871509480912355,0.785780358070042,0.158959633733612,5.08345588693998
"319",0.402283215209027,0.997190200870973,0.916632794788456,0.634208262136672,0.0154832992039155,0.0899605020857416,7.01559892699654
"320",0.943858379591838,0.957674630235997,0.374277216356131,0.773791410747217,0.573881264865049,0.867643711970304,5.07079041388195
"321",0.150268756477162,0.0941611057840055,0.209252998839947,0.0974370128242299,0.992561874681269,0.972212303047418,5.03481119521093
"322",0.00355456009914633,0.322074207857368,0.947999291213928,0.149324944074033,0.0515925432607764,0.228606989776599,7.54898319285677
"323",0.927610216162284,0.971117355035385,0.759683096114895,0.570443693350535,0.998659086315311,0.080120331934304,5.57242816899133
"324",0.736482226526714,0.899924105509417,0.577056036741123,0.0671414453128818,0.794707921328954,0.955932820464368,6.01564773957812
"325",0.896022501633852,0.355335208993638,0.0642768286011415,0.103114732521353,0.756512898760848,0.962253504017135,3.83191145581999
"326",0.510968557177112,0.559212350656162,0.0191793442761991,0.264662477022503,0.155479604686843,0.485637723326799,4.98447017701732
"327",0.805078782751225,0.977120613259031,0.29250379930716,0.0229088773811236,0.582177900684765,0.110751349654165,5.63917046803939
"328",0.604074245875236,0.57348583446641,0.929476844550809,0.197882913513458,0.887881699241116,0.266352064679377,5.96861547421978
"329",0.938594089216786,0.606432226713514,0.421180036655278,0.144898621632601,0.0309841594891623,0.512204615789233,4.77286943738611
"330",0.0501636154437438,0.969007398281246,0.911888907604152,0.877369030591799,0.441889825910912,0.0206573362165363,8.29430616791761
"331",0.278448004088132,0.800242541150074,0.250986434009974,0.816988245935645,0.012372109782882,0.53390788501827,6.38472683327918
"332",0.951276918528602,0.232779799131677,0.0658635883528041,0.578011864800355,0.241520507439855,0.717277311125654,3.35160474819686
"333",0.34804257093987,0.999512595948763,0.462195501703536,0.285845158906886,0.66671418859507,0.561378162521869,6.94864931401669
"334",0.61018569427717,0.131013372441521,0.998111063201213,0.593606305090361,0.0435772190225543,0.198406368846772,4.4988158765219
"335",0.462464089124696,0.511026631831191,0.843570793344989,0.1550165260426,0.478710192402359,0.979354811194935,6.1152361747158
"336",0.816481462548836,0.20600769520679,0.90641030431434,0.311862819818198,0.523244838528917,0.0439972370467149,4.52530778528925
"337",0.317332391986274,0.310955623139162,0.589065406856244,0.516201903844485,0.00105727765068877,0.514938930920907,5.40312142218031
"338",0.989154866252793,0.374745075047249,0.623116448155488,0.0350408974359743,0.00927059896464925,0.997017203256837,4.6007900414893
"339",0.0985057055047946,0.44238807308895,0.132818501431611,0.347054855728638,0.579547425403143,0.713898629334872,6.258923061365
"340",0.640677210147842,0.945787443232839,0.819154825528385,0.123938161936821,0.0405507709627273,0.55060113700747,6.5958134202254
"341",0.505572916394449,0.690958432226907,0.729558871767367,0.993373143141507,0.271269968595589,0.993416443507886,5.73179538038559
"342",0.780647248348105,0.579776852140785,0.603895938212518,0.922367265266948,0.960002447756706,0.404029467699584,4.7905667349208
"343",0.532143773325952,0.703321896117413,0.0717991841922049,0.221362264803611,0.923013587197056,0.0932563962624408,5.33580824006778
"344",0.45032297840633,0.165627217711299,0.579846523957094,0.88065422867774,0.487995911001926,0.980908266757615,4.41475290491732
"345",0.984017731275526,0.830877467470709,0.284638705415418,0.0065005041268887,0.254941378998919,0.987003981760354,5.03637312868485
"346",0.991729179909453,0.157771080174134,0.443922350744251,0.935302425835398,0.571485518368427,0.51680722573481,3.36537219050908
"347",0.493868137756363,0.338113435889245,0.388215509345755,0.270249423506903,0.593319946054253,0.321150602908456,4.90571434258937
"348",0.471709286481491,0.283977592035662,0.664052058214438,0.912311538386857,0.308561012682039,0.0193022302055033,4.79638299841662
"349",0.319813234842732,0.0266479362873361,0.385122467941255,0.0689969588437816,0.305717484921333,0.662893599848612,4.49036334888891
"350",0.375041515003541,0.502899651699117,0.471252506281598,0.400639082679991,0.962771156285889,0.947296590034384,5.69449606344121
"351",0.639794964169851,0.630786930735339,0.108815262064454,0.927363568612491,0.502818987904466,0.708186993300915,4.80749425404614
"352",0.0902726514276583,0.314378818187397,0.467305504986434,0.944034923340078,0.83569465532375,0.339793271597009,6.04014783783842
"353",0.0151801244041417,0.470474977419944,0.882906143521541,0.705282122852514,0.0482328045432223,0.0475751428841613,7.37669747415563
"354",0.955931717789499,0.650878342408105,0.65166759956046,0.386079750506906,0.733645556647098,0.60839535029605,4.93185893383833
"355",0.94601146650326,0.006844899727148,0.275204503589775,0.337529245187761,0.417256893686135,0.120584943473805,3.07656713526096
"356",0.843698856100673,0.648942173284595,0.823433552724309,0.863048529133666,0.0550795643468155,0.400035353541025,5.01625113077343
"357",0.190539663021918,0.951278596058837,0.0210212596325437,0.656931994342594,0.970628054190311,0.490321274807793,6.88583038337888
"358",0.0487046849098988,0.539772175691323,0.881757690508384,0.905923542092205,0.660314009265858,0.957654866206576,7.26407130886435
"359",0.858191223812173,0.974886170701357,0.00968650851165876,0.447871876416029,0.0906856085808249,0.600126663709525,4.99697550609576
"360",0.251519405735307,0.133702040466596,0.791991903124726,0.249014900492621,0.900377055639983,0.0126993655844126,5.47725371516921
"361",0.901662035898771,0.387523451437592,0.709173236798379,0.581101348809898,0.29062525663001,0.917383894774248,4.39497304348685
"362",0.903791821166524,0.941590628631529,0.94424533424899,0.0931235647655558,0.480319681551191,0.221019513500505,6.24815981659771
"363",0.310537202565465,0.00200476903992239,0.140686949265655,0.645332783216145,0.52622488722147,0.13175990731339,3.89352153537884
"364",0.160622683438705,0.662665874297963,0.901200258482131,0.165426085502259,0.507632435908308,0.463117580713588,7.62801513718175
"365",0.195614357740851,0.993346020844183,0.42322727680672,0.951494343043887,0.487402453473187,0.825973386978731,7.22169806711177
"366",0.731062790451106,0.107690188433044,0.0507083207101095,0.0625780514243525,0.919389748112299,0.254996677167364,3.44786755512039
"367",0.125275508008781,0.0844782625249354,0.979041774448124,0.673387726226938,0.170294199517812,0.989452865031781,5.58138281259809
"368",0.154245917290682,0.992319523215992,0.125862514278269,0.0893705086619593,0.198926633454976,0.129379084969405,7.3900573132612
"369",0.633635731934337,0.361580207693623,0.000392520984751172,0.823873505981173,0.0793074820010224,0.157426200342015,4.11032476200794
"370",0.1086924387404,0.807127249674522,0.987694664104492,0.893245694217621,0.996763793567661,0.432061060465639,7.69944776343011
"371",0.424007330026361,0.0431409303221153,0.0359069956792518,0.589698093605693,0.424656730838469,0.856882821833715,3.67268113975301
"372",0.919279237958835,0.543738615012844,0.00566688050224911,0.0109305401117308,0.31949936146324,0.239450055882917,4.15840129837883
"373",0.977488298756653,0.550196984671056,0.498297476434382,0.118238097733119,0.849715483858017,0.0403289158403641,4.73661600231149
"374",0.803188512079651,0.0351395868288819,0.875748348295456,0.67240973042266,0.846476661891211,0.436122390548699,3.74527658597189
"375",0.124491571076214,0.727736178312334,0.969409930067486,0.891959541742108,0.0649406522256322,0.666844146657386,7.42789084762591
"376",0.861929786365363,0.891974669957999,0.155480929516489,0.835100884496933,0.868061780390562,0.00437408099882305,4.92130426001183
"377",0.00634661164833233,0.228246558367973,0.332343099897844,0.973531794524169,0.061281483003404,0.839893933596904,6.06928305915233
"378",0.169040259211324,0.628315066630021,0.0405529460305115,0.00304558953386731,0.986031131675118,0.968005314815091,6.43014571738306
"379",0.0790855212329188,0.0539245638548164,0.892278384713572,0.12891010730993,0.915981918045436,0.701859610409592,6.0806711505201
"380",0.981091389417415,0.30898112570052,0.0965320798417088,0.725834804572514,0.955621550683863,0.950764765632339,3.4942575337672
"381",0.985621788007557,0.84820926467597,0.9552406702179,0.101376048314851,0.394496910846792,0.914779131571995,5.93075025102234
"382",0.61256845686934,0.802708749391022,0.977054821698112,0.718363090984058,0.53204449687677,0.017401139701833,6.04486160789871
"383",0.596046097922954,0.22145549829409,0.980100923354621,0.076349315015832,0.148503227237379,0.474966084941407,5.33384011692454
"384",0.912659527728101,0.226744872232084,0.028675705746864,0.0429606207431061,0.0890317218744894,0.967298384883325,3.47237154508115
"385",0.208016166127054,0.924202429716825,0.97379594924103,0.319036347100046,0.992113961625146,0.963778234931524,7.90425151085759
"386",0.361176137224538,0.914228896765853,0.930837687063031,0.0376284624706022,0.0529671189736109,8.64383432781324e-05,7.65033136608998
"387",0.850269552432001,0.83914169873111,0.326029273102758,0.96487511865329,0.0288002269552089,0.893989133292343,4.94761250376026
"388",0.80199646881083,0.919181438065134,0.078523620684864,0.269374149342766,0.826560482272762,0.625049835045356,5.12590253127253
"389",0.018891766257002,0.140510253148386,0.154310050205095,0.28938820372161,0.975547771651181,0.344101710722898,5.67656173405313
"390",0.0328257045813371,0.720443562347791,0.159490316880401,0.833533518071636,0.367069988666917,0.160020025687991,7.25973132649936
"391",0.213941841292544,0.125029458310455,0.217309737530886,0.0901526145078242,0.100718039392377,0.0391019517392851,4.9404526098246
"392",0.743205371740041,0.0078655968158273,0.570618645073264,0.806980292394292,0.00736105506483,0.49906089369324,3.41605594334429
"393",0.994216617856873,0.816980671130004,0.316640799064771,0.615833637663745,0.12200985061354,0.0091790818341542,4.74473348111043
"394",0.137187154443236,0.406445431301836,0.261851926668314,0.990519752802793,0.931476924524759,0.92861049711355,5.94020876406875
"395",0.200188234203961,0.96533524383558,0.533554461869644,0.299660761114792,0.969837757843779,0.0324042689078487,7.53716230733246
"396",0.85401750439778,0.20790682680672,0.631973541314947,0.0168348652590066,0.94467744899448,0.809076096033677,4.43385133974114
"397",0.00190783084835857,0.0645939028559951,0.959516214603209,0.75340101647249,0.556005877932766,0.215848905231105,6.02741399394937
"398",0.883594324907171,0.777960398351424,0.952489874808816,0.997011817016755,0.691742508732132,0.880300002706936,5.23088017374753
"399",0.828839106997475,0.113972803152283,0.211248476499459,0.755221505623194,0.948681500933017,0.0558371161320247,3.31932272402134
"400",0.264041766101145,0.727349280385533,0.414776362403063,0.240888548680814,0.145366296882858,0.840042500664131,6.65930156215149
