Column 1,x.1,x.2,x.3,x.4,x.5,x.6,x.7,x.8,x.9,x.10,x.11,x.12,x.13,x.14,x.15,x.16,x.17,x.18,x.19,x.20,y,yp,yv,ysd
1,0.00125,0.81625,0.19125,0.20375,0.06125,0.26125,0.06375,0.88875,0.04875,0.50375,0.85375,0.00625,0.87125,0.21125,0.68375,0.20625,0.49625,0.74375,0.82875,0.19625,-0.110654423,-0.107260069,0.0001478532,0.01215949
2,0.00375,0.54625,0.04875,0.78375,0.73125,0.17125,0.99875,0.44125,0.97375,0.45875,0.16875,0.14625,0.10625,0.39125,0.23625,0.04375,0.18125,0.43875,0.47875,0.88625,0.1126391919,0.1053670633,0.0001228798,0.01108512
3,0.00625,0.82625,0.00375,0.96875,0.18125,0.16625,0.36625,0.40875,0.75375,0.33875,0.26875,0.56375,0.85125,0.92625,0.39125,0.43375,0.19125,0.99625,0.58125,0.17875,0.0460921429,0.0560694194,0.000172332,0.01312753
4,0.00875,0.97375,0.44375,0.25375,0.34875,0.27875,0.53625,0.25125,0.54875,0.62875,0.16375,0.55875,0.48875,0.16125,0.60875,0.58875,0.31625,0.10125,0.39375,0.21875,0.1289816966,0.1379825188,0.0000608064,0.00779785
5,0.01125,0.39125,0.26875,0.17375,0.97875,0.22625,0.60125,0.32625,0.40125,0.88125,0.33875,0.03125,0.71125,0.27625,0.12625,0.34625,0.56875,0.05875,0.91375,0.95375,0.022418294,0.0285851057,0.0001429979,0.01195817
6,0.01375,0.44625,0.95875,0.40375,0.15625,0.67375,0.20375,0.98125,0.00625,0.85375,0.19625,0.15125,0.88375,0.29625,0.14125,0.41875,0.08625,0.93375,0.20625,0.52125,0.124655282,0.099550886,0.0001224357,0.01106506
7,0.01625,0.56125,0.62125,0.01375,0.39625,0.77875,0.25625,0.72625,0.44625,0.26625,0.61625,0.87875,0.05375,0.55625,0.04125,0.46625,0.75375,0.02125,0.44125,0.12625,0.0698468142,0.0700567383,0.0001069433,0.01034134
8,0.01875,0.46625,0.11375,0.47625,0.05375,0.46625,0.61375,0.80875,0.54625,0.25875,0.89375,0.39375,0.59375,0.17375,0.44625,0.65875,0.37875,0.34125,0.16625,0.87125,-0.034391528,-0.048860592,0.0001021742,0.01010813
9,0.02125,0.95625,0.43375,0.17625,0.43875,0.10875,0.64625,0.05125,0.87125,0.19125,0.88625,0.14375,0.62625,0.76625,0.94375,0.47625,0.30125,0.51125,0.73875,0.45375,0.1288551818,0.1265351819,0.0001004684,0.01002339
10,0.02375,0.31875,0.76875,0.08375,0.60375,0.92875,0.12875,0.10125,0.79875,0.80375,0.07125,0.41875,0.16625,0.31875,0.37375,0.47375,0.50375,0.77375,0.36625,0.16375,0.0666197602,0.0626786052,0.0001237721,0.01112529
11,0.02625,0.91125,0.10625,0.96125,0.21625,0.91625,0.33375,0.46875,0.14375,0.58875,0.65125,0.46875,0.65375,0.44875,0.08875,0.51375,0.81125,0.46375,0.65875,0.58875,-0.02215322,-0.023049733,0.0001387186,0.01177789
12,0.02875,0.91875,0.16375,0.27375,0.90375,0.05625,0.54625,0.24875,0.40875,0.53125,0.93375,0.50125,0.69375,0.71125,0.97125,0.14375,0.65375,0.54125,0.34375,0.11125,0.087419796,0.0812442553,0.0001487536,0.01219646
13,0.03125,0.78125,0.75125,0.75875,0.42625,0.37375,0.53375,0.00375,0.14875,0.05125,0.96625,0.84875,0.04375,0.74375,0.76875,0.41125,0.46875,0.15125,0.55375,0.06625,-0.040415216,-0.042092005,0.0000760452,0.00872039
14,0.03375,0.15625,0.09125,0.50125,0.17875,0.27625,0.97375,0.26625,0.38125,0.76875,0.26125,0.47625,0.26625,0.66125,0.96625,0.54625,0.33125,0.31125,0.82375,0.85125,-0.119947198,-0.130135013,0.0001220605,0.0110481
15,0.03625,0.50625,0.00125,0.35375,0.64375,0.97125,0.46875,0.29125,0.08875,0.49375,0.01875,0.85875,0.47625,0.77375,0.33875,0.17625,0.94125,0.87125,0.55625,0.03625,-0.042503457,-0.032943989,0.0001465433,0.01210551
16,0.03875,0.13375,0.54625,0.42375,0.33875,0.54875,0.56875,0.87625,0.41875,0.82875,0.70375,0.13125,0.40875,0.28875,0.13875,0.88625,0.32625,0.33875,0.68125,0.79625,0.12382735,0.1276179281,0.0000719266,0.00848096
17,0.04125,0.73875,0.84625,0.74375,0.37625,0.14375,0.74375,0.06875,0.88875,0.79375,0.36375,0.02375,0.10875,0.77125,0.39625,0.82125,0.06375,0.06375,0.76375,0.83875,0.151802956,0.1448568124,0.0001054126,0.01026706
18,0.04375,0.84875,0.53125,0.25875,0.91625,0.86875,0.45375,0.70375,0.27125,0.62125,0.58625,0.14875,0.59125,0.96875,0.18125,0.15875,0.04875,0.09375,0.28125,0.03375,0.0755257777,0.0662505111,0.0001319856,0.0114885
19,0.04625,0.66125,0.44875,0.48625,0.57875,0.62125,0.41625,0.16875,0.84125,0.42375,0.14875,0.53375,0.96875,0.29875,0.83125,0.84375,0.32125,0.42875,0.11625,0.01625,0.0980692206,0.0975542265,0.0000445068,0.00667134
20,0.04875,0.95875,0.98125,0.91875,0.03375,0.59375,0.08625,0.12625,0.21875,0.17375,0.98375,0.27875,0.55125,0.85625,0.31375,0.50125,0.55625,0.78875,0.78125,0.14375,-0.069334222,-0.068043188,0.0001822138,0.01349866
21,0.05125,0.80625,0.22375,0.36125,0.52875,0.66625,0.18875,0.38625,0.85375,0.90375,0.09875,0.95125,0.28875,0.07375,0.48875,0.86375,0.14625,0.75875,0.25375,0.67125,0.1792223347,0.1452718539,0.0000815838,0.00903238
22,0.05375,0.22125,0.46125,0.27875,0.63375,0.34625,0.87625,0.80125,0.74375,0.44875,0.56125,0.57625,0.45125,0.59375,0.35625,0.49125,0.29375,0.80625,0.07125,0.27875,0.0891595791,0.0996633367,0.0000670605,0.00818905
23,0.05625,0.47125,0.38875,0.88375,0.81625,0.46125,0.77125,0.39125,0.60625,0.12625,0.43125,0.90625,0.46625,0.14125,0.87125,0.40875,0.34375,0.48875,0.91125,0.00125,0.086353796,0.0819663649,0.0000764966,0.00874623
24,0.05875,0.16375,0.89625,0.58125,0.78125,0.58625,0.92375,0.24375,0.23625,0.18375,0.52625,0.51125,0.08875,0.64125,0.41625,0.37625,0.77625,0.26375,0.58875,0.83125,0.0343849068,0.0398836726,0.0001299975,0.01140164
25,0.06125,0.81875,0.62375,0.70625,0.55625,0.08875,0.81875,0.51875,0.92125,0.42875,0.30625,0.05375,0.27875,0.66875,0.42625,0.68125,0.95875,0.18625,0.41375,0.97625,0.166610821,0.174431294,0.0000854584,0.00924437
26,0.06375,0.24625,0.58125,0.44375,0.98625,0.00625,0.98875,0.79375,0.59625,0.60875,0.57875,0.03375,0.72875,0.41125,0.52375,0.36125,0.13875,0.00875,0.15375,0.13125,0.1165813105,0.114141637,0.0001476749,0.01215216
27,0.06625,0.71125,0.40125,0.62125,0.32875,0.40125,0.68125,0.72875,0.90125,0.99375,0.76375,0.64625,0.61125,0.39625,0.91375,0.69625,0.70375,0.55125,0.51625,0.55875,0.2338353564,0.2480093564,0.0000561645,0.0074943
28,0.06875,0.87625,0.77375,0.92625,0.64875,0.52125,0.10625,0.28125,0.36625,0.10375,0.57375,0.79375,0.12125,0.66375,0.40375,0.82375,0.58875,0.15375,0.24125,0.33125,-0.14635265,-0.162142234,0.0001171432,0.01082327
29,0.07125,0.98375,0.79125,0.34625,0.27125,0.50625,0.40625,0.89625,0.80875,0.93125,0.67125,0.35625,0.41125,0.10875,0.19375,0.56625,0.75125,0.47375,0.88125,0.59125,0.2230049604,0.2287326965,0.0001021508,0.01010697
30,0.07375,0.33625,0.34375,0.09875,0.16375,0.04125,0.82625,0.55375,0.11125,0.95125,0.09125,0.93375,0.56875,0.13875,0.34375,0.85125,0.09375,0.33625,0.77375,0.87875,-0.157232266,-0.1657483,0.000112567,0.01060976
31,0.07625,0.22375,0.68125,0.47375,0.57125,0.04875,0.14875,0.61375,0.71375,0.09625,0.27625,0.19125,0.51125,0.84625,0.36875,0.82875,0.57625,0.66875,0.75875,0.86875,0.0040483875,0.0038438091,0.0000748943,0.00865415
32,0.07875,0.30375,0.01625,0.93125,0.95125,0.18625,0.89875,0.50375,0.32625,0.61875,0.97375,0.05125,0.60875,0.23125,0.07875,0.38375,0.20625,0.84125,0.84875,0.29125,0.0060493609,0.0153806782,0.0001757745,0.013258
33,0.08125,0.66875,0.16875,0.92875,0.01625,0.94125,0.62125,0.75625,0.61625,0.91125,0.06375,0.67125,0.82625,0.71875,0.56375,0.18375,0.78625,0.90625,0.83875,0.35875,0.1732573935,0.1695071292,0.0001444027,0.01201677
34,0.08375,0.99625,0.32875,0.51125,0.46375,0.58125,0.01625,0.00875,0.72125,0.94625,0.62125,0.47875,0.37875,0.32125,0.69125,0.11875,0.59125,0.89625,0.12625,0.37375,0.0025761346,0.0274584489,0.0000999724,0.00999862
35,0.08625,0.84125,0.83875,0.58875,0.10625,0.48125,0.74125,0.59375,0.09375,0.92375,0.06875,0.83125,0.53125,0.83875,0.22125,0.48375,0.22875,0.59625,0.86875,0.35125,0.144955782,0.1376938784,0.000112512,0.01060717
36,0.08875,0.81125,0.85625,0.23625,0.48375,0.72125,0.29125,0.20625,0.70125,0.26375,0.33375,0.43375,0.29875,0.61125,0.15125,0.88875,0.38125,0.27125,0.48625,0.06375,0.0555748822,0.0618172159,0.0000698541,0.00835787
37,0.09125,0.72625,0.91625,0.07375,0.99875,0.05375,0.15125,0.32375,0.39625,0.06125,0.28375,0.52125,0.45375,0.52625,0.67375,0.29375,0.47125,0.63375,0.19125,0.75875,0.0000909531,0.0025389704,0.000183966,0.01356341
38,0.09375,0.02375,0.42125,0.77875,0.02875,0.78875,0.71875,0.75375,0.31125,0.54375,0.50875,0.01875,0.25625,0.98625,0.30125,0.98125,0.53125,0.43625,0.22875,0.16125,0.0573033907,0.044550458,0.0001470259,0.01212542
39,0.09625,0.77625,0.45875,0.02125,0.10375,0.25625,0.65375,0.30625,0.23125,0.45125,0.07625,0.69875,0.81375,0.21875,0.56125,0.32875,0.67125,0.62875,0.62625,0.85375,-0.03618316,-0.039458253,0.0001068413,0.01033641
40,0.09875,0.36375,0.94125,0.61125,0.31875,0.91375,0.31875,0.58625,0.06875,0.74375,0.96875,0.86625,0.21625,0.10625,0.40875,0.34125,0.16875,0.45125,0.78625,0.70125,0.0495632189,0.0600638135,0.0001098521,0.01048103
41,0.10125,0.26625,0.02625,0.94875,0.19625,0.84625,0.17875,0.37125,0.20125,0.17625,0.54375,0.32875,0.87375,0.26875,0.53875,0.99875,0.99875,0.66375,0.87375,0.00875,-0.044450596,-0.046938969,0.000144391,0.01201628
42,0.10375,0.26375,0.73875,0.09625,0.93375,0.88125,0.34875,0.97875,0.24875,0.84375,0.32125,0.87625,0.71625,0.60875,0.78375,0.33375,0.76625,0.88625,0.06875,0.76375,0.1319185816,0.1270057225,0.0001360943,0.01166594
43,0.10625,0.44375,0.37375,0.76375,0.35875,0.57625,0.83875,0.90125,0.48125,0.60125,0.41625,0.87375,0.18875,0.35625,0.06375,0.69125,0.50125,0.64125,0.37125,0.35625,0.1751294799,0.1645542546,0.0000409469,0.00639898
44,0.10875,0.16125,0.01125,0.83875,0.36375,0.85625,0.77375,0.41125,0.39375,0.40875,0.63875,0.88125,0.36875,0.57625,0.68875,0.11625,0.01875,0.13125,0.50125,0.86125,0.0171230134,0.0250050605,0.0001245275,0.01115919
45,0.11125,0.15875,0.64125,0.65125,0.04125,0.33875,0.90625,0.01875,0.32125,0.92125,0.81625,0.51625,0.04875,0.32875,0.74125,0.60375,0.60625,0.52375,0.96875,0.89875,-0.04143182,-0.029343753,0.0001239753,0.01113442
46,0.11375,0.68625,0.41375,0.72625,0.12375,0.72625,0.52375,0.53125,0.06375,0.07375,0.63375,0.18125,0.91125,0.91125,0.74875,0.47875,0.90875,0.28375,0.54125,0.25125,-0.008996029,-0.002142861,0.0000613177,0.00783056
47,0.11625,0.54875,0.82125,0.40875,0.24125,0.79625,0.02375,0.23125,0.33625,0.67375,0.23375,0.95625,0.58625,0.09625,0.02875,0.64875,0.47625,0.64375,0.32375,0.79125,0.0090419073,0.0203132776,0.0000807574,0.00898651
48,0.11875,0.18875,0.50125,0.80125,0.60875,0.00875,0.49625,0.92375,0.33875,0.17125,0.18125,0.72125,0.93375,0.16375,0.26625,0.40125,0.48375,0.73125,0.63375,0.71125,0.0925936727,0.1057509941,0.0000822684,0.00907019
49,0.12125,0.96875,0.41875,0.44875,0.24625,0.30125,0.70875,0.92125,0.15625,0.22375,0.45125,0.85125,0.11625,0.63125,0.75125,0.70375,0.71875,0.38625,0.70125,0.10625,0.0936114593,0.1026473936,0.0000756869,0.00869982
50,0.12375,0.14625,0.55375,0.93375,0.56125,0.67625,0.90875,0.88125,0.65625,0.02125,0.97125,0.09625,0.20625,0.63375,0.29125,0.15375,0.25125,0.86125,0.94875,0.48125,0.122587037,0.1284846224,0.0001116691,0.01056736
51,0.12625,0.66375,0.28625,0.68125,0.30625,0.38125,0.96625,0.79625,0.16375,0.09125,0.73875,0.59875,0.80125,0.20875,0.05125,0.97875,0.35125,0.25625,0.01875,0.43625,0.0643965768,0.0576463893,0.0000603233,0.00776681
52,0.12875,0.99875,0.04625,0.85875,0.54125,0.52625,0.89375,0.11875,0.43125,0.69875,0.15875,0.44375,0.00375,0.25875,0.63375,0.31625,0.45375,0.50125,0.76875,0.52625,0.067429809,0.0574817158,0.000134155,0.01158253
53,0.13125,0.12875,0.15375,0.31375,0.78375,0.68375,0.05625,0.94375,0.41375,0.37625,0.82625,0.75875,0.14875,0.17625,0.59875,0.17375,0.69625,0.04375,0.52875,0.15125,0.0175221914,0.0161673965,0.0001336961,0.0115627
54,0.13375,0.88625,0.12125,0.73125,0.09625,0.64625,0.68875,0.21875,0.11375,0.84125,0.78875,0.75625,0.70375,0.74625,0.69875,0.63875,0.36875,0.94625,0.61625,0.44875,0.071286002,0.0658247968,0.0001096083,0.0104694
55,0.13625,0.49625,0.31875,0.90375,0.25375,0.78375,0.62375,0.48625,0.62875,0.35125,0.47375,0.12125,0.21125,0.18125,0.25875,0.08125,0.93125,0.94125,0.27625,0.34375,0.0492963713,0.0676223929,0.000055869,0.00747456
56,0.13875,0.48125,0.80625,0.64625,0.21875,0.01875,0.73625,0.82375,0.54125,0.20375,0.92625,0.28875,0.60375,0.42375,0.81875,0.95375,0.65625,0.64625,0.62125,0.68375,0.1145455449,0.1136076743,0.0000985508,0.00992728
57,0.14125,0.68125,0.36125,0.53125,0.00375,0.78125,0.48125,0.65125,0.26375,0.22875,0.03875,0.91375,0.34125,0.02125,0.72375,0.46375,0.19625,0.81375,0.69375,0.59375,0.0428850684,0.0402050071,0.0000830754,0.00911457
58,0.14375,0.14125,0.76375,0.46625,0.35625,0.20875,0.91125,0.65375,0.71875,0.15875,0.90875,0.96375,0.44875,0.23875,0.60375,0.08375,0.35375,0.54875,0.77125,0.98625,0.075345471,0.0559684921,0.0000940732,0.00969913
59,0.14625,0.71375,0.03875,0.12375,0.71625,0.36875,0.84125,0.49875,0.40625,0.55125,0.92375,0.93625,0.81125,0.70375,0.19875,0.80125,0.70125,0.29375,0.35875,0.76625,0.0005482266,0.0229312862,0.0001040523,0.0102006
60,0.14875,0.76375,0.99875,0.18125,0.39375,0.86125,0.57625,0.93375,0.67875,0.36625,0.61125,0.10375,0.77625,0.09375,0.87375,0.52875,0.63625,0.22125,0.66875,0.62125,0.1538772,0.1511321669,0.0001337251,0.01156396
61,0.15125,0.12625,0.30625,0.30375,0.63875,0.06375,0.80875,0.09875,0.35125,0.52125,0.64875,0.13625,0.86625,0.78375,0.51125,0.12875,0.87125,0.10375,0.47375,0.41125,-0.04034611,-0.073379695,0.0000877965,0.00936998
62,0.15375,0.08125,0.88875,0.36625,0.75875,0.39125,0.08875,0.31875,0.88125,0.50875,0.90625,0.84125,0.80375,0.87125,0.61875,0.39375,0.56375,0.69875,0.88875,0.63375,0.0599734765,0.0492229453,0.0000945338,0.00972285
63,0.15625,0.09875,0.31625,0.66875,0.20875,0.44625,0.76375,0.02125,0.22375,0.58125,0.22125,0.89625,0.78875,0.51875,0.73625,0.79625,0.92375,0.06625,0.07625,0.36875,0.0109897933,0.0050948881,0.0000684375,0.0082727
64,0.15875,0.58875,0.86625,0.29875,0.65875,0.23875,0.11875,0.01375,0.18875,0.65625,0.54875,0.35875,0.64625,0.71375,0.57125,0.40375,0.18375,0.65125,0.51875,0.04375,0.009285443,0.015762407,0.0000724168,0.00850981
65,0.16125,0.69125,0.53375,0.87625,0.45625,0.43375,0.94125,0.07875,0.42375,0.39375,0.60125,0.07875,0.39125,0.16875,0.65625,0.74625,0.87625,0.21875,0.26875,0.40125,-0.000254559,-0.013320922,0.0000579894,0.00761508
66,0.16375,0.87125,0.24875,0.97125,0.87125,0.02375,0.80375,0.62125,0.52875,0.57375,0.91625,0.36625,0.18375,0.75625,0.05625,0.42625,0.17875,0.62125,0.57625,0.67875,0.106445441,0.0998777747,0.0001186365,0.01089204
67,0.16625,0.67875,0.67125,0.97875,0.07875,0.47625,0.35375,0.71125,0.86875,0.05875,0.78625,0.73625,0.76875,0.26375,0.75375,0.02875,0.05625,0.43375,0.02625,0.67625,0.087503098,0.0973022836,0.0001126256,0.01061252
68,0.16875,0.31625,0.56375,0.21875,0.91875,0.07875,0.17625,0.21125,0.56375,0.39125,0.32875,0.10875,0.83625,0.06625,0.90875,0.93625,0.03625,0.54625,0.40125,0.68875,-0.016363417,-0.017519693,0.0001019749,0.01009826
69,0.17125,0.58125,0.37875,0.20125,0.22875,0.79125,0.80625,0.45375,0.46875,0.65125,0.77875,0.19875,0.14625,0.53625,0.52875,0.94875,0.84625,0.19875,0.43125,0.73375,0.1120053995,0.1170818956,0.000060777,0.00779596
70,0.17375,0.20125,0.68375,0.36875,0.23875,0.07375,0.06625,0.13375,0.28125,0.04875,0.00625,0.47125,0.89375,0.78625,0.78125,0.86875,0.48875,0.14125,0.17125,0.07625,-0.167143391,-0.185812125,0.0000956673,0.00978097
71,0.17625,0.72125,0.52375,0.81875,0.52375,0.96625,0.61875,0.50625,0.01375,0.34625,0.46375,0.23625,0.98375,0.11375,0.99125,0.26125,0.63125,0.59875,0.15125,0.91125,-0.195017908,-0.186740728,0.0000744164,0.00862649
72,0.17875,0.61125,0.21125,0.49375,0.32375,0.11875,0.67875,0.60625,0.31625,0.23125,0.22875,0.68375,0.69625,0.34625,0.66625,0.37125,0.96125,0.35875,0.81375,0.11875,0.0720111819,0.0667930728,0.0000511116,0.00714924
73,0.18125,0.28125,0.06125,0.06125,0.38375,0.56125,0.98625,0.58375,0.94625,0.32125,0.60625,0.15875,0.15625,0.88375,0.94875,0.84625,0.24875,0.12875,0.63625,0.00625,-0.009503678,-0.024522376,0.0001059833,0.01029482
74,0.18375,0.55625,0.17375,0.05125,0.20375,0.24375,0.95625,0.95125,0.87375,0.87375,0.30375,0.77875,0.27625,0.93875,0.82625,0.13375,0.75625,0.79625,0.82625,0.72125,0.1027721267,0.0901967491,0.0000867972,0.0093165
75,0.18625,0.69875,0.90375,0.01125,0.14125,0.84875,0.26375,0.42875,0.73625,0.59375,0.53875,0.01375,0.43625,0.12125,0.71375,0.80875,0.36625,0.39375,0.85625,0.26375,0.1299298952,0.1317069641,0.000126076,0.01122836
76,0.18875,0.70875,0.25125,0.14125,0.33125,0.12875,0.78875,0.74875,0.68875,0.50125,0.42875,0.24625,0.59625,0.59125,0.89875,0.18125,0.25625,0.68625,0.34875,0.98875,0.1132092513,0.123310351,0.0000527977,0.00726621
77,0.19125,0.01625,0.47875,0.24375,0.59125,0.09625,0.65625,0.78125,0.65375,0.08625,0.34125,0.42625,0.30375,0.16625,0.22625,0.41625,0.86125,0.47125,0.85875,0.12375,-0.019037407,-0.031405999,0.0000753858,0.0086825
78,0.19375,0.25875,0.08875,0.73875,0.56875,0.39375,0.26875,0.23625,0.85875,0.19625,0.79375,0.73125,0.92875,0.69875,0.46625,0.32625,0.88375,0.58875,0.22625,0.81125,0.0585616231,0.0433121589,0.0000785159,0.00886092
79,0.19625,0.34625,0.25375,0.83375,0.02625,0.67875,0.30375,0.22625,0.43625,0.91875,0.31625,0.33625,0.41625,0.44125,0.92875,0.23375,0.20125,0.78625,0.49375,0.15875,0.072492619,0.0858126164,0.0001028578,0.01014188
80,0.19875,0.75625,0.21875,0.91125,0.68625,0.46375,0.97625,0.64125,0.13625,0.20875,0.93125,0.86125,0.55625,0.98375,0.15875,0.94625,0.85625,0.05625,0.00375,0.01125,-0.028561645,-0.015587157,0.0000840346,0.00916704
81,0.20125,0.06375,0.50875,0.32375,0.54625,0.10375,0.00625,0.51625,0.46125,0.71375,0.31125,0.35375,0.97875,0.98125,0.10125,0.95625,0.14875,0.01125,0.39125,0.28125,-0.099913495,-0.068269989,0.0000937816,0.00968409
82,0.20375,0.93125,0.08625,0.26125,0.11625,0.19125,0.54875,0.99875,0.66625,0.83875,0.14125,0.60375,0.16875,0.73625,0.34125,0.03375,0.57375,0.69625,0.69625,0.97125,0.146095983,0.1375041082,0.0001163235,0.01078534
83,0.20625,0.52625,0.54375,0.48125,0.49375,0.41375,0.40875,0.49125,0.53875,0.65875,0.76875,0.98625,0.74375,0.06375,0.33375,0.83125,0.59375,0.68125,0.24625,0.20625,0.118887729,0.1233771657,0.0000260705,0.00510593
84,0.20875,0.74125,0.35375,0.64375,0.84125,0.56375,0.62875,0.27125,0.77875,0.26875,0.35125,0.32375,0.00875,0.34375,0.67875,0.81875,0.44875,0.15875,0.45625,0.70875,0.0237700086,0.0313027872,0.000044521,0.00667241
85,0.21125,0.59375,0.90625,0.72375,0.07125,0.48875,0.39125,0.31375,0.42875,0.00375,0.00875,0.86875,0.32125,0.32625,0.79125,0.14875,0.76125,0.69125,0.66125,0.72625,0.0140674457,0.0195881814,0.0000918936,0.00958611
86,0.21375,0.94125,0.71625,0.41375,0.88875,0.93875,0.09375,0.52125,0.57875,0.26125,0.46625,0.68875,0.54875,0.59625,0.82125,0.51875,0.57875,0.12125,0.74125,0.80125,-0.141063811,-0.137834743,0.000116026,0.01077154
87,0.21625,0.88375,0.38375,0.65375,0.88125,0.15125,0.46375,0.31125,0.91875,0.04125,0.56875,0.81375,0.94375,0.93375,0.18375,0.74375,0.70875,0.76625,0.49125,0.55125,0.0533454892,0.0629853252,0.0000857164,0.00925832
88,0.21875,0.29375,0.49375,0.96625,0.31375,0.31375,0.10875,0.15625,0.75125,0.31625,0.38875,0.92625,0.07875,0.28125,0.87875,0.61125,0.09625,0.82125,0.40875,0.30875,0.0481680071,0.0416558468,0.0000811628,0.00900904
89,0.22125,0.60875,0.45625,0.79125,0.23625,0.53375,0.12375,0.37625,0.90875,0.67125,0.83875,0.54375,0.84125,0.33375,0.48375,0.53125,0.88625,0.30875,0.26375,0.32125,0.0884770596,0.0888857617,0.0000534131,0.00730843
90,0.22375,0.34125,0.92375,0.87875,0.08625,0.73125,0.59125,0.36375,0.40375,0.80875,0.95375,0.66125,0.87875,0.99875,0.28125,0.95875,0.74625,0.58375,0.30375,0.44125,0.0975637995,0.0944692819,0.0001360502,0.01166405
91,0.22625,0.36125,0.39625,0.43875,0.21375,0.30875,0.64375,0.03625,0.80625,0.25375,0.00375,0.84625,0.95875,0.56875,0.67125,0.64625,0.32375,0.08625,0.97375,0.71875,0.0532111456,0.0434190253,0.000043232,0.00657511
92,0.22875,0.43125,0.70125,0.88125,0.47125,0.47375,0.71375,0.30875,0.97875,0.72625,0.17625,0.39125,0.48375,0.33125,0.30375,0.00625,0.03125,0.76875,0.75625,0.54375,0.1256889672,0.1352940546,0.0000566717,0.00752806
93,0.23125,0.59125,0.09375,0.63625,0.25875,0.33375,0.91875,0.55625,0.97625,0.54125,0.25375,0.79875,0.42625,0.54375,0.14875,0.62625,0.54125,0.34375,0.18625,0.15375,0.1632046889,0.1437640979,0.0000661235,0.00813164
94,0.23375,0.24375,0.13625,0.81375,0.46125,0.35375,0.55625,0.97375,0.37125,0.38375,0.70875,0.93875,0.92375,0.15125,0.06125,0.01625,0.06125,0.51375,0.39875,0.18625,0.1203050255,0.1240321691,0.0000539447,0.00734471
95,0.23625,0.03625,0.33875,0.10625,0.36125,0.89375,0.55375,0.77625,0.64375,0.79125,0.02625,0.19375,0.98125,0.54875,0.90125,0.71625,0.64625,0.70375,0.94625,0.63125,0.1289185559,0.142117442,0.0001039117,0.01019371
96,0.23875,0.79875,0.83125,0.37625,0.62375,0.08625,0.22625,0.12875,0.89875,0.10875,0.17875,0.04375,0.08125,0.18625,0.94625,0.77875,0.62375,0.37125,0.54625,0.42125,0.0903326444,0.0882005856,0.0000700951,0.00837228
97,0.24125,0.95375,0.21625,0.34125,0.19375,0.77375,0.26125,0.59625,0.34125,0.21875,0.64375,0.90875,0.95125,0.49125,0.98375,0.25625,0.91875,0.17625,0.09625,0.31375,0.0218362893,0.0244888472,0.0000742415,0.00861635
98,0.24375,0.53625,0.26125,0.54625,0.96625,0.25125,0.11375,0.89875,0.58875,0.52375,0.36875,0.70375,0.27125,0.85875,0.29625,0.49875,0.16375,0.58625,0.64125,0.05125,0.1250892509,0.1126340093,0.000098065,0.00990278
99,0.24625,0.04125,0.72125,0.08875,0.80375,0.49125,0.56625,0.04875,0.67125,0.21125,0.16125,0.80875,0.63375,0.84375,0.09375,0.31375,0.21125,0.71625,0.52125,0.85875,-0.032816792,-0.016594973,0.0000890039,0.00943419
100,0.24875,0.36625,0.96625,0.06625,0.92875,0.95125,0.75875,0.01125,0.51625,0.24875,0.18875,0.48375,0.49375,0.68625,0.35375,0.81375,0.04375,0.04625,0.51125,0.43125,0.0171760214,0.0200223453,0.0001671256,0.01292771
101,0.25125,0.18375,0.69375,0.26375,0.85625,0.44375,0.48375,0.33125,0.14625,0.60625,0.83375,0.71625,0.75125,0.14875,0.53375,0.78125,0.39125,0.63125,0.28375,0.02625,0.0429459167,0.0482560127,0.0000498739,0.00706214
102,0.25375,0.69625,0.97125,0.86375,0.71125,0.68875,0.31625,0.43625,0.66125,0.61125,0.00125,0.96875,0.71875,0.99125,0.92375,0.50625,0.39375,0.97875,0.93125,0.08375,-0.099298622,-0.092369541,0.0001244429,0.0111554
103,0.25625,0.88125,0.72375,0.21625,0.19125,0.64125,0.90375,0.47375,0.96375,0.71875,0.89625,0.94625,0.12625,0.89625,0.56625,0.16875,0.92625,0.49875,0.19625,0.34875,0.1714001948,0.1772317809,0.0000939269,0.00969159
104,0.25875,0.29125,0.96875,0.03875,0.03875,0.34375,0.13625,0.71375,0.51875,0.35625,0.02875,0.66375,0.28125,0.01875,0.28875,0.99125,0.61625,0.32125,0.80625,0.60375,-0.154302454,-0.144479299,0.0001597424,0.01263892
105,0.26125,0.68375,0.27875,0.22125,0.16125,0.91875,0.38625,0.06125,0.81625,0.29875,0.18375,0.46125,0.73875,0.80625,0.53125,0.55625,0.24625,0.86625,0.56625,0.65625,0.055253762,0.0569401414,0.0000793359,0.00890707
106,0.26375,0.33375,0.27375,0.22375,0.55125,0.74375,0.48625,0.61875,0.65875,0.89875,0.44375,0.40375,0.60625,0.60375,0.54875,0.06875,0.16125,0.35125,0.26125,0.41625,0.1631593176,0.1679019873,0.0000430672,0.00656256
107,0.26625,0.44875,0.00875,0.14875,0.28875,0.64375,0.78375,0.85875,0.95125,0.25625,0.77625,0.70875,0.78125,0.14625,0.36375,0.05625,0.41125,0.78375,0.35125,0.89625,0.0102294798,0.0495545933,0.0000965256,0.00982474
108,0.26875,0.08375,0.77625,0.71375,0.92625,0.50875,0.67625,0.92625,0.84375,0.23875,0.11875,0.52625,0.91875,0.27125,0.96875,0.67625,0.82125,0.67875,0.70625,0.27125,0.1975877365,0.1916470345,0.000086695,0.00931102
109,0.27125,0.29875,0.36625,0.82375,0.12625,0.02625,0.63875,0.77125,0.02125,0.73875,0.46125,0.01125,0.05125,0.50375,0.13125,0.02125,0.72375,0.60625,0.23625,0.22625,0.0716691915,0.0732202869,0.0001008836,0.01004408
110,0.27375,0.36875,0.04125,0.16625,0.50125,0.69875,0.15875,0.36125,0.69375,0.31125,0.88375,0.98875,0.66625,0.20625,0.66125,0.18625,0.16625,0.87875,0.59625,0.29625,-0.011665646,-0.02363704,0.0000931097,0.00964934
111,0.27625,0.34875,0.33375,0.37875,0.00875,0.23375,0.96875,0.84625,0.24125,0.32625,0.65625,0.45375,0.76375,0.18375,0.31125,0.67375,0.76375,0.02875,0.46875,0.09625,-0.128813228,-0.083061821,0.000101478,0.01007363
112,0.27875,0.52375,0.52125,0.86875,0.89375,0.72375,0.30875,0.17375,0.96875,0.44125,0.48375,0.04625,0.77875,0.01625,0.98875,0.57625,0.12875,0.23125,0.36875,0.71625,-0.029309868,-0.044750771,0.0000637494,0.00798433
113,0.28125,0.00375,0.86875,0.01875,0.87875,0.13625,0.67125,0.40125,0.35875,0.89125,0.50625,0.57125,0.04625,0.93625,0.44375,0.35375,0.53625,0.40625,0.99375,0.01375,-0.046831962,-0.043773785,0.0001498752,0.01224235
114,0.28375,0.38375,0.33125,0.72875,0.17625,0.36625,0.35875,0.05625,0.99375,0.62375,0.87375,0.19625,0.42875,0.73125,0.90625,0.10125,0.27125,0.83625,0.02875,0.13375,0.1263718153,0.1115530632,0.0000503088,0.00709287
115,0.28625,0.91375,0.22125,0.24125,0.16625,0.59875,0.09125,0.29875,0.30875,0.47625,0.22375,0.98125,0.70875,0.00875,0.13375,0.58375,0.56125,0.16875,0.45875,0.63625,0.0149334581,0.0130067788,0.0000712675,0.00844201
116,0.28875,0.97625,0.08375,0.86625,0.84625,0.64875,0.47125,0.27875,0.04375,0.59625,0.38625,0.01625,0.58125,0.22625,0.76125,0.21875,0.33375,0.91375,0.83375,0.67375,-0.10992089,-0.107881929,0.0001258116,0.01121658
117,0.29125,0.15375,0.94375,0.35875,0.79375,0.80375,0.89125,0.51375,0.95875,0.94875,0.04125,0.41125,0.11125,0.35125,0.85875,0.95125,0.11125,0.08375,0.22125,0.74875,0.1911340707,0.1924517638,0.0001236571,0.01112012
118,0.29375,0.79375,0.93125,0.14625,0.46625,0.41875,0.32375,0.13625,0.55125,0.69125,0.84125,0.78625,0.50625,0.20125,0.29875,0.50375,0.69375,0.84875,0.04125,0.59875,0.0933599218,0.1012513247,0.0000715473,0.00845856
119,0.29625,0.52875,0.59625,0.67875,0.18625,0.45625,0.96125,0.48125,0.07875,0.25125,0.02375,0.48625,0.10125,0.38375,0.10625,0.33875,0.68375,0.38375,0.45125,0.92875,0.0252378208,0.0211433864,0.0000496319,0.00704499
120,0.29875,0.35875,0.43125,0.95625,0.79125,0.25875,0.08125,0.90625,0.93375,0.23375,0.62625,0.34375,0.39875,0.38875,0.14625,0.44625,0.74875,0.47625,0.05125,0.19375,0.1021524807,0.1094749087,0.0000796266,0.00892337
121,0.30125,0.54375,0.77125,0.55375,0.87625,0.95375,0.66625,0.63875,0.65125,0.10125,0.61875,0.75375,0.10375,0.11625,0.39875,0.57375,0.51875,0.60875,0.48875,0.80875,-0.055549585,-0.044368851,0.0000793493,0.00890782
122,0.30375,0.52125,0.96125,0.58375,0.99125,0.73875,0.18125,0.17625,0.55875,0.90625,0.20125,0.11875,0.13125,0.82625,0.41875,0.77375,0.23875,0.82375,0.06125,0.94875,0.0159896182,0.0008383194,0.0001406375,0.01185907
123,0.30625,0.51125,0.24375,0.52125,0.61375,0.48625,0.04375,0.42125,0.45375,0.37875,0.47625,0.07125,0.36375,0.87875,0.07375,0.27125,0.17625,0.11625,0.67375,0.90625,0.0023771607,0.0183031602,0.0000448722,0.00669867
124,0.30875,0.24125,0.82875,0.36375,0.53625,0.57375,0.07625,0.06625,0.98375,0.53625,0.16625,0.72375,0.78375,0.42625,0.19125,0.52125,0.04625,0.38125,0.79375,0.51625,0.0650123567,0.0720419884,0.0000528386,0.00726901
125,0.31125,0.92125,0.22875,0.85625,0.98875,0.12125,0.27125,0.59125,0.68125,0.79625,0.58125,0.40875,0.85375,0.25625,0.49125,0.32125,0.00875,0.31875,0.33375,0.68125,0.0636027637,0.0643542277,0.0001273138,0.01128334
126,0.31375,0.46375,0.18125,0.18625,0.03625,0.17875,0.54125,0.45125,0.92625,0.01125,0.80375,0.80625,0.48125,0.68875,0.27875,0.88125,0.38875,0.12625,0.46125,0.14625,-0.136551524,-0.117157766,0.0001070648,0.01034721
127,0.31625,0.90625,0.15625,0.04125,0.08875,0.65375,0.88875,0.81625,0.36875,0.78625,0.03625,0.92875,0.72375,0.57375,0.59375,0.07875,0.98875,0.57375,0.64375,0.65375,0.1404266833,0.1394961949,0.0001348367,0.01161192
128,0.31875,0.48875,0.35125,0.43125,0.82375,0.82125,0.02125,0.19375,0.16625,0.11125,0.59125,0.66625,0.57625,0.00375,0.16125,0.72375,0.71125,0.20125,0.72125,0.82375,-0.139036185,-0.115481724,0.0000727086,0.00852693
129,0.32125,0.01375,0.11875,0.69875,0.69375,0.85875,0.92125,0.79125,0.83125,0.69375,0.69125,0.62375,0.02375,0.48875,0.83875,0.59375,0.13625,0.84375,0.59125,0.98125,0.1980407556,0.184247813,0.0001192374,0.01091959
130,0.32375,0.04875,0.01875,0.73375,0.44375,0.08375,0.98375,0.05375,0.93875,0.49125,0.03125,0.04125,0.86875,0.58125,0.45875,0.26375,0.13125,0.57875,0.34625,0.56375,-0.086640711,-0.049279319,0.0001298436,0.01139489
131,0.32625,0.31125,0.44625,0.72125,0.76625,0.77625,0.35625,0.49625,0.70875,0.39875,0.53625,0.58125,0.83875,0.09125,0.67625,0.76625,0.66375,0.04875,0.96375,0.59625,0.0664683221,0.0561075872,0.0000320971,0.00566543
132,0.32875,0.48625,0.38125,0.28875,0.51375,0.35625,0.82375,0.11125,0.53125,0.87875,0.04875,0.47375,0.64125,0.72875,0.41125,0.09125,0.63375,0.57125,0.20125,0.88125,0.1071964071,0.1231935361,0.0000396695,0.00629837
133,0.33125,0.38625,0.52625,0.87375,0.86375,0.06625,0.75125,0.50875,0.82125,0.16625,0.13875,0.39875,0.02625,0.04125,0.85375,0.84875,0.33625,0.67125,0.71875,0.38375,0.1123848189,0.1136064808,0.000073095,0.00854956
134,0.33375,0.50875,0.88375,0.67375,0.57625,0.18375,0.43875,0.19125,0.09875,0.90125,0.05375,0.30375,0.99125,0.76875,0.86125,0.91625,0.66125,0.75375,0.68375,0.33875,0.0452187841,0.0530447647,0.0000596699,0.00772463
135,0.33625,0.05875,0.92125,0.78625,0.81875,0.16125,0.16125,0.59875,0.29875,0.30125,0.06125,0.34875,0.16375,0.81875,0.90375,0.90625,0.15875,0.31375,0.89875,0.57625,0.0655800296,0.0665356101,0.0001187286,0.01089627
136,0.33875,0.59625,0.44125,0.99875,0.91125,0.48375,0.21375,0.67625,0.48875,0.21625,0.17125,0.06625,0.90625,0.97625,0.05375,0.18875,0.49875,0.42625,0.02375,0.43375,-0.097328838,-0.103987974,0.0000807077,0.00898375
137,0.34125,0.25625,0.57625,0.27625,0.74625,0.15625,0.42875,0.77375,0.48625,0.13875,0.09625,0.43625,0.36125,0.53125,0.03875,0.30875,0.12375,0.85375,0.31375,0.08625,0.0527761217,0.0624350043,0.0000437608,0.00661519
138,0.34375,0.14375,0.31375,0.76625,0.78625,0.70375,0.22125,0.62375,0.05125,0.74625,0.71875,0.23125,0.89625,0.45375,0.09625,0.87625,0.00625,0.91625,0.62875,0.61125,0.0605511531,0.0536628558,0.0000784002,0.00885439
139,0.34625,0.80375,0.74625,0.86125,0.67875,0.65125,0.49875,0.68375,0.04625,0.07125,0.55125,0.70625,0.72625,0.73375,0.24875,0.42125,0.52625,0.19125,0.08125,0.95625,-0.252998763,-0.254293138,0.0000575954,0.00758916
140,0.34875,0.85875,0.63125,0.75375,0.10875,0.76625,0.37125,0.15125,0.42625,0.69625,0.23875,0.91125,0.24125,0.79375,0.17625,0.56125,0.72625,0.90875,0.71625,0.87625,-0.043539384,-0.052227358,0.0000719104,0.00848
141,0.35125,0.19375,0.79625,0.26875,0.77625,0.12625,0.99125,0.89125,0.70625,0.14125,0.73375,0.09125,0.06125,0.40625,0.13625,0.99375,0.49375,0.22875,0.01375,0.49875,0.0977860936,0.0983637899,0.0000926104,0.00962343
142,0.35375,0.37125,0.43875,0.82875,0.80125,0.98625,0.04125,0.10625,0.82625,0.51875,0.58375,0.36875,0.06875,0.89375,0.64125,0.97625,0.31375,0.30375,0.04875,0.60625,-0.141409225,-0.13598411,0.0000926274,0.00962431
143,0.35625,0.12125,0.60375,0.04625,0.26375,0.54625,0.76875,0.53625,0.43875,0.94375,0.21875,0.69375,0.65125,0.65625,0.26875,0.60125,0.54875,0.24375,0.75125,0.71375,0.0808214845,0.0812492294,0.0000668744,0.00817768
144,0.35875,0.64375,0.78125,0.45625,0.62625,0.76125,0.93625,0.54625,0.05625,0.12375,0.87875,0.22625,0.64875,0.03375,0.54125,0.54375,0.43125,0.27375,0.98625,0.84375,-0.063190597,-0.070144704,0.0000592452,0.00769709
145,0.36125,0.23875,0.38625,0.21125,0.50375,0.81625,0.42625,0.32875,0.35375,0.00125,0.40125,0.58375,0.45875,0.79875,0.99375,0.07125,0.84875,0.26125,0.17375,0.26875,0.0280691075,0.0184111902,0.0000565409,0.00751937
146,0.36375,0.06625,0.02125,0.59875,0.27625,0.89625,0.29875,0.22875,0.82875,0.77875,0.59875,0.71875,0.13875,0.40375,0.38625,0.78375,0.94875,0.16375,0.91875,0.30125,0.0822026891,0.0898509264,0.0001268891,0.01126451
147,0.36625,0.37875,0.21375,0.30875,0.68125,0.95625,0.67375,0.03125,0.32875,0.53375,0.43625,0.22125,0.17625,0.66625,0.68125,0.24375,0.88875,0.98875,0.72625,0.88375,0.0134202355,0.011241105,0.0000587837,0.00766705
148,0.36875,0.30875,0.88625,0.20875,0.35125,0.43875,0.80125,0.99125,0.77125,0.78125,0.69875,0.09375,0.86125,0.96125,0.04875,0.76125,0.98625,0.95375,0.75375,0.34125,0.2048416504,0.2050417681,0.0000770759,0.00877929
149,0.37125,0.74875,0.34875,0.45125,0.09875,0.88625,0.87375,0.74125,0.60375,0.27875,0.18625,0.59625,0.93875,0.83375,0.55125,0.05375,0.28875,0.46875,0.36375,0.17625,0.0704352828,0.067096943,0.0000639357,0.00799598
150,0.37375,0.27125,0.71125,0.03625,0.29375,0.15875,0.85125,0.71625,0.95375,0.84875,0.24625,0.31125,0.14125,0.55875,0.17875,0.96125,0.79375,0.08125,0.42625,0.16875,0.1233210887,0.1292556403,0.000089661,0.00946895
151,0.37625,0.86875,0.65375,0.16375,0.07625,0.59125,0.16625,0.84875,0.00375,0.72125,0.54625,0.56625,0.01375,0.20375,0.80875,0.89375,0.73875,0.69375,0.09375,0.02875,0.0861867031,0.0802066555,0.0001044307,0.01021913
152,0.37875,0.64625,0.07375,0.89875,0.43375,0.28125,0.60875,0.50125,0.34875,0.41625,0.01375,0.17625,0.71375,0.33875,0.02375,0.24125,0.89875,0.68375,0.79125,0.64625,0.0641438412,0.0627806219,0.000059897,0.00773932
153,0.38125,0.99125,0.57375,0.65875,0.48875,0.79375,0.65125,0.18375,0.32375,0.63125,0.01625,0.12875,0.34625,0.95375,0.71625,0.17875,0.67625,0.06875,0.14375,0.45875,-0.252492954,-0.254714639,0.0000553721,0.00744124
154,0.38375,0.75125,0.49875,0.81625,0.22375,0.73375,0.81375,0.83625,0.56625,0.16375,0.06625,0.89125,0.32875,0.05625,0.12375,0.66875,0.30375,0.55875,0.44625,0.90125,-0.055113997,-0.053316948,0.0000536956,0.00732773
155,0.38625,0.03375,0.76625,0.49625,0.03125,0.06875,0.07375,0.60375,0.08125,0.28125,0.39625,0.74375,0.31875,0.34875,0.97625,0.64125,0.19375,0.50375,0.31875,0.05875,-0.230741854,-0.212258137,0.000141771,0.01190676
156,0.38875,0.24875,0.66125,0.75125,0.65625,0.05875,0.66875,0.91875,0.26125,0.99875,0.29125,0.82125,0.43125,0.67125,0.47875,0.94375,0.79125,0.97625,0.48375,0.84125,0.1922002235,0.1840919416,0.0000743504,0.00862266
157,0.39125,0.61875,0.50625,0.44125,0.07375,0.31125,0.94625,0.18125,0.31875,0.86625,0.28625,0.44875,0.67125,0.64625,0.59125,0.14625,0.10375,0.45875,0.37625,0.79375,0.0836153263,0.0842151786,0.0000672015,0.00819765
158,0.39375,0.98625,0.61125,0.61375,0.92125,0.26875,0.91375,0.24125,0.11875,0.53875,0.55625,0.79625,0.94625,0.23375,0.50875,0.92125,0.51125,0.18375,0.38625,0.39375,-0.101318728,-0.100298279,0.0001243174,0.01114977
159,0.39625,0.85625,0.61625,0.12625,0.41375,0.33625,0.46625,0.10375,0.58625,0.13625,0.53375,0.07375,0.66125,0.31125,0.40125,0.62125,0.79875,0.07125,0.96625,0.19125,0.1174511237,0.0846751033,0.0000517898,0.00719651
160,0.39875,0.18625,0.40375,0.26625,0.06625,0.55375,0.21125,0.56875,0.89625,0.09375,0.49375,0.62625,0.03875,0.22375,0.47125,0.70125,0.73375,0.81125,0.61125,0.65875,0.0170004641,-0.003792847,0.0000936045,0.00967494
161,0.40125,0.76875,0.23625,0.11625,0.70875,0.38875,0.74875,0.84125,0.36375,0.68125,0.12375,0.62125,0.33875,0.30375,0.30875,0.13125,0.13375,0.80125,0.18125,0.18875,0.1574627616,0.1580956852,0.0000712029,0.00843818
162,0.40375,0.07125,0.91125,0.57125,0.60125,0.58375,0.05375,0.57625,0.93125,0.99625,0.78375,0.38875,0.85875,0.31625,0.43625,0.43625,0.01375,0.55625,0.79875,0.26125,0.1591221287,0.1576052855,0.0000914013,0.0095604
163,0.40625,0.42625,0.93625,0.12125,0.75125,0.29625,0.30125,0.33875,0.30125,0.75625,0.81125,0.96125,0.21875,0.74125,0.78625,0.79375,0.59875,0.19375,0.28875,0.13875,0.0807574791,0.0788890776,0.000068889,0.00829994
164,0.40875,0.43875,0.60625,0.29625,0.95875,0.95875,0.27625,0.34125,0.86625,0.75875,0.25125,0.48875,0.46125,0.08375,0.49375,0.49375,0.36375,0.21625,0.10625,0.95875,0.0623968762,0.0663737984,0.0000899863,0.00948611
165,0.41125,0.22875,0.20875,0.53375,0.80875,0.63625,0.87875,0.00625,0.21125,0.91625,0.51125,0.69125,0.62125,0.97125,0.10875,0.78875,0.38625,0.62375,0.62375,0.93875,0.0675972331,0.0560764894,0.0000698267,0.00835624
166,0.41375,0.25125,0.35875,0.91375,0.76875,0.94375,0.97875,0.63125,0.13375,0.34375,0.08625,0.34625,0.47375,0.27375,0.00125,0.35625,0.26625,0.97375,0.49625,0.54875,-0.082320849,-0.09188495,0.0000837701,0.0091526
167,0.41625,0.90875,0.14375,0.49125,0.93125,0.61125,0.23625,0.42375,0.38625,0.52875,0.25875,0.25875,0.91625,0.26625,0.12875,0.44375,0.88125,0.34625,0.29875,0.55375,-0.025063025,-0.024437626,0.0000895012,0.00946051
168,0.41875,0.38125,0.70375,0.98625,0.55875,0.10125,0.18625,0.96625,0.93625,0.74875,0.14375,0.71375,0.70625,0.65125,0.11625,0.81625,0.60125,0.13625,0.63875,0.33375,0.1634638115,0.1683851937,0.0000728883,0.00853746
169,0.42125,0.43625,0.20625,0.95875,0.40125,0.20625,0.12625,0.16125,0.69125,0.80125,0.73625,0.43125,0.80625,0.90375,0.35875,0.88375,0.83875,0.07625,0.05625,0.89125,0.0622845589,0.0611838397,0.0000806476,0.0089804
170,0.42375,0.63375,0.60875,0.23875,0.49125,0.53875,0.21625,0.14625,0.08625,0.22125,0.55875,0.38375,0.79625,0.84125,0.54625,0.34375,0.72875,0.13875,0.22375,0.11625,-0.025360315,-0.034023439,0.0000354349,0.00595273
171,0.42625,0.30625,0.58375,0.15875,0.20625,0.72875,0.63375,0.07625,0.05375,0.83375,0.79125,0.11375,0.50125,0.86625,0.99875,0.70625,0.92875,0.88875,0.15625,0.32875,0.0377729077,0.0469733373,0.0000597134,0.00772745
172,0.42875,0.62875,0.67375,0.22625,0.61625,0.68625,0.86375,0.68125,0.00125,0.16125,0.57625,0.95375,0.37625,0.48375,0.09125,0.97125,0.72125,0.95625,0.35625,0.47375,0.0030723835,-0.005896442,0.0000493253,0.0070232
173,0.43125,0.21625,0.66625,0.15375,0.96875,0.28625,0.23875,0.82875,0.18125,0.08375,0.95125,0.26125,0.35125,0.92375,0.86875,0.35875,0.47375,0.02375,0.81875,0.86375,0.0437106303,0.0396008989,0.000110174,0.01049638
174,0.43375,0.51625,0.80375,0.01625,0.28125,0.25375,0.24125,0.41875,0.21375,0.36375,0.32625,0.97625,0.11875,0.11875,0.39375,0.48125,0.98125,0.72375,0.56875,0.60875,0.0183122864,0.0229853487,0.0000689498,0.0083036
175,0.43625,0.72875,0.05125,0.70875,0.59875,0.46875,0.61125,0.63375,0.59375,0.13125,0.93875,0.25625,0.31625,0.46125,0.91875,0.31125,0.78125,0.26625,0.14125,0.17125,0.0843445221,0.0615880848,0.0000635288,0.0079705
176,0.43875,0.78625,0.98375,0.60875,0.27875,0.01375,0.44625,0.18875,0.16875,0.11375,0.78125,0.72625,0.68625,0.72125,0.89625,0.75125,0.19875,0.77875,0.45375,0.78875,-0.044933033,-0.040923792,0.0001073885,0.01036284
177,0.44125,0.67125,0.81125,0.67125,0.97375,0.68125,0.50125,0.74625,0.71125,0.98625,0.04625,0.41375,0.19375,0.02625,0.37125,0.56375,0.60875,0.74875,0.73625,0.23125,-0.021530079,-0.015082598,0.0000902073,0.00949775
178,0.44375,0.96375,0.97875,0.59125,0.30875,0.17375,0.72875,0.92875,0.59875,0.23625,0.24125,0.28375,0.82875,0.90125,0.30625,0.28125,0.52125,0.48375,0.93625,0.47875,0.0404387707,0.0462905243,0.000116597,0.01079801
179,0.44625,0.86375,0.26375,0.54375,0.94375,0.85375,0.57875,0.08375,0.72625,0.96875,0.87625,0.76125,0.88875,0.81125,0.70125,0.85375,0.77375,0.25875,0.99125,0.10375,-0.09331384,-0.091607326,0.0001044049,0.01021787
180,0.44875,0.17375,0.78625,0.05375,0.66625,0.52375,0.34125,0.94125,0.50875,0.44625,0.83625,0.00875,0.15375,0.99625,0.55875,0.47125,0.84375,0.61875,0.08625,0.20875,0.122765669,0.1128531511,0.0000657332,0.0081076
181,0.45125,0.87375,0.01375,0.02375,0.66875,0.69125,0.76625,0.78375,0.85625,0.10625,0.43375,0.51375,0.26875,0.43875,0.71125,0.62375,0.67875,0.92375,0.00875,0.37625,0.116680688,0.1113782814,0.0001439073,0.01199614
182,0.45375,0.16625,0.12875,0.85375,0.36875,0.51625,0.19375,0.83875,0.76125,0.03875,0.36625,0.81875,0.09625,0.09875,0.81375,0.85875,0.02875,0.53375,0.83125,0.56625,0.0961736894,0.0811431765,0.0000709486,0.0084231
183,0.45625,0.74625,0.65625,0.77625,0.44625,0.85125,0.78125,0.99375,0.57375,0.64375,0.86625,0.76375,0.44375,0.95125,0.44875,0.67875,0.87875,0.32625,0.40375,0.48875,-0.142859494,-0.140214173,0.0000469717,0.00685359
184,0.45875,0.46875,0.42375,0.84625,0.58375,0.83875,0.17375,0.95375,0.67625,0.55625,0.51875,0.83375,0.00125,0.94375,0.18875,0.23625,0.83625,0.93625,0.98875,0.34625,-0.056168996,-0.065349979,0.0000561836,0.00749557
185,0.46125,0.32625,0.15875,0.60125,0.76375,0.71875,0.32625,0.35625,0.25875,0.12125,0.57125,0.14125,0.50375,0.41625,0.35125,0.60625,0.53875,0.91875,0.60625,0.72375,-0.01642153,-0.031716987,0.0000469446,0.00685161
186,0.46375,0.13125,0.06625,0.97375,0.32625,0.45125,0.49375,0.98625,0.01125,0.79875,0.31875,0.16125,0.58875,0.82125,0.84375,0.75375,0.74125,0.23625,0.24875,0.44625,0.1299336997,0.1191396895,0.0001051993,0.01025667
187,0.46625,0.50125,0.47375,0.45875,0.47875,0.87875,0.76125,0.76625,0.18625,0.56125,0.37375,0.53875,0.90875,0.18875,0.96375,0.52625,0.90125,0.00125,0.92875,0.52375,0.0217285631,0.0170716458,0.0000356498,0.00597075
188,0.46875,0.14875,0.41125,0.79375,0.22125,0.44875,0.72375,0.76875,0.66875,0.33625,0.42625,0.03875,0.03375,0.29125,0.77375,0.28875,0.08375,0.10625,0.47125,0.27375,0.1512019593,0.1495520857,0.0000522479,0.00722827
189,0.47125,0.57875,0.42625,0.45375,0.53375,0.76375,0.08375,0.02625,0.09125,0.75125,0.02125,0.93125,0.67625,0.08625,0.55625,0.16375,0.91375,0.31625,0.58375,0.90875,-0.113037598,-0.112764244,0.0000459586,0.00677928
190,0.47375,0.19625,0.32375,0.93625,0.82625,0.83625,0.75625,0.75125,0.10625,0.05625,0.85125,0.49625,0.21375,0.36125,0.93125,0.44125,0.76875,0.17125,0.23375,0.09125,-0.07209881,-0.062177292,0.0000861955,0.00928416
191,0.47625,0.06125,0.81375,0.33125,0.37125,0.21125,0.65875,0.18625,0.49625,0.97125,0.48125,0.97125,0.73375,0.19875,0.74375,0.63375,0.82375,0.79875,0.42125,0.66125,0.0980889316,0.0935229683,0.0000806535,0.00898073
192,0.47875,0.56875,0.54875,0.33375,0.50625,0.45375,0.95125,0.93125,0.88625,0.04625,0.81875,0.48125,0.38625,0.85375,0.93375,0.93125,0.49125,0.28125,0.41625,0.47125,0.1378652448,0.1422886242,0.0000460077,0.0067829
193,0.48125,0.40875,0.27625,0.40625,0.15375,0.07125,0.00375,0.28625,0.06625,0.93375,0.29625,0.65625,0.67875,0.03625,0.24375,0.92875,0.14375,0.30125,0.01125,0.91375,-0.052024618,-0.051444886,0.0000985078,0.00992511
194,0.48375,0.18125,0.81875,0.64125,0.83625,0.04625,0.33125,0.54875,0.08375,0.51625,0.92125,0.50625,0.81875,0.68125,0.08625,0.11375,0.18875,0.24625,0.27875,0.05375,0.0708625105,0.0712103776,0.0000686636,0.00828635
195,0.48625,0.60125,0.17125,0.15125,0.67125,0.56625,0.38375,0.52625,0.58125,0.83125,0.79625,0.84375,0.05625,0.46375,0.58125,0.65625,0.22125,0.53125,0.55125,0.42375,0.143011878,0.1301195857,0.0000504454,0.00710249
196,0.48875,0.79625,0.24625,0.67625,0.54875,0.82875,0.23375,0.43125,0.25375,0.18125,0.82375,0.32125,0.65625,0.85125,0.36625,0.96375,0.77125,0.44125,0.86125,0.92375,-0.229149275,-0.221881859,0.0000486678,0.00697623
197,0.49125,0.21125,0.63875,0.38875,0.05125,0.50125,0.94875,0.13125,0.31375,0.73125,0.60875,0.53125,0.96625,0.99375,0.95625,0.99625,0.71375,0.10875,0.48125,0.24625,0.0416863142,0.0342810272,0.0000736351,0.00858109
198,0.49375,0.23125,0.00625,0.84875,0.85375,0.16875,0.18375,0.02375,0.56875,0.97375,0.38375,0.60875,0.82125,0.74875,0.84875,0.91875,0.23625,0.64875,0.29375,0.80375,0.041042712,0.0497155032,0.0001442368,0.01200986
199,0.49625,0.93875,0.39125,0.35625,0.88375,0.78625,0.69625,0.23875,0.14125,0.07625,0.05125,0.16625,0.40375,0.28375,0.84625,0.27625,0.48125,0.36125,0.80125,0.91625,-0.201795704,-0.194494502,0.0000916642,0.00957414
200,0.49875,0.22625,0.45125,0.33625,0.49875,0.12375,0.85625,0.08625,0.63125,0.05375,0.44875,0.95875,0.77375,0.94125,0.88125,0.36875,0.89375,0.99125,0.05875,0.84625,0.0207369366,0.039986689,0.0000644551,0.00802839
201,0.50125,0.20625,0.11625,0.56625,0.69125,0.28875,0.86625,0.91125,0.27375,0.99125,0.69375,0.60125,0.79375,0.07625,0.27625,0.15125,0.58125,0.41125,0.34125,0.41875,0.1668658106,0.1585408562,0.0000740934,0.00860775
202,0.50375,0.13625,0.05875,0.55875,0.42125,0.51375,0.27375,0.96125,0.02625,0.82375,0.96125,0.89875,0.20375,0.56625,0.92625,0.04125,0.61875,0.82875,0.90625,0.73125,0.0869291799,0.0876016292,0.0000699554,0.00836393
203,0.50625,0.97875,0.74375,0.71625,0.71875,0.99125,0.84875,0.56625,0.76375,0.48625,0.31375,0.13875,0.57875,0.75875,0.83375,0.27375,0.52875,0.37625,0.47625,0.69375,-0.43360065,-0.430818683,0.0001021205,0.01010547
204,0.50875,0.26875,0.07125,0.42625,0.47625,0.36125,0.42375,0.17875,0.20375,0.66125,0.11375,0.35125,0.69125,0.12625,0.93625,0.83625,0.39625,0.76125,0.61375,0.75125,0.0139444116,0.0143852789,0.0000501133,0.00707908
205,0.51125,0.82125,0.48375,0.49875,0.33625,0.98875,0.58125,0.62875,0.72375,0.01375,0.35375,0.18625,0.85625,0.69375,0.20125,0.73625,0.03375,0.99875,0.60875,0.94625,-0.172545655,-0.169637663,0.0000626414,0.00791463
206,0.51375,0.58375,0.29375,0.54875,0.38875,0.97375,0.95375,0.66625,0.44875,0.57625,0.10375,0.07625,0.44125,0.44625,0.19625,0.30625,0.80625,0.92625,0.68625,0.43875,-0.037910203,-0.035536331,0.0000586586,0.00765889
207,0.51625,0.65125,0.96375,0.74875,0.94875,0.35125,0.89625,0.85625,0.51375,0.30375,0.52125,0.20125,0.92125,0.13625,0.20875,0.11125,0.43375,0.49375,0.33125,0.84875,-0.041370658,-0.049942979,0.0001474065,0.01214111
208,0.51875,0.42125,0.57875,0.21375,0.66375,0.93125,0.38125,0.02875,0.98625,0.38625,0.59625,0.60625,0.89875,0.36875,0.50375,0.42875,0.90625,0.23375,0.33625,0.66625,0.0681826043,0.0470289469,0.0000514431,0.00717238
209,0.52125,0.62125,0.18375,0.83625,0.51125,0.42875,0.23125,0.56375,0.18375,0.04375,0.35625,0.32625,0.54125,0.19375,0.48625,0.09375,0.62875,0.25375,0.71375,0.78125,-0.085539218,-0.076895343,0.0000497252,0.00705161
210,0.52375,0.49375,0.03625,0.09125,0.56375,0.23625,0.81125,0.09375,0.83625,0.35875,0.90125,0.58625,0.09375,0.04875,0.32375,0.39875,0.35875,0.20625,0.87625,0.72875,0.0107874994,0.0178311714,0.0000845201,0.00919348
211,0.52625,0.57625,0.31125,0.32125,0.06875,0.82625,0.20125,0.70625,0.72875,0.75375,0.52375,0.29875,0.51875,0.81625,0.77875,0.36625,0.37375,0.95875,0.09875,0.74125,0.1496790404,0.1311872528,0.0000774949,0.00880312
212,0.52875,0.65625,0.87125,0.09375,0.67375,0.53125,0.95875,0.98875,0.78375,0.32375,0.26375,0.40125,0.65875,0.12875,0.70625,0.03625,0.10625,0.84625,0.84375,0.64375,0.1734597061,0.1740249689,0.0001027296,0.01013556
213,0.53125,0.51375,0.05375,0.05875,0.41125,0.17625,0.19625,0.93875,0.29125,0.95875,0.86875,0.82625,0.40625,0.42125,0.98125,0.58125,0.00125,0.40375,0.43875,0.29875,0.0370743883,0.0450338754,0.0001191924,0.01091753
214,0.53375,0.47875,0.39375,0.02625,0.31125,0.18125,0.52625,0.53375,0.41125,0.03125,0.77375,0.61375,0.94875,0.83625,0.93875,0.61625,0.44625,0.22375,0.67625,0.51125,0.0641382601,0.0455330667,0.0000614036,0.00783604
215,0.53625,0.70625,0.30875,0.46125,0.11375,0.77125,0.87125,0.00125,0.51125,0.28875,0.66125,0.54625,0.31125,0.58875,0.06875,0.24875,0.74375,0.41375,0.97625,0.42875,-0.012783856,-0.009364725,0.0000632895,0.00795547
216,0.53875,0.89375,0.71875,0.60375,0.63625,0.22375,0.07125,0.05875,0.41625,0.66375,0.49125,0.25125,0.08625,0.45875,0.71875,0.69875,0.85875,0.09625,0.08875,0.45125,-0.142078867,-0.138833503,0.0000660473,0.00812695
217,0.54125,0.50375,0.52875,0.76125,0.85875,0.03875,0.33625,0.84375,0.73125,0.56625,0.25625,0.52875,0.38375,0.12375,0.20375,0.22875,0.38375,0.37375,0.20875,0.41375,0.1107427338,0.1178193855,0.0000506287,0.00711539
218,0.54375,0.16875,0.48625,0.99625,0.45375,0.32875,0.09625,0.89375,0.67375,0.74125,0.65375,0.67375,0.12375,0.37125,0.24125,0.12375,0.02625,0.72125,0.35375,0.39125,0.1182449137,0.1153026686,0.0000704489,0.00839338
219,0.54625,0.05125,0.78375,0.80875,0.97625,0.26625,0.55125,0.74375,0.73875,0.16875,0.08125,0.02625,0.05875,0.84875,0.52625,0.13625,0.27625,0.97125,0.30625,0.45625,0.1278793996,0.1349647297,0.0001000283,0.01000142
220,0.54875,0.42375,0.53875,0.73625,0.79875,0.49625,0.68375,0.11375,0.57625,0.88625,0.39875,0.23875,0.22625,0.30625,0.64375,0.19375,0.08125,0.00375,0.32125,0.50125,0.0108030175,0.0188560528,0.0000447205,0.00668734
221,0.55125,0.98875,0.40625,0.80375,0.65375,0.82375,0.15375,0.65875,0.34375,0.37375,0.34375,0.49125,0.93625,0.72625,0.43875,0.25125,0.21375,0.92125,0.93375,0.78625,-0.457424502,-0.471150417,0.0000689851,0.00830573
222,0.55375,0.89625,0.95625,0.08625,0.59375,0.14625,0.03375,0.29375,0.49125,0.15375,0.71125,0.16875,0.52875,0.08125,0.73375,0.45875,0.57125,0.24875,0.77875,0.20375,0.0417503667,0.0330827337,0.0001185206,0.01088672
223,0.55625,0.41875,0.47625,0.17125,0.00625,0.52875,0.39875,0.78625,0.47375,0.07875,0.09375,0.82875,0.02125,0.64875,0.73875,0.82625,0.39875,0.71875,0.56125,0.58375,-0.005398301,0.017340538,0.0000823408,0.00907419
224,0.55875,0.35625,0.42875,0.31625,0.79625,0.96375,0.83625,0.51125,0.61375,0.90875,0.17375,0.91625,0.33625,0.86875,0.57375,0.89125,0.02375,0.50625,0.52625,0.21125,0.0877066213,0.0832577013,0.0000591484,0.0076908
225,0.56125,0.10875,0.64875,0.16875,0.35375,0.15375,0.22875,0.30375,0.25625,0.73375,0.19875,0.65375,0.01125,0.62375,0.05875,0.29125,0.01125,0.48125,0.24375,0.46375,0.0061909906,-0.004621096,0.0000625795,0.00791072
226,0.56375,0.83875,0.75875,0.56375,0.54375,0.14125,0.69875,0.21375,0.06125,0.46875,0.72125,0.90125,0.19125,0.02875,0.66875,0.94125,0.06625,0.92875,0.63125,0.87375,-0.086983248,-0.081248167,0.0000603729,0.00777
227,0.56625,0.70375,0.07625,0.50875,0.04375,0.42375,0.04875,0.22375,0.87875,0.63625,0.15375,0.99125,0.99375,0.49375,0.42125,0.48625,0.15625,0.39875,0.69875,0.91875,0.0485430178,0.0476545346,0.0001324617,0.0115092
228,0.56875,0.72375,0.54125,0.00625,0.42875,0.37875,0.99625,0.87125,0.37875,0.56875,0.61375,0.43875,0.18125,0.52875,0.25625,0.45375,0.05375,0.83875,0.16875,0.96375,0.1649758681,0.1520325286,0.0000804601,0.00896995
229,0.57125,0.51875,0.02875,0.25625,0.15125,0.08125,0.26625,0.63625,0.83875,0.40375,0.89125,0.05875,0.27375,0.19625,0.97375,0.28625,0.94375,0.18125,0.98375,0.92625,0.0110709958,0.0117650676,0.0001109039,0.01053109
230,0.57375,0.56375,0.63625,0.52875,0.68875,0.59625,0.41375,0.41375,0.98875,0.67875,0.37625,0.76875,0.37125,0.36375,0.31875,0.65375,0.95625,0.07875,0.74375,0.83375,0.0388527755,0.0433005163,0.0000304684,0.00551982
231,0.57625,0.02875,0.20375,0.04875,0.72875,0.50375,0.70375,0.53875,0.99625,0.88875,0.70625,0.81625,0.57125,0.91875,0.81125,0.20875,0.24125,0.09875,0.72875,0.82125,0.1687864069,0.1675734433,0.0001006197,0.01003094
232,0.57875,0.12375,0.03125,0.56875,0.70125,0.39875,0.70125,0.94625,0.52125,0.28375,0.85625,0.37875,0.90375,0.90625,0.07625,0.53375,0.03875,0.87625,0.92375,0.40875,0.0886220409,0.0919901981,0.0000877641,0.00936825
233,0.58125,0.42875,0.92875,0.52625,0.05625,0.87125,0.40125,0.69625,0.77625,0.96625,0.28875,0.88375,0.62375,0.50125,0.79625,0.96625,0.21625,0.80875,0.66375,0.11375,0.1585648331,0.1584522065,0.0001133393,0.01064609
234,0.58375,0.93625,0.87625,0.84375,0.99375,0.80875,0.16375,0.10875,0.96625,0.60375,0.96375,0.42375,0.24375,0.58625,0.61625,0.00125,0.60375,0.85125,0.82125,0.55625,-0.528222378,-0.520247403,0.0001590826,0.0126128
235,0.58625,0.31375,0.92625,0.30125,0.26875,0.92625,0.14125,0.85125,0.80125,0.34875,0.93625,0.29125,0.22875,0.86375,0.59625,0.37375,0.00375,0.29625,0.08375,0.32625,0.0697606945,0.0712263358,0.0001043901,0.01021715
236,0.58875,0.67625,0.28875,0.77125,0.58625,0.19875,0.24875,0.76375,0.64875,0.81875,0.08375,0.56125,0.13625,0.43375,0.69375,0.36375,0.59625,0.66625,0.88625,0.42625,0.0560702375,0.0653723547,0.0000467231,0.00683543
237,0.59125,0.59875,0.34125,0.68625,0.77375,0.05125,0.36375,0.55875,0.55625,0.08875,0.87125,0.37375,0.17875,0.11125,0.86375,0.16625,0.80875,0.39625,0.67875,0.48375,0.0626762777,0.0433950191,0.0000691699,0.00831684
238,0.59375,0.08875,0.56125,0.63125,0.98375,0.14875,0.92625,0.25875,0.33125,0.42125,0.82875,0.38125,0.79875,0.60625,0.33125,0.60875,0.10125,0.35625,0.36125,0.32375,0.0903254507,0.0912726206,0.000113971,0.01067572
239,0.59625,0.77375,0.70875,0.90625,0.34125,0.75375,0.56375,0.94875,0.26875,0.80625,0.12875,0.77125,0.34875,0.89875,0.55375,0.89625,0.77875,0.45625,0.14625,0.77375,-0.235559143,-0.26490006,0.0000616618,0.00785251
240,0.59875,0.10375,0.28375,0.74625,0.44125,0.69375,0.03125,0.69875,0.52375,0.21375,0.74375,0.33375,0.88625,0.37625,0.49625,0.42375,0.07125,0.11375,0.54875,0.09375,0.0043047114,0.0215544623,0.0000644914,0.00803066
241,0.60125,0.45875,0.62625,0.53875,0.51625,0.22125,0.14375,0.75875,0.76625,0.98125,0.62875,0.36375,0.72125,0.03875,0.99625,0.66625,0.58625,0.20875,0.53625,0.28375,0.1709921839,0.1467727251,0.0000381988,0.00618052
242,0.60375,0.71875,0.10875,0.20625,0.51875,0.42625,0.54375,0.06375,0.37375,0.52625,0.59375,0.97375,0.63125,0.54625,0.58625,0.29625,0.17375,0.98375,0.09125,0.62875,0.0461583578,0.0418300467,0.0000519714,0.00720912
243,0.60625,0.41625,0.90875,0.12875,0.83125,0.21625,0.44125,0.76125,0.92375,0.02875,0.75875,0.40625,0.13375,0.77875,0.46875,0.79875,0.93375,0.51875,0.78375,0.76125,0.1532873742,0.1462412508,0.0000829131,0.00910566
244,0.60875,0.48375,0.46875,0.37125,0.09125,0.54375,0.53875,0.19875,0.58375,0.70875,0.35875,0.11125,0.94125,0.05125,0.24625,0.50875,0.32875,0.79125,0.78875,0.63875,0.1034805837,0.1044889606,0.0000413151,0.00642768
245,0.61125,0.82375,0.66875,0.35125,0.67625,0.41625,0.45875,0.62625,0.23875,0.76375,0.80625,0.68125,0.35625,0.94625,0.62875,0.20375,0.66625,0.53875,0.37375,0.39875,-0.001467016,-0.001592331,0.0000408644,0.00639253
246,0.61375,0.54125,0.73125,0.05625,0.73625,0.44125,0.25875,0.25625,0.63375,0.01875,0.23625,0.21125,0.22375,0.21375,0.41375,0.58625,0.86875,0.14625,0.95625,0.96125,0.0709231421,0.0680346741,0.0000635628,0.00797263
247,0.61625,0.11875,0.59375,0.70375,0.90625,0.71125,0.57125,0.64875,0.74875,0.89375,0.94125,0.78875,0.48625,0.70625,0.76375,0.68875,0.93875,0.68875,0.76125,0.08125,0.1237871317,0.1305638979,0.0000683605,0.00826804
248,0.61875,0.83375,0.56625,0.85125,0.06375,0.83375,0.13875,0.43875,0.04125,0.36875,0.08875,0.36125,0.01625,0.15875,0.08125,0.38125,0.45125,0.88125,0.56375,0.17375,-0.224705349,-0.242635469,0.0001140391,0.01067891
249,0.62125,0.11625,0.10125,0.68375,0.44875,0.00125,0.60375,0.40625,0.49875,0.76125,0.64625,0.57375,0.84875,0.47875,0.43375,0.04875,0.64375,0.45375,0.11125,0.01875,0.113630083,0.0956521467,0.0000661203,0.00813144
250,0.62375,0.37375,0.15125,0.50375,0.42375,0.19625,0.41125,0.14125,0.79375,0.54875,0.62375,0.54875,0.17375,0.82875,0.14375,0.64375,0.95125,0.90375,0.92125,0.69875,0.0928000071,0.0928334148,0.0000463492,0.00680803
251,0.62625,0.63875,0.32625,0.11875,0.36625,0.13125,0.52875,0.60875,0.94875,0.92875,0.74625,0.88875,0.18625,0.38125,0.31625,0.98625,0.50625,0.14875,0.28625,0.48625,0.2093609262,0.2168203634,0.0000661109,0.00813086
252,0.62875,0.61375,0.43625,0.98375,0.43625,0.83125,0.75375,0.16625,0.10375,0.17875,0.41375,0.12625,0.47875,0.24375,0.10375,0.27875,0.62625,0.56625,0.66625,0.24875,-0.420710406,-0.418075739,0.0000693687,0.00832879
253,0.63125,0.21375,0.24125,0.24875,0.25125,0.75125,0.73375,0.58875,0.30375,0.44375,0.82125,0.61875,0.41375,0.10125,0.87625,0.21125,0.68875,0.93125,0.21375,0.64125,0.0923325592,0.0991294737,0.0000485505,0.00696782
254,0.63375,0.35125,0.61875,0.92125,0.01125,0.40875,0.85375,0.86875,0.62125,0.27375,0.98625,0.91875,0.12875,0.76125,0.16375,0.04625,0.55875,0.27625,0.41875,0.47625,0.1431316614,0.1410044436,0.0001158391,0.01076286
255,0.63625,0.30125,0.30125,0.92375,0.29875,0.33125,0.64125,0.40375,0.81375,0.98875,0.12125,0.22875,0.53625,0.70125,0.04375,0.10375,0.05125,0.42125,0.71125,0.54625,0.1303679623,0.1443858179,0.0000670369,0.0081876
256,0.63875,0.61625,0.13125,0.83125,0.96125,0.51875,0.03625,0.79875,0.81875,0.50625,0.94875,0.86375,0.49625,0.17125,0.89125,0.21375,0.11625,0.43125,0.65125,0.15625,-0.055547519,-0.042350161,0.0001061875,0.01030473
257,0.64125,0.83125,0.22625,0.18875,0.13875,0.09375,0.78625,0.70125,0.45125,0.20625,0.32375,0.55375,0.86375,0.51375,0.01875,0.03125,0.65875,0.36375,0.57375,0.51875,0.1005155146,0.0853602265,0.0001062652,0.0103085
258,0.64375,0.96125,0.84125,0.07625,0.73375,0.90125,0.13375,0.56125,0.12375,0.55875,0.91125,0.27125,0.41875,0.58375,0.37625,0.87125,0.86625,0.47875,0.23125,0.53625,-0.164123968,-0.158582041,0.0001345637,0.01160016
259,0.64625,0.83625,0.55875,0.22875,0.37875,0.49875,0.47625,0.26875,0.55375,0.64625,0.72875,0.72875,0.54625,0.25125,0.18625,0.05125,0.90375,0.94875,0.74875,0.30375,0.0403830377,0.0327902,0.0000370079,0.00608341
260,0.64875,0.32125,0.79375,0.07875,0.01875,0.86625,0.58625,0.46375,0.23375,0.29375,0.42125,0.27625,0.61875,0.26125,0.95875,0.09875,0.55125,0.61625,0.43375,0.36125,0.033946928,0.0377485803,0.0001177404,0.01085083
261,0.65125,0.33875,0.36875,0.23375,0.18875,0.70125,0.25375,0.38125,0.05875,0.54625,0.94625,0.69625,0.97625,0.03125,0.72875,0.30125,0.20375,0.15625,0.94375,0.53375,0.0537580893,0.0325146703,0.000052414,0.00723975
262,0.65375,0.47375,0.49625,0.13375,0.75375,0.63875,0.93875,0.26375,0.69625,0.58375,0.39125,0.65125,0.23875,0.49875,0.03125,0.53875,0.69125,0.49125,0.21125,0.31125,0.0965560015,0.1035122439,0.000050134,0.00708054
263,0.65625,0.80125,0.99625,0.07125,0.08375,0.30625,0.47875,0.81375,0.39125,0.20125,0.56625,0.29375,0.55875,0.01375,0.85625,0.61375,0.83375,0.73625,0.76625,0.60125,0.1230794891,0.1159975804,0.0001302847,0.01141423
264,0.65875,0.96625,0.77875,0.90875,0.10125,0.06125,0.14625,0.47625,0.24375,0.43375,0.21125,0.70125,0.61625,0.92875,0.63625,0.68375,0.26125,0.22625,0.16125,0.93125,-0.100421709,-0.103364538,0.000132981,0.01153174
265,0.66125,0.70125,0.26625,0.51875,0.40625,0.47125,0.88125,0.52875,0.03375,0.14875,0.33625,0.52375,0.09125,0.01125,0.49875,0.68625,0.78875,0.49625,0.01625,0.09875,-0.078366169,-0.066715487,0.0000456291,0.00675493
266,0.66375,0.28625,0.28125,0.66625,0.32125,0.93375,0.82875,0.57375,0.79625,0.43125,0.84375,0.71125,0.16125,0.77625,0.46375,0.00375,0.43625,0.96625,0.05375,0.02375,0.0165196511,0.027807796,0.0000602548,0.0077624
267,0.66625,0.86625,0.14625,0.41875,0.95625,0.37125,0.93125,0.81125,0.22125,0.87625,0.60375,0.56875,0.35875,0.46625,0.22375,0.23125,0.91125,0.46625,0.95125,0.74375,0.0668265702,0.0599839126,0.0001510523,0.01229033
268,0.66875,0.09375,0.23875,0.10375,0.13375,0.60875,0.99375,0.35875,0.97125,0.27625,0.66875,0.21875,0.74125,0.89125,0.81625,0.49625,0.78375,0.26875,0.11875,0.36375,0.1284296842,0.1027340462,0.0001162051,0.01077985
269,0.67125,0.85125,0.90125,0.24625,0.08125,0.47875,0.94375,0.72125,0.20625,0.29125,0.49625,0.80375,0.89125,0.65875,0.57875,0.75625,0.42125,0.28875,0.99875,0.61375,0.0567749023,0.0633780074,0.0001146183,0.01070599
270,0.67375,0.73625,0.13875,0.51625,0.58875,0.32125,0.73125,0.61125,0.02875,0.73625,0.95875,0.31625,0.66875,0.07875,0.79875,0.73125,0.47875,0.44375,0.95875,0.61875,0.0422280478,0.0419714346,0.0000565674,0.00752113
271,0.67625,0.41375,0.99375,0.84125,0.48625,0.24875,0.71125,0.44625,0.60875,0.14375,0.28125,0.28625,0.33375,0.75125,0.92125,0.91125,0.93625,0.56125,0.49875,0.97375,-0.040502563,-0.04453223,0.0001130198,0.01063108
272,0.67875,0.02125,0.51125,0.28125,0.48125,0.58875,0.51625,0.66875,0.91125,0.00875,0.37125,0.63875,0.46375,0.94875,0.11875,0.92375,0.24375,0.99375,0.27375,0.44375,0.1187792225,0.1313165251,0.0000668589,0.00817673
273,0.68125,0.28375,0.39875,0.81125,0.12875,0.11375,0.19125,0.78875,0.47875,0.95375,0.71375,0.24125,0.76625,0.43125,0.83625,0.93875,0.44375,0.18875,0.99625,0.14125,0.1629473972,0.1529168408,0.0000933941,0.00966406
274,0.68375,0.60375,0.68875,0.42125,0.30125,0.29375,0.34625,0.91625,0.99875,0.65375,0.44625,0.15625,0.77125,0.13125,0.85125,0.10625,0.31875,0.09125,0.91625,0.94125,0.1980114954,0.1842760757,0.0000522214,0.00722644
275,0.68625,0.92625,0.67875,0.43625,0.70625,0.70625,0.81625,0.07375,0.89375,0.47875,0.54125,0.08375,0.68125,0.62875,0.51375,0.53625,0.23375,0.61375,0.15875,0.02125,-0.208500872,-0.218570602,0.0000604119,0.00777251
276,0.68875,0.00875,0.10375,0.39625,0.56625,0.03125,0.43375,0.36875,0.80375,0.81375,0.11125,0.63125,0.56125,0.80875,0.44125,0.41375,0.34125,0.59125,0.03375,0.70625,0.0620438421,0.0675915677,0.0001013536,0.01006745
277,0.69125,0.09125,0.91375,0.32625,0.89875,0.55125,0.50875,0.66375,0.88375,0.63375,0.21625,0.78125,0.22125,0.80125,0.74625,0.24625,0.02125,0.06125,0.81625,0.70375,0.1771018762,0.1815846958,0.0000840331,0.00916696
278,0.69375,0.38875,0.74875,0.87125,0.69875,0.27375,0.30625,0.43375,0.39875,0.35375,0.23125,0.59375,0.26375,0.92125,0.21875,0.02625,0.11375,0.27875,0.64875,0.73875,-0.081619944,-0.069043576,0.0000403109,0.00634908
279,0.69625,0.97125,0.49125,0.62625,0.38625,0.01125,0.06875,0.28875,0.52625,0.86125,0.95625,0.08875,0.07625,0.51125,0.77625,0.87875,0.85375,0.98125,0.97875,0.77625,-0.09161316,-0.095823704,0.0000909241,0.00953541
280,0.69875,0.34375,0.09875,0.74125,0.99625,0.40625,0.06125,0.45875,0.75625,0.85625,0.75625,0.75125,0.61375,0.63625,0.21125,0.98875,0.70625,0.19625,0.26625,0.28875,0.0762062844,0.0661788562,0.0001099198,0.01048427
281,0.70125,0.28875,0.83625,0.93875,0.58125,0.70875,0.62625,0.98375,0.12875,0.91375,0.42375,0.74625,0.08375,0.96625,0.21375,0.37875,0.40875,0.21375,0.27125,0.16625,-0.088512354,-0.09128858,0.0000950176,0.0097477
282,0.70375,0.07875,0.69875,0.38625,0.11875,0.41125,0.58375,0.07125,0.38875,0.70375,0.34625,0.67875,0.38125,0.53875,0.04625,0.74125,0.96625,0.85625,0.70875,0.12875,0.0641699264,0.0624033478,0.0000610135,0.00781112
283,0.70625,0.82875,0.14125,0.76875,0.71375,0.60375,0.51375,0.87875,0.27625,0.47375,0.15625,0.89375,0.51375,0.27875,0.98625,0.57875,0.41375,0.86875,0.80875,0.24125,-0.16132928,-0.136993233,0.0000535122,0.00731521
284,0.70875,0.73375,0.34625,0.14375,0.77125,0.89875,0.72625,0.35375,0.95625,0.71625,0.12625,0.04875,0.07125,0.24625,0.82875,0.19875,0.91625,0.37875,0.53375,0.93625,0.0365748906,0.0404141733,0.0000718599,0.00847702
285,0.71125,0.99375,0.75625,0.41125,0.27375,0.73625,0.15625,0.96875,0.01625,0.85125,0.14625,0.64125,0.66375,0.61375,0.96125,0.39125,0.40625,0.23875,0.65625,0.23625,-0.197360211,-0.192937078,0.0000921286,0.00959836
286,0.71375,0.66625,0.48875,0.63875,0.31625,0.86375,0.01875,0.37375,0.19125,0.78875,0.66625,0.64875,0.19625,0.69625,0.15625,0.09625,0.04125,0.01625,0.03875,0.50375,-0.290598857,-0.285528236,0.0000665309,0.00815664
287,0.71625,0.05375,0.80125,0.33875,0.04625,0.20125,0.32125,0.73125,0.64125,0.59125,0.99375,0.88625,0.40125,0.57875,0.46125,0.61875,0.54625,0.83125,0.85375,0.50875,0.0534926764,0.0467967417,0.0001100865,0.01049221
288,0.71875,0.11375,0.55625,0.52375,0.28625,0.38375,0.88375,0.86625,0.28875,0.82625,0.47125,0.77625,0.23375,0.75375,0.34875,0.83375,0.40125,0.70625,0.55875,0.12125,0.161008698,0.1614237767,0.0000594434,0.00770996
289,0.72125,0.73125,0.78875,0.64875,0.92375,0.23125,0.59875,0.67125,0.68625,0.42625,0.40375,0.51875,0.26125,0.06125,0.65875,0.45125,0.42625,0.96125,0.12125,0.98375,-0.079804609,-0.070292151,0.0000606168,0.00778568
290,0.72375,0.21875,0.16625,0.19125,0.90875,0.96875,0.69375,0.26125,0.77375,0.97875,0.13375,0.21375,0.54375,0.06875,0.77125,0.66125,0.27375,0.40875,0.44375,0.22375,0.144174111,0.1446647164,0.0001223936,0.01106316
291,0.72625,0.46125,0.02375,0.16125,0.86125,0.30375,0.63625,0.20125,0.76875,0.93625,0.37875,0.55125,0.39625,0.28625,0.95125,0.30375,0.68625,0.32375,0.10875,0.46875,0.1156407821,0.1169336656,0.0001104172,0.01050796
292,0.72875,0.62625,0.67625,0.17875,0.49625,0.22875,0.60625,0.44875,0.90375,0.48375,0.39375,0.64375,0.03125,0.08875,0.09875,0.03875,0.85125,0.29875,0.42375,0.80625,0.1480554014,0.1677972677,0.000043438,0.00659075
293,0.73125,0.45375,0.73625,0.28375,0.62125,0.13375,0.57375,0.35125,0.37625,0.31375,0.43875,0.12375,0.50875,0.95875,0.79375,0.86125,0.42375,0.41625,0.25125,0.39625,0.0596921972,0.0770294496,0.0000413505,0.00643043
294,0.73375,0.76125,0.81625,0.95375,0.41875,0.00375,0.33875,0.88375,0.69875,0.97625,0.64125,0.62875,0.84625,0.10375,0.54375,0.89875,0.22625,0.17875,0.94125,0.19875,-0.048022969,-0.05390003,0.0000987853,0.00993908
295,0.73625,0.77125,0.12625,0.03375,0.26625,0.93625,0.47375,0.30125,0.15125,0.32875,0.74125,0.24375,0.28375,0.95625,0.68625,0.10875,0.14125,0.85875,0.89625,0.25375,-0.011973877,-0.002321734,0.0001078795,0.01038651
296,0.73875,0.94625,0.14875,0.78125,0.18375,0.66875,0.24375,0.96375,0.71625,0.61375,0.13125,0.30125,0.14375,0.69125,0.86625,0.14125,0.66875,0.44875,0.53125,0.38875,-0.095707904,-0.087078211,0.0001209058,0.01099572
297,0.74125,0.39375,0.59875,0.66375,0.74875,0.90875,0.82125,0.48875,0.17625,0.18625,0.98125,0.50875,0.23125,0.49625,0.00875,0.44875,0.30625,0.63625,0.96125,0.99625,-0.24768348,-0.24767538,0.0000536968,0.00732781
298,0.74375,0.25375,0.72625,0.46875,0.12125,0.74875,0.39375,0.44375,0.84625,0.85875,0.19125,0.54125,0.11375,0.60125,0.23375,0.71125,0.84125,0.79375,0.29125,0.14875,0.1338191482,0.1382025522,0.0000689578,0.00830408
299,0.74625,0.01875,0.66375,0.04375,0.94125,0.75875,0.96375,0.58125,0.60125,0.57875,0.98875,0.17875,0.52375,0.00125,0.37875,0.22125,0.20875,0.35375,0.50875,0.22875,0.2072522219,0.1932941974,0.0001400476,0.01183417
300,0.74875,0.20375,0.91875,0.18375,0.74125,0.61875,0.44375,0.38875,0.45625,0.51125,0.24875,0.06375,0.07375,0.29375,0.48125,0.52375,0.45875,0.60375,0.03625,0.58625,0.0784486105,0.0798847854,0.0000594039,0.00770739
301,0.75125,0.84625,0.53625,0.88625,0.75625,0.16375,0.35125,0.46625,0.22625,0.96375,0.68125,0.96625,0.15125,0.05875,0.25125,0.26625,0.50875,0.55375,0.95375,0.07125,-0.243614765,-0.246164336,0.0000880269,0.00938226
302,0.75375,0.07625,0.19375,0.06375,0.84875,0.69625,0.31375,0.90375,0.07375,0.46625,0.05625,0.74125,0.29625,0.78875,0.17125,0.01375,0.96375,0.70875,0.32875,0.86625,0.0785062109,0.0802746483,0.0001098666,0.01048173
303,0.75625,0.94875,0.41625,0.89375,0.41625,0.51125,0.50625,0.21625,0.64625,0.66625,0.38125,0.49875,0.92625,0.68375,0.22875,0.46875,0.15375,0.03375,0.46375,0.06125,-0.389764722,-0.391969936,0.0000575722,0.00758764
304,0.75875,0.47625,0.68625,0.13625,0.69625,0.87375,0.79875,0.41625,0.42125,0.86875,0.07375,0.13375,0.02875,0.02375,0.89375,0.25875,0.07625,0.75625,0.46625,0.06875,0.0335999392,0.0469054157,0.0000673175,0.00820472
305,0.76125,0.13875,0.37125,0.13125,0.45875,0.61625,0.72125,0.65625,0.82375,0.49875,0.99125,0.73375,0.78625,0.17875,0.78875,0.66375,0.40375,0.96875,0.64625,0.53125,0.1912668827,0.1904023696,0.000052298,0.00723173
306,0.76375,0.19875,0.60125,0.28625,0.34625,0.66125,0.84375,0.64625,0.13875,0.87125,0.45375,0.33125,0.98625,0.48125,0.00375,0.19625,0.58375,0.36875,0.25875,0.93375,0.1050019505,0.1133595645,0.000054435,0.00737801
307,0.76625,0.08625,0.94875,0.68875,0.68375,0.21375,0.20875,0.14875,0.29625,0.81125,0.74875,0.94125,0.68875,0.15625,0.64625,0.87375,0.99625,0.93875,0.77625,0.94375,0.0518926217,0.0379034536,0.0000984732,0.00992337
308,0.76875,0.53125,0.63375,0.08125,0.28375,0.29875,0.02625,0.03875,0.54375,0.51375,0.63125,0.63625,0.74625,0.37375,0.97875,0.79125,0.09875,0.65625,0.23875,0.95125,-0.007371684,0.0148592601,0.0000752356,0.00867384
309,0.77125,0.00625,0.59125,0.55625,0.53125,0.34125,0.50375,0.83125,0.25125,0.27125,0.10875,0.45625,0.82375,0.76375,0.23875,0.43875,0.73125,0.71375,0.18875,0.62625,0.0975851946,0.1092410157,0.0000528795,0.00727183
310,0.77375,0.80875,0.89375,0.63375,0.72625,0.38625,0.84625,0.95625,0.96125,0.58625,0.79875,0.29625,0.95375,0.22125,0.32625,0.76375,0.22375,0.54375,0.07875,0.77125,-0.102625657,-0.107255935,0.0000736444,0.00858163
311,0.77625,0.32375,0.33625,0.69625,0.86875,0.81125,0.05875,0.73875,0.22875,0.72875,0.30875,0.20375,0.09875,0.07125,0.91125,0.43125,0.43875,0.91125,0.58625,0.46625,-0.146505387,-0.137191822,0.0000663231,0.0081439
312,0.77875,0.05625,0.74125,0.37375,0.64625,0.97875,0.53125,0.88625,0.12125,0.63875,0.68375,0.46625,0.80875,0.40125,0.75625,0.80375,0.56625,0.74625,0.68875,0.92125,0.0391692919,0.0400143729,0.0000904562,0.00951085
313,0.78125,0.84375,0.85375,0.99125,0.21125,0.24625,0.68625,0.39625,0.03625,0.77375,0.40875,0.08125,0.91375,0.51625,0.63125,0.40625,0.97375,0.03875,0.38125,0.35375,-0.27349636,-0.242354692,0.0001096528,0.01047152
314,0.78375,0.91625,0.36375,0.97625,0.60625,0.99625,0.27875,0.95875,0.50625,0.18875,0.88125,0.94875,0.90125,0.55375,0.38875,0.80625,0.54375,0.14375,0.31625,0.81625,-0.766164644,-0.757759237,0.0001117431,0.01057086
315,0.78625,0.35375,0.50375,0.99375,0.23125,0.49375,0.19875,0.42625,0.27875,0.37125,0.86375,0.81125,0.25125,0.62125,0.75875,0.55125,0.48625,0.32875,0.39625,0.75625,-0.139766359,-0.12438868,0.0000715116,0.00845645
316,0.78875,0.79125,0.61375,0.96375,0.02125,0.07625,0.79375,0.60125,0.63625,0.12875,0.66375,0.20625,0.75375,0.31375,0.34625,0.08875,0.81875,0.74125,0.19875,0.10875,0.0911123659,0.0642459655,0.0001471592,0.01213092
317,0.79125,0.64125,0.46375,0.13875,0.37375,0.91125,0.28875,0.99625,0.87625,0.15625,0.94375,0.99375,0.17125,0.67375,0.40625,0.26875,0.61375,0.28625,0.11375,0.21625,0.0227955038,0.0269867903,0.0000869319,0.00932373
318,0.79375,0.03125,0.11125,0.79625,0.17125,0.11625,0.40375,0.93625,0.07125,0.15125,0.97875,0.45125,0.19875,0.90875,0.88875,0.51125,0.98375,0.20375,0.60375,0.85625,0.0553782439,0.0498447414,0.0001354445,0.01163806
319,0.79625,0.55875,0.85125,0.19625,0.52625,0.03375,0.03875,0.66125,0.89125,0.93875,0.24375,0.33875,0.98875,0.24125,0.60125,0.85625,0.97625,0.80375,0.53875,0.52875,0.1442039916,0.1481209448,0.0001015795,0.01007866
320,0.79875,0.49125,0.97625,0.11375,0.01375,0.80125,0.16875,0.12125,0.62375,0.28625,0.99875,0.76625,0.29375,0.59875,0.70875,0.71875,0.80375,0.16125,0.70375,0.37875,0.0401490271,0.029105797,0.0001443913,0.01201629
321,0.80125,0.10125,0.69625,0.95125,0.89625,0.62875,0.22375,0.13875,0.61125,0.41125,0.47875,0.05625,0.46875,0.52125,0.23125,0.33625,0.35625,0.13375,0.73375,0.33625,-0.100308454,-0.114417934,0.0001064419,0.01031707
322,0.80375,0.78875,0.48125,0.79875,0.63125,0.45875,0.41875,0.33375,0.26625,0.40125,0.53125,0.17125,0.34375,0.39875,0.02625,0.06625,0.33875,0.70125,0.04625,0.69125,-0.352803625,-0.363469808,0.0000393434,0.00627243
323,0.80625,0.58625,0.25625,0.54125,0.82875,0.71625,0.43625,0.01625,0.47625,0.22625,0.20625,0.97875,0.06375,0.56125,0.53625,0.71375,0.94625,0.01875,0.97125,0.56125,-0.193095474,-0.17982784,0.000052304,0.00723215
324,0.80875,0.40625,0.83375,0.31875,0.14375,0.40375,0.29375,0.37875,0.10125,0.48875,0.75125,0.08625,0.60125,0.65375,0.70375,0.21625,0.37125,0.44625,0.07375,0.76875,0.0293399983,0.0234851435,0.0000582064,0.00762931
325,0.81125,0.88875,0.12375,0.59625,0.83875,0.99875,0.29625,0.71875,0.10875,0.67625,0.36125,0.90375,0.38875,0.45125,0.50625,0.96875,0.27875,0.38875,0.14875,0.37125,-0.310437659,-0.334558524,0.0001104969,0.01051175
326,0.81375,0.32875,0.16125,0.75625,0.13625,0.98125,0.21875,0.55125,0.91625,0.77625,0.63625,0.10125,0.83375,0.35875,0.02125,0.38875,0.99375,0.12375,0.30125,0.57875,0.0437306986,0.0446752033,0.0001178014,0.01085363
327,0.81625,0.07375,0.17625,0.42875,0.64125,0.65875,0.51875,0.81875,0.63875,0.49625,0.22625,0.03625,0.28625,0.47125,0.91625,0.74875,0.28375,0.77625,0.59875,0.18375,0.1511548632,0.1553885289,0.0000560437,0.00748623
328,0.81875,0.23625,0.03375,0.11125,0.59625,0.71375,0.79125,0.85375,0.19875,0.92625,0.84625,0.42125,0.56375,0.91375,0.69625,0.90125,0.34875,0.42375,0.10375,0.25625,0.1253742866,0.128270405,0.0001261638,0.01123226
329,0.82125,0.45625,0.93375,0.46375,0.38125,0.84125,0.58875,0.27625,0.78625,0.11625,0.29375,0.61625,0.64375,0.61875,0.84125,0.65125,0.81375,0.21125,0.13875,0.97875,-0.12770554,-0.120466659,0.0000816311,0.00903499
330,0.82375,0.29625,0.89125,0.77375,0.30375,0.74625,0.83375,0.04625,0.13125,0.39625,0.27875,0.26375,0.51625,0.43625,0.20625,0.91375,0.26375,0.66125,0.29625,0.54125,-0.204294604,-0.202461552,0.0001114661,0.01055775
331,0.82625,0.17625,0.05625,0.43375,0.13125,0.39625,0.25125,0.87375,0.44125,0.06625,0.72625,0.66875,0.53875,0.62625,0.51625,0.90375,0.67375,0.24125,0.00625,0.07875,0.029133616,0.0365711637,0.0001128875,0.01062486
332,0.82875,0.67375,0.57125,0.39875,0.85125,0.29125,0.91625,0.64375,0.01875,0.43875,0.51625,0.26875,0.76125,0.57125,0.62375,0.86625,0.01625,0.08875,0.60125,0.36625,-0.056487898,-0.054124635,0.0000822214,0.0090676
333,0.83125,0.63625,0.95125,0.29125,0.19875,0.63125,0.38875,0.97625,0.29375,0.36125,0.89875,0.20875,0.44625,0.05375,0.51875,0.19125,0.87375,0.61125,0.00125,0.38625,0.0160609757,0.0182336237,0.0000790535,0.00889121
334,0.83375,0.69375,0.87375,0.82125,0.09375,0.28375,0.74625,0.20375,0.78125,0.70625,0.72375,0.28125,0.75875,0.30875,0.36125,0.13875,0.69875,0.04125,0.89125,0.90375,0.0204017711,0.0165888289,0.0000944485,0.00971846
335,0.83625,0.10625,0.47125,0.50625,0.55375,0.34875,0.31125,0.67375,0.47125,0.81625,0.45625,0.44125,0.69875,0.24875,0.43125,0.63125,0.31125,0.81625,0.25625,0.83625,0.1367927914,0.1282621425,0.0000499082,0.00706457
336,0.83875,0.92875,0.99125,0.48875,0.73875,0.63375,0.66125,0.47875,0.46625,0.95625,0.71625,0.41625,0.29125,0.14375,0.21625,0.59875,0.37625,0.56375,0.83625,0.99125,-0.299734425,-0.306425326,0.0001285844,0.01133951
337,0.84125,0.55375,0.25875,0.69125,0.87375,0.87625,0.13125,0.04125,0.36125,0.82125,0.41875,0.46375,0.04125,0.23625,0.06625,0.39625,0.86375,0.96375,0.19375,0.62375,-0.316356582,-0.318756594,0.0000711058,0.00843243
338,0.84375,0.63125,0.40875,0.06875,0.45125,0.54125,0.52125,0.34875,0.94375,0.38125,0.05875,0.27375,0.96125,0.15375,0.45625,0.63625,0.12125,0.53625,0.12375,0.99375,0.0995235675,0.106483622,0.0000532899,0.0073
339,0.84625,0.75875,0.18625,0.10125,0.57375,0.26375,0.73875,0.04375,0.86125,0.06875,0.40625,0.92125,0.47125,0.45625,0.88375,0.81125,0.97125,0.25125,0.30875,0.88875,0.0813192526,0.0804619181,0.0001073357,0.0103603
340,0.84875,0.93375,0.35625,0.53625,0.76125,0.89125,0.92875,0.82625,0.94125,0.59875,0.76625,0.82375,0.63625,0.35375,0.95375,0.72625,0.29125,0.57625,0.85125,0.82875,-0.333978034,-0.330893429,0.000105449,0.01026883
341,0.85125,0.95125,0.37625,0.25125,0.29125,0.99375,0.77625,0.54125,0.50375,0.71125,0.80875,0.31375,0.81625,0.47625,0.38125,0.06125,0.17125,0.95125,0.57875,0.58125,-0.189497015,-0.186077858,0.000110765,0.01052449
342,0.85375,0.90125,0.32125,0.70125,0.23375,0.36375,0.86125,0.25375,0.38375,0.96125,0.34875,0.26625,0.83125,0.88875,0.63875,0.22625,0.25875,0.03625,0.03125,0.96875,-0.145688235,-0.133471405,0.0000984979,0.00992461
343,0.85625,0.15125,0.51375,0.32875,0.20125,0.02125,0.37875,0.80625,0.24625,0.86375,0.46875,0.15375,0.35375,0.50625,0.58375,0.32375,0.99125,0.51625,0.13125,0.57125,0.1294296994,0.1250135877,0.0001000303,0.01000151
344,0.85875,0.01125,0.65125,0.94125,0.74375,0.04375,0.49125,0.39875,0.68375,0.02375,0.45875,0.94375,0.55375,0.37875,0.72125,0.31875,0.82625,0.03125,0.18375,0.40625,0.1077705065,0.1017725331,0.0001268851,0.01126433
345,0.86125,0.62375,0.87875,0.61625,0.81125,0.74125,0.45125,0.68625,0.83375,0.33125,0.55375,0.06875,0.97125,0.87375,0.80625,0.46125,0.21875,0.67375,0.86375,0.31625,-0.247193108,-0.254900075,0.0000628888,0.00793024
346,0.86375,0.68875,0.04375,0.00125,0.33375,0.94625,0.70625,0.24625,0.84875,0.83625,0.29875,0.55625,0.32375,0.70875,0.16625,0.78625,0.25375,0.11125,0.21875,0.23875,0.1454326149,0.1362678016,0.0001421403,0.01192226
347,0.86625,0.03875,0.75375,0.41625,0.77875,0.09875,0.28625,0.20875,0.00875,0.19375,0.50125,0.67625,0.30625,0.42875,0.62625,0.07375,0.44125,0.87375,0.65375,0.61625,0.0127122766,0.015356347,0.0000965916,0.0098281
348,0.86875,0.65375,0.72875,0.39125,0.53875,0.81875,0.83125,0.29625,0.46375,0.38875,0.51375,0.10625,0.62875,0.50875,0.15375,0.01125,0.12625,0.75125,0.87125,0.25875,-0.203619785,-0.215698615,0.0000536556,0.007325
349,0.87125,0.94375,0.97375,0.38375,0.39875,0.66375,0.12125,0.09125,0.59125,0.48125,0.13625,0.73875,0.24875,0.72375,0.47375,0.01875,0.89125,0.98625,0.84125,0.28625,-0.328623904,-0.33678942,0.0001200545,0.01095694
350,0.87375,0.17875,0.19625,0.02875,0.22625,0.90375,0.20625,0.45625,0.74125,0.45625,0.85875,0.45875,0.99875,0.13375,0.03375,0.56875,0.89625,0.86375,0.98125,0.08875,0.1424369493,0.1415835941,0.0001354794,0.01163956
351,0.87625,0.74375,0.89875,0.65625,0.14875,0.81375,0.11625,0.08875,0.44375,0.02625,0.65875,0.65875,0.24625,0.56375,0.01125,0.84125,0.64125,0.82625,0.31125,0.50625,-0.391188249,-0.374101611,0.0001185079,0.01088613
352,0.87875,0.65875,0.98875,0.39375,0.78875,0.57125,0.09875,0.11625,0.90625,0.78375,0.81375,0.68625,0.33125,0.21625,0.17375,0.08625,0.09125,0.52875,0.72375,0.81875,-0.140882493,-0.14348055,0.0001038961,0.01019295
353,0.88125,0.00125,0.98625,0.34875,0.66125,0.55625,0.00875,0.34375,0.15375,0.64875,0.68875,0.09875,0.43375,0.32375,0.47625,0.45625,0.82875,0.67625,0.50375,0.96625,-0.023615889,-0.014795666,0.0001352085,0.01162792
354,0.88375,0.75375,0.86375,0.19875,0.24375,0.67125,0.90125,0.82125,0.57125,0.84625,0.92875,0.53625,0.53375,0.88625,0.25375,0.38625,0.68125,0.01375,0.02125,0.20125,0.0455357624,0.0497495944,0.0001038635,0.01019134
355,0.88625,0.11125,0.18875,0.58625,0.40375,0.62375,0.07875,0.91375,0.09625,0.55375,0.56375,0.49375,0.56625,0.47375,0.80125,0.57125,0.06875,0.30625,0.57125,0.49375,0.0315611946,0.0388861181,0.0000812297,0.00901275
356,0.88875,0.90375,0.62875,0.10875,0.16875,0.09125,0.00125,0.57875,0.07625,0.47125,0.91875,0.85625,0.57375,0.25375,0.01375,0.77125,0.61125,0.73875,0.50625,0.77875,-0.044949019,-0.040984346,0.0001377902,0.01173841
357,0.89125,0.43375,0.84875,0.94375,0.83375,0.57875,0.02875,0.80375,0.85125,0.72375,0.99625,0.79125,0.95625,0.71625,0.56875,0.72875,0.07375,0.59375,0.44875,0.04875,-0.302882321,-0.283686209,0.0001239864,0.01113492
358,0.89375,0.60625,0.95375,0.47125,0.02375,0.31875,0.48875,0.31625,0.33375,0.98375,0.77125,0.39625,0.96375,0.40875,0.11125,0.16125,0.30875,0.89875,0.17875,0.30625,0.1133414536,0.103173506,0.0001095584,0.01046701
359,0.89625,0.85375,0.82375,0.38125,0.88625,0.01625,0.17125,0.49375,0.78875,0.30625,0.75375,0.23375,0.49125,0.83125,0.07125,0.12125,0.63875,0.89125,0.87875,0.38125,-0.038689037,-0.046852894,0.0001210438,0.01100199
360,0.89875,0.04625,0.51625,0.88875,0.17375,0.62625,0.61625,0.57125,0.12625,0.68375,0.20375,0.80125,0.20125,0.96375,0.65375,0.69375,0.79625,0.62625,0.92625,0.26625,0.0201607305,0.0350193096,0.0001004046,0.01002021
361,0.90125,0.77875,0.86125,0.51375,0.04875,0.11125,0.45625,0.19625,0.19375,0.94125,0.27375,0.78375,0.31375,0.48625,0.52125,0.54875,0.81625,0.65375,0.67125,0.81375,0.0577125422,0.05458924,0.0000999787,0.00999894
362,0.90375,0.39875,0.20125,0.00375,0.82125,0.90625,0.36125,0.61625,0.03125,0.03375,0.03375,0.63375,0.70125,0.67875,0.32875,0.00875,0.46375,0.05375,0.73125,0.73625,-0.024022661,-0.025286679,0.0001199056,0.01095014
363,0.90625,0.81375,0.06875,0.60625,0.47375,0.43625,0.01375,0.97125,0.28375,0.45375,0.27125,0.06125,0.06625,0.39375,0.76625,0.22375,0.52375,0.81875,0.12875,0.13625,-0.084936108,-0.086597121,0.0001336188,0.01155936
364,0.90875,0.09625,0.07875,0.57375,0.89125,0.53625,0.37375,0.77875,0.56125,0.46375,0.83125,0.92375,0.74875,0.00625,0.64875,0.28375,0.80125,0.88375,0.13625,0.56875,0.1356626798,0.1262009186,0.000119452,0.01092941
365,0.91125,0.86125,0.55125,0.91625,0.46875,0.03625,0.85875,0.17125,0.61875,0.41875,0.97625,0.58875,0.67375,0.67625,0.01625,0.73375,0.29875,0.60125,0.54375,0.29375,-0.299267589,-0.294536244,0.0001139573,0.01067508
366,0.91375,0.40375,0.27125,0.40125,0.11125,0.98375,0.86875,0.27375,0.79125,0.24125,0.70125,0.18375,0.88125,0.93125,0.94125,0.76875,0.64875,0.52625,0.40625,0.00375,0.0286317095,0.0253624838,0.0001206908,0.01098594
367,0.91625,0.92375,0.84375,0.89625,0.61875,0.02875,0.43125,0.86125,0.21625,0.00625,0.80125,0.17375,0.30125,0.36625,0.32125,0.35125,0.29625,0.52125,0.59375,0.03125,-0.404780366,-0.407146499,0.0001329921,0.01153222
368,0.91875,0.98125,0.45375,0.89125,0.26125,0.24125,0.04625,0.47125,0.66375,0.70125,0.07875,0.16375,0.87625,0.41375,0.60625,0.93375,0.46625,0.50875,0.10125,0.57375,-0.367897549,-0.359729678,0.0001122207,0.01059343
369,0.92125,0.23375,0.69125,0.82625,0.65125,0.56875,0.79625,0.08125,0.02375,0.34125,0.33125,0.00125,0.79125,0.97375,0.88625,0.02375,0.28625,0.11875,0.38375,0.18125,-0.190391736,-0.201174917,0.0000678715,0.00823842
370,0.92375,0.89125,0.56875,0.27125,0.93625,0.60625,0.11125,0.36625,0.16125,0.19875,0.20875,0.37125,0.52625,0.30125,0.61125,0.33125,0.62125,0.76375,0.41125,0.07375,-0.300585304,-0.306293246,0.000130065,0.0114046
371,0.92625,0.40125,0.71375,0.30625,0.96375,0.35875,0.36875,0.15375,0.70375,0.01625,0.50375,0.83875,0.84375,0.04625,0.45125,0.62875,0.05875,0.72625,0.81125,0.23375,0.0138960244,0.0018915055,0.0000981367,0.00990639
372,0.92875,0.33125,0.06375,0.03125,0.84375,0.20375,0.51125,0.73375,0.74625,0.43625,0.69625,0.25375,0.37375,0.34125,0.72625,0.70875,0.55375,0.71125,0.16375,0.99875,0.11870881,0.1211596958,0.0001438978,0.01199574
373,0.93125,0.27375,0.13375,0.98125,0.70375,0.18875,0.77875,0.15875,0.03875,0.68875,0.73125,0.85375,0.73125,0.52375,0.61375,0.20125,0.11875,0.89375,0.86625,0.68625,-0.032304904,-0.037434454,0.0001583857,0.01258514
374,0.93375,0.41125,0.08125,0.61875,0.29625,0.43125,0.69125,0.73625,0.19625,0.40625,0.67375,0.77375,0.73625,0.79125,0.28625,0.25375,0.15125,0.39125,0.20375,0.05625,0.0570820869,0.0414613545,0.0000841046,0.00917086
375,0.93625,0.78375,0.46625,0.48375,0.72375,0.55875,0.71625,0.09625,0.49375,0.68625,0.68625,0.30625,0.32625,0.78125,0.66375,0.29875,0.51625,0.73375,0.06375,0.53875,-0.240667337,-0.250430084,0.0000538906,0.00734102
376,0.93875,0.06875,0.73375,0.44625,0.97125,0.97625,0.59625,0.90875,0.98125,0.33375,0.58875,0.38625,0.30875,0.63875,0.50125,0.98375,0.28125,0.65875,0.80375,0.21375,0.0378164238,0.0384596445,0.0001370612,0.01170731
377,0.94125,0.76625,0.17875,0.59375,0.86625,0.88875,0.42125,0.38375,0.35625,0.88375,0.91375,0.83625,0.99625,0.53375,0.28375,0.55875,0.42875,0.56875,0.79625,0.46125,-0.326992876,-0.311458783,0.0000760514,0.00872075
378,0.94375,0.45125,0.85875,0.57625,0.61125,0.75625,0.37625,0.86375,0.62625,0.41375,0.15125,0.31875,0.39375,0.80375,0.27375,0.97375,0.97875,0.58125,0.21625,0.51375,-0.174620379,-0.178390834,0.0000612148,0.00782399
379,0.94625,0.20875,0.51875,0.98875,0.34375,0.96125,0.66375,0.70875,0.15875,0.64125,0.67625,0.74875,0.20875,0.54125,0.08375,0.72125,0.71625,0.33125,0.04375,0.89375,-0.276270228,-0.283773178,0.0001088979,0.01043541
380,0.94875,0.17125,0.64625,0.56125,0.50875,0.94875,0.05125,0.33625,0.20875,0.24375,0.67875,0.22375,0.75625,0.19125,0.38375,0.34875,0.96875,0.16625,0.90125,0.75375,-0.205581541,-0.223210975,0.0001055346,0.010273
381,0.95125,0.56625,0.80875,0.23125,0.00125,0.31625,0.24625,0.46125,0.75875,0.62625,0.26625,0.44625,0.25875,0.46875,0.12125,0.06375,0.46125,0.41875,0.90875,0.74625,0.1208458109,0.1307679207,0.0001152568,0.01073577
382,0.95375,0.89875,0.79875,0.80625,0.24875,0.92375,0.28125,0.28375,0.99125,0.76625,0.21375,0.61125,0.25375,0.79625,0.33625,0.54125,0.18625,0.72875,0.32625,0.04625,-0.612047564,-0.607573808,0.0001281428,0.01132002
383,0.95625,0.19125,0.30375,0.71875,0.81375,0.92125,0.56125,0.14375,0.17875,0.03625,0.84875,0.37625,0.58375,0.61625,0.11375,0.92625,0.41875,0.78125,0.06625,0.66375,-0.269819124,-0.257799719,0.0001036908,0.01018287
384,0.95875,0.27875,0.64375,0.90125,0.39125,0.60125,0.46125,0.39375,0.17125,0.14625,0.90375,0.42875,0.97375,0.44375,0.42375,0.59125,0.45625,0.05125,0.37875,0.24375,-0.222507538,-0.23644379,0.000065963,0.00812176
385,0.96125,0.64875,0.09625,0.71125,0.43125,0.80625,0.39625,0.69375,0.81125,0.09875,0.10125,0.99875,0.93125,0.38625,0.16875,0.73875,0.10875,0.77125,0.42875,0.04125,-0.162835271,-0.183021839,0.0001036398,0.01018036
386,0.96375,0.26125,0.88125,0.34375,0.80625,0.19375,0.64875,0.67875,0.30625,0.77125,0.04375,0.59125,0.63875,0.41875,0.58875,0.07625,0.26875,0.29125,0.88375,0.40375,0.1311055677,0.1271169496,0.0001027713,0.01013762
387,0.96625,0.57375,0.29875,0.78875,0.15875,0.84375,0.28375,0.34625,0.45875,0.89625,0.41125,0.99625,0.43875,0.64375,0.57625,0.17125,0.41625,0.33375,0.69125,0.22125,-0.214849727,-0.203605928,0.0000925852,0.00962212
388,0.96875,0.55125,0.58625,0.94625,0.98125,0.37625,0.34375,0.52375,0.86375,0.24625,0.30125,0.87125,0.42375,0.87625,0.45375,0.12625,0.75875,0.07375,0.74625,0.27625,-0.310536071,-0.318983449,0.0001276213,0.01129696
389,0.97125,0.71625,0.23375,0.55125,0.25625,0.13875,0.88625,0.69125,0.34625,0.13375,0.44125,0.98375,0.59875,0.86125,0.80375,0.67125,0.83125,0.36625,0.93875,0.65125,-0.01644922,-0.006058234,0.0001085251,0.01041754
390,0.97375,0.37625,0.29625,0.62875,0.91375,0.76875,0.10125,0.54375,0.48375,0.61625,0.48875,0.00375,0.45625,0.98875,0.73125,0.55375,0.23125,0.48625,0.43625,0.82625,-0.185921842,-0.182444085,0.0000711773,0.00843666
391,0.97625,0.04375,0.70625,0.69375,0.95375,0.65625,0.97125,0.32125,0.28625,0.56375,0.88875,0.34125,0.36625,0.88125,0.65125,0.90875,0.53375,0.17375,0.17625,0.31875,-0.048130306,-0.039802898,0.0001334261,0.01155102
392,0.97875,0.49875,0.76125,0.00875,0.05875,0.79875,0.93375,0.03375,0.43375,0.11875,0.48625,0.57875,0.23625,0.22875,0.00625,0.48875,0.95375,0.63875,0.84625,0.78375,0.0215652829,0.0188617267,0.0001535386,0.01239107
393,0.98125,0.87875,0.93875,0.15625,0.90125,0.32375,0.01125,0.72375,0.11625,0.06375,0.86125,0.11625,0.15875,0.55125,0.26375,0.77625,0.65125,0.90125,0.51375,0.03875,-0.220604912,-0.206154322,0.0001564637,0.01250854
394,0.98375,0.44125,0.65875,0.47875,0.72125,0.42125,0.98125,0.48375,0.91375,0.57125,0.11625,0.02875,0.00625,0.91625,0.27125,0.59625,0.08875,0.94375,0.38875,0.79875,0.0026117316,0.00319822,0.0000753969,0.00868314
395,0.98625,0.27625,0.58875,0.62375,0.93875,0.10625,0.55875,0.83375,0.92875,0.31875,0.01125,0.50375,0.49875,0.33625,0.82375,0.83875,0.92125,0.34875,0.13375,0.10125,0.1194467417,0.1232745956,0.0001059833,0.01029482
396,0.98875,0.53875,0.94625,0.66125,0.62875,0.32625,0.59375,0.23375,0.17375,0.08125,0.10625,0.24875,0.01875,0.82375,0.03625,0.23875,0.73625,0.83375,0.90375,0.49625,-0.2697018,-0.2557616,0.0000914968,0.0095654
397,0.99125,0.02625,0.19875,0.31125,0.14625,0.21875,0.63125,0.22125,0.50125,0.29625,0.52875,0.02125,0.68375,0.73875,0.42875,0.15625,0.07875,0.00625,0.89375,0.64875,0.0840228243,0.0840856429,0.0001398884,0.01182744
398,0.99375,0.39625,0.23125,0.19375,0.94625,0.88375,0.32875,0.12375,0.73375,0.46125,0.49875,0.18875,0.42125,0.81375,0.26125,0.75875,0.36125,0.46125,0.52375,0.49125,-0.03003509,-0.02936537,0.0001083133,0.01040737
399,0.99625,0.57125,0.29125,0.57875,0.40875,0.61375,0.44875,0.68875,0.53375,0.30875,0.76125,0.21625,0.52125,0.97875,0.29375,0.05875,0.51375,0.02625,0.33875,0.69625,-0.129701636,-0.127359919,0.0000588826,0.0076735
400,0.99875,0.53375,0.82625,0.29375,0.52125,0.27125,0.10375,0.16375,0.53625,0.66875,0.19375,0.30875,0.03625,0.04375,0.62125,0.51625,0.34625,0.40125,0.61875,0.66875,-0.022466421,-0.033773663,0.0000806569,0.00898092
