x.1,y,yp,yv,ysd
0.23732,-0.44629,-0.44858,0.0088779,0.094222
0.54108,0.072442,0.068827,4.143e-05,0.0064366
0.64492,-0.00531,0.03866,0.00303,0.055046
0.025406,0.88736,-0.053776,0.057522,0.23984
0.69754,0.1941,0.17336,0.00052842,0.022987
0.4922,0.23195,0.21579,0.0012359,0.035155
0.033131,0.73259,-0.07503,0.049403,0.22227
0.88329,0.45295,0.47793,0.0011125,0.033354
0.95479,0.31521,0.37491,0.052146,0.22836
0.97768,0.31214,0.328,0.076242,0.27612
0.77504,0.51714,0.38514,0.018112,0.13458
0.46995,0.28784,0.27799,0.00055193,0.023493
0.66671,0.062429,0.088045,0.00091986,0.030329
0.67641,0.1003,0.11351,0.00023374,0.015289
0.43052,0.32391,0.33643,0.001219,0.034913
0.41861,0.3152,0.33539,0.0034721,0.058925
0.099295,-0.19936,-0.30955,0.0042255,0.065004
0.31573,-0.09042,-0.047389,0.039484,0.19871
0.88563,0.44681,0.47632,0.0016021,0.040026
0.69987,0.20512,0.18021,0.00075583,0.027492
0.28401,-0.2578,-0.23169,0.030565,0.17483
0.57193,-0.01182,0.0077112,0.00095483,0.0309
0.71107,0.25863,0.21318,0.0024181,0.049175
0.73841,0.38603,0.29223,0.0095594,0.097772
0.91368,0.37673,0.44627,0.014645,0.12102
0.23599,-0.45018,-0.45304,0.0083963,0.091631
0.4526,0.31519,0.31405,8.5788e-06,0.002929
0.04524,0.5082,-0.11168,0.037404,0.1934
0.15992,-0.50202,-0.50075,3.6115e-06,0.0019004
0.24314,-0.42815,-0.42775,0.011147,0.10558
0.63284,-0.030573,0.017531,0.0038809,0.062297
0.78643,0.54265,0.40914,0.018569,0.13627
0.81944,0.568,0.46167,0.012524,0.11191
0.64328,-0.00929,0.035494,0.0031716,0.056317
0.53125,0.10463,0.095543,0.00028334,0.016833
0.79457,0.55569,0.42458,0.018035,0.13429
0.49872,0.2123,0.19561,0.0012476,0.035321
0.56721,-0.0012677,0.014421,0.0006379,0.025257
0.68431,0.13386,0.13533,2.8075e-06,0.0016756
0.37129,0.18835,0.23271,0.023639,0.15375
0.80912,0.56787,0.44821,0.015408,0.12413
0.6884,0.15202,0.14693,3.3052e-05,0.0057491
0.93309,0.33941,0.41566,0.030461,0.17453
0.4208,0.31753,0.33632,0.0029569,0.054377
0.48106,0.2624,0.24859,0.00099039,0.03147
0.22576,-0.47706,-0.48332,0.0051799,0.071972
0.3874,0.24706,0.28504,0.01539,0.12406
0.14397,-0.46081,-0.46328,7.8591e-06,0.0028034
0.7324,0.35923,0.27528,0.007762,0.088102
0.10028,-0.20789,-0.31332,0.0039697,0.063006
0.58966,-0.041202,-0.0078524,0.0024541,0.049539
0.065163,0.19116,-0.17976,0.020773,0.14413
0.84909,0.53379,0.48389,0.0031941,0.056516
0.42877,0.32324,0.33688,0.0014691,0.038328
0.091246,-0.12395,-0.27843,0.0067498,0.082157
0.15654,-0.49516,-0.49392,3.0521e-06,0.001747
0.73547,0.37307,0.28399,0.008676,0.093145
0.11022,-0.2866,-0.35113,0.0019428,0.044077
0.58258,-0.031549,-0.0034968,0.0018244,0.042713
0.97459,0.31123,0.33443,0.07304,0.27026
0.36166,0.1469,0.19379,0.028468,0.16872
0.86492,0.49965,0.48532,0.00029908,0.017294
0.53333,0.097709,0.089666,0.00021802,0.014765
0.17811,-0.52363,-0.5259,2.4096e-05,0.0049088
0.46672,0.29415,0.28572,0.00041559,0.020386
0.31404,-0.099666,-0.057289,0.039335,0.19833
0.42192,0.3186,0.33667,0.0027119,0.052075
0.31905,-0.072268,-0.028052,0.039652,0.19913
0.89883,0.41242,0.46454,0.0061192,0.078225
0.92018,0.36282,0.43678,0.019425,0.13937
0.95677,0.31403,0.37095,0.054234,0.23288
0.3241,-0.044683,0.0010758,0.03959,0.19897
0.5804,-0.027997,-0.0016525,0.0016341,0.040425
0.12825,-0.39599,-0.4153,0.0002922,0.017094
0.14258,-0.45609,-0.45942,1.3628e-05,0.0036916
0.92727,0.34922,0.42553,0.025252,0.15891
0.97264,0.31086,0.33849,0.070997,0.26645
0.95084,0.31809,0.38269,0.048022,0.21914
0.40373,0.29074,0.32006,0.0081575,0.090319
0.12435,-0.3757,-0.40208,0.00048557,0.022036
0.52912,0.11174,0.10165,0.00035557,0.018857
0.88518,0.44798,0.47664,0.0015016,0.03875
0.63664,-0.02364,0.023622,0.0036655,0.060543
0.86577,0.49761,0.48519,0.0002265,0.01505
0.59561,-0.047006,-0.0095898,0.0029661,0.054462
0.91447,0.37496,0.44516,0.015198,0.12328
0.23041,-0.46552,-0.47042,0.0065344,0.080836
0.54263,0.067506,0.064869,2.1772e-05,0.004666
0.17718,-0.52312,-0.52512,1.8135e-05,0.0042586
0.33251,0.00087434,0.048482,0.038641,0.19657
0.91677,0.36995,0.44186,0.016845,0.12979
0.39097,0.25805,0.2943,0.013664,0.11689
0.46186,0.30264,0.29653,0.00022694,0.015065
0.70501,0.22954,0.19529,0.0014014,0.037435
0.42281,0.31937,0.33688,0.002527,0.050269
0.15746,-0.49713,-0.49585,3.3627e-06,0.0018338
0.68641,0.14315,0.14128,4.4856e-06,0.0021179
0.61158,-0.051381,-0.0056869,0.0039839,0.063118
0.59977,-0.04975,-0.0097646,0.0032942,0.057396
0.7396,0.39122,0.29555,0.0099196,0.099597
0.026199,0.87108,-0.055879,0.056677,0.23807
0.044463,0.52189,-0.10921,0.038138,0.19529
0.6802,0.11612,0.12387,7.9145e-05,0.0088963
0.93848,0.33152,0.40606,0.035568,0.18859
0.6795,0.11315,0.12193,0.000102,0.010099
0.52667,0.12,0.10882,0.00044437,0.02108
0.58874,-0.040111,-0.0074265,0.0023723,0.048707
0.97061,0.31065,0.3427,0.068866,0.26242
0.8714,0.48373,0.4838,8.2839e-09,9.1016e-05
0.93905,0.33076,0.40502,0.036122,0.19006
0.34668,0.074917,0.12354,0.034834,0.18664
0.76728,0.49512,0.36727,0.017044,0.13055
0.7503,0.4355,0.32459,0.013072,0.11433
0.21305,-0.50258,-0.51078,0.0024038,0.049028
0.42932,0.32347,0.33676,0.0013875,0.037249
0.52172,0.13671,0.12364,0.00063275,0.025155
0.11136,-0.29475,-0.35538,0.0017702,0.042074
0.26391,-0.35024,-0.33753,0.020821,0.14429
0.77658,0.52105,0.38852,0.018253,0.1351
0.94623,0.32232,0.3916,0.043279,0.20804
0.029162,0.81102,-0.063897,0.053542,0.23139
0.21596,-0.49753,-0.50552,0.0029233,0.054068
0.45698,0.30986,0.30628,8.0866e-05,0.0089925
0.69667,0.19005,0.17084,0.00045495,0.02133
0.24901,-0.40819,-0.40467,0.013669,0.11692
0.77321,0.51227,0.38103,0.017912,0.13384
0.53635,0.087748,0.081338,0.00013523,0.011629
0.93451,0.33721,0.41316,0.031788,0.17829
0.57519,-0.018488,0.0036919,0.0012025,0.034677
0.27664,-0.29338,-0.27215,0.027139,0.16474
0.64246,-0.011218,0.033943,0.0032398,0.056919
0.78143,0.53247,0.39894,0.018539,0.13616
0.44017,0.32397,0.33031,0.00029108,0.017061
0.16537,-0.51115,-0.51043,1.4321e-06,0.0011967
0.75129,0.43935,0.3272,0.013348,0.11553
0.46033,0.30505,0.29972,0.00017519,0.013236
0.94098,0.32827,0.40147,0.038016,0.19498
0.39822,0.27791,0.31035,0.010392,0.10194
0.79929,0.5612,0.4328,0.017405,0.13193
0.78026,0.52986,0.39648,0.018493,0.13599
0.50947,0.1778,0.16172,0.0010584,0.032533
0.14173,-0.45311,-0.45702,1.8248e-05,0.0042718
0.55611,0.027249,0.034147,0.00013403,0.011577
0.059016,0.28188,-0.15785,0.025407,0.1594
0.3484,0.083554,0.13212,0.034208,0.18495
0.034352,0.70891,-0.078547,0.048146,0.21942
0.22655,-0.47518,-0.48124,0.0053973,0.073466
0.74075,0.39617,0.29873,0.010266,0.10132
0.22822,-0.47111,-0.4767,0.0058719,0.076628
0.12007,-0.35137,-0.38711,0.00078658,0.028046
0.7565,0.45894,0.3407,0.014728,0.12136
0.64577,-0.0031732,0.040342,0.0029539,0.05435
0.84981,0.53241,0.48412,0.0030068,0.054834
0.14865,-0.47527,-0.47558,1.4433e-07,0.00037991
0.34322,0.057245,0.10586,0.035997,0.18973
0.70203,0.21535,0.18654,0.0010027,0.031665
0.6085,-0.051852,-0.0073924,0.0038465,0.06202
0.12147,-0.35956,-0.39205,0.00067691,0.026018
0.33812,0.030694,0.07902,0.037445,0.19351
0.76227,0.47908,0.35517,0.016074,0.12678
0.19652,-0.52195,-0.52891,0.00056836,0.02384
0.062203,0.23404,-0.16912,0.022944,0.15147
0.99438,0.32354,0.29347,0.092768,0.30458
0.54997,0.044963,0.047306,1.6194e-05,0.0040242
0.014369,1.1227,-0.02641,0.069414,0.26347
0.1854,-0.52561,-0.52993,0.00012253,0.01107
0.98832,0.31819,0.30593,0.086945,0.29487
0.75994,0.47115,0.34939,0.015557,0.12473
0.32106,-0.061258,-0.016389,0.039673,0.19918
0.86767,0.49299,0.48482,9.9624e-05,0.0099812
0.51161,0.17074,0.15501,0.00099556,0.031552
0.29476,-0.20315,-0.17037,0.034864,0.18672
0.71564,0.2806,0.22666,0.0033565,0.057935
0.20691,-0.51165,-0.51986,0.0015153,0.038927
0.78169,0.53305,0.39949,0.018547,0.13619
0.87532,0.47373,0.4823,0.00011885,0.010902
0.53862,0.080367,0.07526,8.4294e-05,0.0091812
0.70623,0.2354,0.1989,0.0015849,0.03981
0.14637,-0.46847,-0.4697,2.1199e-06,0.001456
0.77165,0.50796,0.37748,0.017716,0.1331
0.15328,-0.48761,-0.48673,1.3649e-06,0.0011683
0.068275,0.14765,-0.19111,0.018614,0.13643
0.20288,-0.5164,-0.5243,0.0010731,0.032758
0.057406,0.30668,-0.15223,0.026699,0.1634
0.46117,0.30374,0.29798,0.00020315,0.014253
0.077178,0.032159,-0.22436,0.013162,0.11473
0.48546,0.25091,0.23596,0.0011184,0.033443
0.78979,0.54857,0.41569,0.018436,0.13578
0.7341,0.36694,0.28013,0.0082676,0.090926
0.47094,0.2858,0.27553,0.00059428,0.024378
0.7729,0.51143,0.38033,0.017875,0.1337
0.58086,-0.028766,-0.0020598,0.0016738,0.040912
0.9912,0.32057,0.29999,0.089742,0.29957
0.14719,-0.47098,-0.47185,1.0888e-06,0.0010434
0.39572,0.27144,0.30524,0.011481,0.10715
0.96692,0.31073,0.3503,0.064981,0.25491
0.6096,-0.051758,-0.0068367,0.0038993,0.062444
0.79659,0.55823,0.42817,0.017793,0.13339
0.56815,-0.0034498,0.013003,0.00069664,0.026394
0.60665,-0.051828,-0.0081987,0.0037486,0.061226
0.39402,0.26681,0.3015,0.012246,0.11066
0.37835,0.21584,0.25771,0.01998,0.14135
0.30047,-0.17306,-0.13707,0.03668,0.19152
0.85404,0.524,0.48513,0.0020083,0.044814
0.66422,0.0534,0.081804,0.0011446,0.033832
0.22229,-0.48492,-0.49198,0.0042879,0.065482
0.75485,0.45285,0.33645,0.014304,0.1196
0.47788,0.27024,0.2574,0.00087747,0.029622
0.088114,-0.09192,-0.2663,0.0079495,0.08916
0.95521,0.31494,0.37406,0.052592,0.22933
0.32676,-0.030194,0.016249,0.039403,0.1985
0.48685,0.24711,0.23185,0.0011511,0.033927
0.24558,-0.42006,-0.41841,0.012169,0.11031
0.19937,-0.51977,-0.52721,0.00076734,0.027701
0.25853,-0.37234,-0.36311,0.01815,0.13472
0.14951,-0.47772,-0.47774,6.8856e-10,2.624e-05
0.16128,-0.50452,-0.50332,3.3662e-06,0.0018347
0.46646,0.29464,0.28632,0.00040482,0.02012
0.96108,0.31207,0.36225,0.05879,0.24247
0.90186,0.40479,0.46123,0.0075691,0.087001
0.15581,-0.49355,-0.49236,2.7374e-06,0.0016545
0.19818,-0.52074,-0.52799,0.00067915,0.026061
0.3251,-0.039214,0.0068138,0.039532,0.19883
0.71761,0.29,0.23243,0.0038002,0.061645
0.77791,0.52434,0.39144,0.018356,0.13549
0.098483,-0.19219,-0.30642,0.0044454,0.066674
0.9626,0.31157,0.35915,0.060404,0.24577
0.75555,0.45545,0.33826,0.014486,0.12036
0.24729,-0.41422,-0.41166,0.012907,0.11361
0.90364,0.40037,0.45917,0.0084944,0.092165
0.48039,0.26408,0.25046,0.00096795,0.031112
0.70387,0.22413,0.19196,0.0012417,0.035238
0.66783,0.066575,0.090886,0.00082414,0.028708
0.87907,0.46403,0.48047,0.00045692,0.021376
0.22383,-0.48151,-0.48824,0.0046716,0.068349
0.3754,0.20469,0.24766,0.021507,0.14665
0.47428,0.27858,0.267,0.00073491,0.027109
0.14018,-0.44753,-0.45259,2.9088e-05,0.0053933
0.91904,0.36516,0.4385,0.018547,0.13619
0.41151,0.30539,0.33005,0.0054517,0.073835
0.67761,0.10527,0.11678,0.00017655,0.013287
0.51839,0.14797,0.13384,0.00075978,0.027564
0.67041,0.076384,0.097552,0.00061722,0.024844
0.90935,0.38663,0.4521,0.011802,0.10864
0.15356,-0.48828,-0.48736,1.521e-06,0.0012333
0.78299,0.53583,0.40219,0.018578,0.1363
0.97353,0.31101,0.33663,0.071932,0.2682
0.82741,0.56352,0.4701,0.0099589,0.099795
0.96953,0.31062,0.34493,0.067728,0.26025
0.81784,0.56842,0.45978,0.01301,0.11406
0.27883,-0.28301,-0.26031,0.028185,0.16788
0.31744,-0.081062,-0.037404,0.039591,0.19898
0.48588,0.24977,0.23472,0.0011287,0.033597
0.015151,1.1055,-0.028233,0.068567,0.26185
0.2865,-0.24543,-0.21771,0.031646,0.17789
0.29839,-0.18408,-0.14923,0.036063,0.1899
0.13907,-0.44336,-0.44934,3.9191e-05,0.0062603
0.6311,-0.033432,0.014921,0.0039609,0.062936
0.31453,-0.096955,-0.054383,0.039383,0.19845
0.92607,0.35139,0.42749,0.024228,0.15565
0.71301,0.26794,0.21889,0.0027982,0.052898
0.79323,0.55385,0.42215,0.018172,0.1348
0.47661,0.27325,0.26084,0.00082861,0.028786
0.80067,0.56253,0.43512,0.017177,0.13106
0.62307,-0.043952,0.00447,0.0041662,0.064546
0.85528,0.52141,0.48532,0.0017467,0.041793
0.62494,-0.041888,0.0066712,0.0041429,0.064366
0.9212,0.36075,0.43521,0.020226,0.14222
0.12713,-0.39037,-0.41157,0.00034055,0.018454
0.72452,0.32278,0.25261,0.0055346,0.074395
0.0059145,1.3128,-0.0078611,0.078519,0.28021
0.23156,-0.4625,-0.46702,0.0068963,0.083044
0.62573,-0.040951,0.0076385,0.0041287,0.064255
0.10946,-0.28105,-0.34827,0.0020646,0.045438
0.74505,0.41432,0.31052,0.011553,0.10749
0.29145,-0.22029,-0.18949,0.03365,0.18344
0.96378,0.31126,0.35674,0.061657,0.24831
0.25734,-0.37701,-0.36853,0.017574,0.13257
0.80722,0.56708,0.44542,0.01586,0.12594
0.64707,0.00016882,0.042948,0.002835,0.053244
0.35568,0.11916,0.16707,0.031229,0.17672
0.31108,-0.1158,-0.074642,0.038975,0.19742
0.24099,-0.43504,-0.43569,0.010281,0.10139
0.71946,0.29882,0.23785,0.0042391,0.065108
0.096332,-0.17273,-0.29811,0.0050646,0.071166
0.052492,0.38512,-0.13544,0.030831,0.17559
0.78378,0.53745,0.40379,0.018587,0.13633
0.82227,0.56685,0.46487,0.011635,0.10786
0.31345,-0.1029,-0.060758,0.039273,0.19818
0.14485,-0.46368,-0.46566,5.2139e-06,0.0022834
0.51724,0.15185,0.1374,0.00080255,0.028329
0.26764,-0.33424,-0.31906,0.022688,0.15063
0.16302,-0.5075,-0.50646,2.7027e-06,0.001644
0.30587,-0.14406,-0.10529,0.038038,0.19503
0.81001,0.56815,0.44948,0.015187,0.12323
0.57084,-0.0094739,0.009169,0.00087691,0.029613
0.10306,-0.23137,-0.32402,0.0033003,0.057448
0.18449,-0.52556,-0.52963,0.00010408,0.010202
0.36371,0.15611,0.20255,0.027467,0.16573
0.79243,0.55269,0.42067,0.018245,0.13507
0.38985,0.25471,0.2915,0.014196,0.11915
0.34515,0.067136,0.11578,0.035366,0.18806
0.66077,0.041381,0.073367,0.0014765,0.038425
0.9178,0.36777,0.44036,0.017604,0.13268
0.26519,-0.34484,-0.33129,0.021457,0.14648
0.048434,0.45292,-0.12199,0.034443,0.18559
0.74363,0.40838,0.30664,0.01113,0.1055
0.39661,0.2738,0.30712,0.011085,0.10529
0.070415,0.11868,-0.199,0.017205,0.13117
0.28124,-0.27138,-0.24709,0.029312,0.17121
0.98731,0.31743,0.30801,0.085958,0.29319
0.35876,0.13363,0.18107,0.029836,0.17273
0.46302,0.30073,0.29404,0.00026917,0.016406
0.86917,0.4893,0.48446,3.5578e-05,0.0059647
0.55921,0.018807,0.028102,0.00023769,0.015417
0.8969,0.41735,0.46654,0.0052728,0.072614
0.019207,1.0176,-0.037967,0.064181,0.25334
0.90269,0.40272,0.46027,0.0079957,0.089418
0.17057,-0.51769,-0.51799,3.0691e-07,0.00055399
0.29378,-0.20825,-0.17605,0.034516,0.18578
0.61598,-0.049599,-0.0024953,0.0041178,0.06417
0.66568,0.058669,0.085455,0.0010108,0.031793
0.34404,0.061499,0.11013,0.035732,0.18903
0.42717,0.32244,0.33712,0.001721,0.041485
0.74859,0.42872,0.32004,0.012586,0.11219
0.55365,0.034211,0.039246,7.275e-05,0.0085293
0.27409,-0.30527,-0.28575,0.025897,0.16093
0.99576,0.32495,0.29064,0.094066,0.3067
0.21856,-0.49261,-0.5003,0.0034446,0.05869
0.48999,0.23832,0.22248,0.0012089,0.034769
0.84055,0.54827,0.48008,0.0056561,0.075207
0.0036064,1.366,-0.0031576,0.080977,0.28456
0.29757,-0.18839,-0.15399,0.035806,0.18922
0.18857,-0.52537,-0.53054,0.0002049,0.014314
0.75217,0.44273,0.32949,0.013588,0.11657
0.29936,-0.17895,-0.14357,0.036357,0.19068
0.90407,0.39932,0.45867,0.0087251,0.093408
0.84317,0.54418,0.48148,0.0048561,0.069685
0.28463,-0.25477,-0.22826,0.030836,0.1756
0.90063,0.40787,0.4626,0.0069615,0.083436
0.73031,0.34973,0.26934,0.0071548,0.084586
0.69088,0.16325,0.15403,0.00010712,0.01035
0.56043,0.015582,0.025834,0.00028657,0.016928
0.54158,0.070864,0.067557,3.4523e-05,0.0058756
0.98237,0.31426,0.31825,0.081029,0.28466
0.03741,0.65067,-0.087529,0.04504,0.21223
0.13368,-0.42134,-0.4329,0.00012361,0.011118
0.99675,0.32599,0.28862,0.094988,0.3082
0.1305,-0.40691,-0.42272,0.00020981,0.014485
0.44234,0.32314,0.32813,0.00017683,0.013298
0.49925,0.21066,0.19395,0.0012441,0.035272
0.67886,0.11047,0.12018,0.00012511,0.011185
0.37643,0.20865,0.25124,0.020971,0.14482
0.18023,-0.52458,-0.52745,4.2439e-05,0.0065145
0.43912,0.32426,0.33126,0.00035749,0.018907
0.2105,-0.50661,-0.51489,0.0020014,0.044737
0.13466,-0.42557,-0.43597,0.00010313,0.010155
0.671,0.078679,0.0991,0.00057287,0.023935
0.83214,0.55911,0.47426,0.0083877,0.091584
0.83707,0.55319,0.47792,0.0067622,0.082233
0.88823,0.43994,0.47435,0.002258,0.047518
0.70077,0.20935,0.18282,0.00085366,0.029218
0.047115,0.47554,-0.1177,0.035653,0.18882
0.9247,0.35394,0.42971,0.023071,0.15189
0.5437,0.064156,0.062206,1.1817e-05,0.0034375
0.67272,0.085429,0.10363,0.00045157,0.02125
0.50401,0.19559,0.17896,0.0011841,0.034411
0.99515,0.32432,0.29189,0.093495,0.30577
0.41534,0.31112,0.33338,0.0043223,0.065744
0.054263,0.35639,-0.14143,0.02931,0.1712
0.20817,-0.50997,-0.51822,0.0016755,0.040933
0.18795,-0.52547,-0.53048,0.00018661,0.013661
0.91152,0.3816,0.44922,0.013195,0.11487
0.1083,-0.27248,-0.34392,0.0022591,0.04753
0.58183,-0.03035,-0.0028857,0.0017582,0.04193
0.26446,-0.34791,-0.33484,0.021095,0.14524
0.4446,0.32195,0.32555,9.0324e-05,0.0095039
0.50042,0.20699,0.19027,0.001234,0.035129
0.96817,0.31064,0.34773,0.066296,0.25748
0.59762,-0.048469,-0.0097806,0.0031287,0.055935
0.6533,0.017576,0.056135,0.0022287,0.047209
0.09303,-0.1415,-0.28533,0.0061225,0.078246
0.9528,0.31657,0.37885,0.050062,0.22375
0.84164,0.54661,0.48069,0.0053192,0.072933
0.22177,-0.48602,-0.49318,0.0041651,0.064537
0.19322,-0.52385,-0.53014,0.00038619,0.019652
0.42607,0.32179,0.33718,0.0019073,0.043672
0.018184,1.0396,-0.035466,0.065287,0.25551
0.49676,0.21832,0.20172,0.0012548,0.035423
0.43792,0.3245,0.33227,0.00044357,0.021061
0.94247,0.32647,0.39871,0.039488,0.19872
0.72536,0.32674,0.25506,0.0057621,0.075909
0.72927,0.34492,0.26634,0.0068538,0.082788
0.35754,0.12794,0.17559,0.030396,0.17434
0.85807,0.5154,0.4856,0.0012182,0.034902
0.90874,0.38807,0.4529,0.011423,0.10688
0.56148,0.012842,0.023928,0.0003324,0.018232
0.15896,-0.50018,-0.49889,3.6209e-06,0.0019029
0.2759,-0.29685,-0.27611,0.026781,0.16365
0.83839,0.5514,0.47878,0.00634,0.079624
0.20039,-0.51887,-0.52646,0.00084882,0.029135
0.77918,0.52738,0.39418,0.018438,0.13579
0.97691,0.31188,0.32961,0.075442,0.27467
0.92759,0.34864,0.425,0.025532,0.15979
0.47183,0.28392,0.2733,0.00063213,0.025142
0.89597,0.41976,0.46747,0.0048868,0.069906
0.24173,-0.43271,-0.433,0.010574,0.10283
0.55538,0.029309,0.035645,0.00011372,0.010664
0.056172,0.326,-0.14797,0.02771,0.16646
0.46546,0.29647,0.28861,0.00036413,0.019082
0.35709,0.12582,0.17354,0.0306,0.17493
0.31634,-0.087109,-0.043853,0.039527,0.19881
0.21848,-0.49277,-0.50047,0.0034277,0.058547
0.84276,0.54484,0.48127,0.0049786,0.070559
0.37385,0.19864,0.24215,0.022311,0.14937
0.051221,0.40606,-0.13119,0.031943,0.17873
0.45214,0.31569,0.31481,5.1002e-06,0.0022584
0.010441,1.21,-0.017533,0.073658,0.2714
0.12313,-0.36902,-0.39788,0.00056073,0.02368
0.37003,0.18319,0.22794,0.024285,0.15584
0.81596,0.56872,0.45745,0.013569,0.11648
0.74196,0.40136,0.30208,0.010631,0.10311
0.81152,0.56851,0.45159,0.014799,0.12165
0.049302,0.43818,-0.12483,0.033656,0.18345
0.40688,0.29717,0.32463,0.006996,0.083642
0.49752,0.21599,0.19934,0.0012531,0.035399
0.50507,0.19219,0.17563,0.0011642,0.034121
0.57633,-0.020681,0.0024145,0.0012932,0.035961
0.55121,0.041286,0.044525,3.0671e-05,0.0055382
0.56508,0.0038102,0.017779,0.00051372,0.022665
0.80237,0.56399,0.43789,0.016874,0.1299
0.59398,-0.045638,-0.0092897,0.0028302,0.053199
0.2167,-0.49616,-0.50408,0.003067,0.055381
0.71688,0.28653,0.2303,0.0036336,0.06028
0.087091,-0.081131,-0.26235,0.0083688,0.091481
0.092107,-0.13248,-0.28176,0.0064422,0.080263
0.91279,0.37872,0.4475,0.014037,0.11848
0.39476,0.26885,0.30315,0.01191,0.10913
0.73198,0.35736,0.27411,0.0076413,0.087415
0.53514,0.091741,0.084659,0.00016665,0.012909
0.046357,0.48867,-0.11526,0.036357,0.19068
0.62775,-0.03835,0.010243,0.0040798,0.063873
0.67567,0.097252,0.1115,0.0002728,0.016517
0.19779,-0.52103,-0.52822,0.00065216,0.025537
0.42796,0.32286,0.33702,0.001593,0.039912
0.9786,0.31249,0.32609,0.077188,0.27783
0.87452,0.47581,0.48265,7.5045e-05,0.0086629
0.53466,0.093319,0.085978,0.00017974,0.013407
0.1865,-0.5256,-0.53023,0.00014789,0.012161
0.20147,-0.51785,-0.52558,0.00094141,0.030682
0.53049,0.10717,0.097714,0.00030859,0.017567
0.68714,0.14638,0.14334,1.1844e-05,0.0034415
0.19199,-0.52438,-0.5304,0.00033059,0.018182
0.65531,0.023675,0.060627,0.0020256,0.045007
0.41083,0.30428,0.32935,0.0056654,0.075269
0.71082,0.25744,0.21245,0.0023714,0.048697
0.11423,-0.3145,-0.366,0.0013835,0.037196
0.27031,-0.32243,-0.30546,0.024025,0.155
0.2556,-0.3838,-0.37641,0.016732,0.12935
0.61313,-0.050904,-0.0046646,0.0040397,0.063558
0.20613,-0.51264,-0.52081,0.0014219,0.037708
0.20434,-0.51479,-0.52283,0.0012214,0.034949
0.11948,-0.34781,-0.38499,0.00083702,0.028931
0.50815,0.18215,0.1659,0.0010938,0.033073
0.050222,0.4227,-0.12787,0.03283,0.18119
0.93639,0.33445,0.40983,0.033555,0.18318
0.73573,0.37422,0.28472,0.0087537,0.093561
0.73334,0.3635,0.27796,0.0080405,0.089669
0.7708,0.50556,0.37552,0.017599,0.13266
0.82926,0.56194,0.47181,0.0093435,0.096662
0.93729,0.33316,0.40821,0.034419,0.18552
0.82419,0.56579,0.46691,0.011016,0.10496
0.18114,-0.52489,-0.52802,5.2558e-05,0.0072497
0.38301,0.23251,0.27247,0.017586,0.13261
0.44719,0.3202,0.32223,2.8099e-05,0.0053008
0.83039,0.56089,0.4728,0.008969,0.094705
0.38641,0.2439,0.28233,0.015877,0.126
0.72266,0.31405,0.24722,0.0050456,0.071032
0.25169,-0.3985,-0.39345,0.014891,0.12203
0.81362,0.56877,0.45442,0.014233,0.1193
0.51051,0.17436,0.15844,0.0010286,0.032071
0.013374,1.1446,-0.02412,0.07049,0.2655
0.35152,0.09905,0.14742,0.03299,0.18163
0.59069,-0.04236,-0.0082786,0.002545,0.050448
0.20524,-0.51373,-0.52184,0.0013196,0.036326
0.78886,0.547,0.4139,0.018485,0.13596
0.19096,-0.52476,-0.53053,0.00028829,0.016979
0.79556,0.55697,0.42635,0.017922,0.13387
0.32042,-0.064781,-0.020115,0.039673,0.19918
0.60099,-0.050345,-0.0096545,0.0033839,0.058171
0.85616,0.51956,0.48543,0.0015724,0.039654
0.87182,0.48267,0.48366,1.5315e-06,0.0012375
0.54696,0.054056,0.054286,1.5875e-07,0.00039843
0.16211,-0.50597,-0.50485,3.0926e-06,0.0017586
0.89733,0.41626,0.4661,0.005455,0.073858
0.6931,0.17344,0.16044,0.00021095,0.014524
0.17387,-0.52079,-0.5219,4.836e-06,0.0021991
0.25345,-0.39198,-0.38589,0.015711,0.12534
0.8345,0.55644,0.4761,0.0076038,0.0872
0.17036,-0.51746,-0.51771,2.1329e-07,0.00046184
0.079484,0.004377,-0.23313,0.011928,0.10921
0.85107,0.52999,0.48447,0.0026939,0.051903
0.28046,-0.27519,-0.25141,0.028948,0.17014
0.48719,0.24618,0.23086,0.0011583,0.034034
0.75777,0.46351,0.34393,0.015042,0.12265
0.26176,-0.3592,-0.3479,0.019749,0.14053
0.25666,-0.37968,-0.37162,0.017244,0.13132
0.89302,0.42739,0.47027,0.0037663,0.06137
0.47504,0.27687,0.26502,0.00076593,0.027676
0.55166,0.03996,0.043528,3.7098e-05,0.0060909
0.86077,0.50936,0.48565,0.00078809,0.028073
0.26658,-0.33887,-0.3244,0.022154,0.14884
0.80025,0.56214,0.43443,0.017248,0.13133
0.83987,0.54928,0.47969,0.005869,0.076609
0.86315,0.50384,0.48552,0.00048054,0.021921
0.91547,0.37277,0.44374,0.015904,0.12611
0.64113,-0.014235,0.031492,0.0033458,0.057843
0.13219,-0.41469,-0.42815,0.00016019,0.012657
0.39911,0.28013,0.31208,0.010013,0.10006
0.84806,0.5357,0.48355,0.0034643,0.058858
0.3855,0.24092,0.27977,0.01633,0.12779
0.62423,-0.042696,0.0058218,0.0041535,0.064448
0.27539,-0.29924,-0.27885,0.026532,0.16289
0.43544,0.32471,0.33406,0.00065492,0.025591
0.40047,0.28338,0.31457,0.0094514,0.097218
0.23906,-0.44103,-0.44257,0.0095311,0.097627
0.21122,-0.50551,-0.51378,0.0021104,0.045939
0.36524,0.16283,0.2089,0.026711,0.16343
0.69839,0.19812,0.17586,0.00060672,0.024632
0.16436,-0.50963,-0.50876,2.0055e-06,0.0014162
0.83634,0.55415,0.47742,0.0070014,0.083674
0.79082,0.55023,0.41765,0.01837,0.13554
0.90543,0.396,0.45704,0.0094732,0.097331
0.42032,0.31705,0.33615,0.0030664,0.055375
0.89047,0.43406,0.47252,0.0029145,0.053986
0.91025,0.38453,0.45092,0.012371,0.11122
0.72001,0.30145,0.23947,0.0043741,0.066137
0.080158,-0.0035793,-0.2357,0.01158,0.10761
0.51944,0.14443,0.13061,0.00072013,0.026835
0.25057,-0.40261,-0.39821,0.014373,0.11989
0.6365,-0.02392,0.023381,0.0036746,0.060619
0.98543,0.31612,0.3119,0.084101,0.29
0.52089,0.13953,0.12618,0.0006648,0.025784
0.11547,-0.32267,-0.37053,0.0012371,0.035172
0.27945,-0.28005,-0.25694,0.028476,0.16875
0.34722,0.077641,0.12625,0.034641,0.18612
0.071186,0.10844,-0.20186,0.016712,0.12928
0.46438,0.29839,0.29104,0.00032127,0.017924
0.0047909,1.3386,-0.0055522,0.079718,0.28234
0.79744,0.55922,0.42965,0.017679,0.13296
0.97996,0.31306,0.32328,0.078572,0.28031
0.9834,0.31484,0.31612,0.082064,0.28647
0.44995,0.31787,0.31826,1.0081e-06,0.001004
0.89179,0.43061,0.47138,0.0033403,0.057795
0.70404,0.22494,0.19246,0.0012651,0.035568
0.08329,-0.039565,-0.2477,0.010049,0.10025
0.030342,0.78747,-0.06716,0.052303,0.2287
0.81863,0.56823,0.46072,0.012773,0.11302
0.57204,-0.012043,0.007574,0.00096246,0.031024
0.13801,-0.43925,-0.44618,5.087e-05,0.0071323
0.5073,0.18492,0.16857,0.0011149,0.033389
0.60914,-0.051807,-0.0070742,0.0038779,0.062273
0.93208,0.34101,0.4174,0.029537,0.17186
0.90695,0.39231,0.45516,0.010352,0.10175
0.84409,0.54266,0.48192,0.0045824,0.067693
0.61079,-0.051563,-0.0061653,0.003952,0.062865
0.20187,-0.51745,-0.52524,0.00097731,0.031262
0.58392,-0.033586,-0.0045064,0.0019421,0.044069
0.54722,0.053259,0.053669,5.0367e-07,0.0007097
0.96621,0.31081,0.35177,0.064225,0.25343
0.68958,0.15736,0.15031,6.2957e-05,0.0079346
0.92874,0.34662,0.42309,0.026535,0.16289
0.81248,0.56867,0.4529,0.014543,0.12059
0.4171,0.31341,0.33456,0.0038507,0.062054
0.63957,-0.017662,0.028667,0.0034647,0.058862
0.22893,-0.46932,-0.47469,0.0060831,0.077994
0.51431,0.1617,0.14652,0.00090699,0.030116
0.52511,0.12528,0.11346,0.0005031,0.02243
0.53358,0.096889,0.088976,0.00021068,0.014515
0.50398,0.1957,0.17908,0.0011847,0.03442
0.50574,0.19001,0.1735,0.0011503,0.033917
0.38227,0.22995,0.27022,0.017963,0.13403
0.53695,0.085777,0.079706,0.00012068,0.010985
0.3283,-0.021813,0.024985,0.039246,0.19811
0.66916,0.071588,0.094303,0.00071491,0.026738
0.086141,-0.07096,-0.25869,0.0087707,0.093652
0.74758,0.42467,0.31734,0.012295,0.11088
0.56636,0.0007374,0.015738,0.00058683,0.024225
0.83918,0.55028,0.47927,0.0060875,0.078022
0.55264,0.037109,0.041397,5.3162e-05,0.0072913
0.30827,-0.13111,-0.09121,0.038515,0.19625
0.65913,0.035892,0.069461,0.0016396,0.040492
0.62822,-0.03771,0.010868,0.0040661,0.063766
0.4788,0.26803,0.25489,0.00091147,0.030191
0.09035,-0.11494,-0.27496,0.0070801,0.084144
0.36267,0.15145,0.19812,0.027979,0.16727
0.77829,0.52524,0.39225,0.018382,0.13558
0.43553,0.32471,0.334,0.00064635,0.025424
0.14817,-0.47388,-0.47436,3.4755e-07,0.00058953
0.17465,-0.52141,-0.52273,7.0232e-06,0.0026501
0.92394,0.35539,0.43092,0.02244,0.1498
0.61801,-0.048331,-0.0007256,0.0041534,0.064447
0.40849,0.3002,0.32669,0.0064359,0.080224
0.32796,-0.023675,0.023047,0.039284,0.1982
0.63013,-0.03493,0.013524,0.004,0.063246
0.66374,0.051705,0.080623,0.0011892,0.034485
0.20766,-0.51065,-0.51889,0.0016098,0.040122
0.65728,0.029885,0.065142,0.0018257,0.042728
0.96179,0.31182,0.36081,0.059544,0.24402
0.69237,0.17012,0.15836,0.00017324,0.013162
0.69109,0.16424,0.15466,0.00011567,0.010755
0.38757,0.2476,0.2855,0.015307,0.12372
0.095057,-0.16088,-0.29318,0.0054572,0.073873
0.32289,-0.051251,-0.0058304,0.03964,0.1991
0.48215,0.25964,0.24551,0.0010253,0.03202
0.35921,0.13572,0.18308,0.029627,0.17212
0.62928,-0.036194,0.012327,0.0040312,0.063492
0.82829,0.5628,0.47093,0.0096663,0.098317
0.85072,0.53067,0.48438,0.0027797,0.052723
0.46934,0.28908,0.27949,0.00052572,0.022928
0.569,-0.0053868,0.011756,0.00075163,0.027416
0.48815,0.2435,0.22798,0.0011778,0.034318
0.15205,-0.48453,-0.48388,7.0734e-07,0.00084104
0.10138,-0.21731,-0.31756,0.0036949,0.060786
0.60408,-0.051416,-0.0090524,0.003594,0.05995
0.59221,-0.043957,-0.0088127,0.002678,0.051749
0.9109,0.38303,0.45006,0.012789,0.11309
0.082499,-0.030631,-0.24467,0.010423,0.10209
0.31259,-0.10759,-0.065803,0.039174,0.19792
0.52799,0.11554,0.10494,0.00039589,0.019897
0.43369,0.32461,0.33508,0.00083291,0.02886
0.76901,0.50033,0.37135,0.01733,0.13164
0.76595,0.49099,0.3641,0.016806,0.12964
0.74414,0.41055,0.30805,0.011284,0.10623
0.65664,0.027862,0.063678,0.00189,0.043474
0.95837,0.3132,0.36773,0.055925,0.23648
0.45077,0.31709,0.317,5.1825e-08,0.00022765
0.44333,0.32266,0.32703,0.00013492,0.011616
0.76334,0.48261,0.35779,0.016297,0.12766
0.68905,0.15499,0.14881,4.8485e-05,0.0069631
0.58547,-0.035842,-0.0055764,0.0020809,0.045617
0.16841,-0.51522,-0.51505,8.9899e-08,0.00029983
0.49342,0.22835,0.21203,0.0012459,0.035297
0.85953,0.51215,0.48565,0.00097455,0.031218
0.4515,0.31636,0.31585,1.7322e-06,0.0013161
0.36909,0.1793,0.22433,0.024764,0.15737
0.055451,0.3374,-0.14549,0.028309,0.16825
0.88663,0.44417,0.47559,0.0018402,0.042897
0.55833,0.021177,0.029783,0.00020514,0.014323
0.30173,-0.16632,-0.12966,0.037031,0.19243
0.15463,-0.49085,-0.48978,2.1302e-06,0.0014595
0.65814,0.032658,0.067142,0.0017388,0.041699
0.54007,0.075664,0.071431,5.7261e-05,0.0075671
0.17563,-0.52213,-0.52371,1.0541e-05,0.0032467
0.8265,0.56423,0.46923,0.010259,0.10129
0.33996,0.040352,0.088823,0.03696,0.19225
0.38462,0.23798,0.27723,0.016773,0.12951
0.28236,-0.26593,-0.2409,0.029823,0.17269
0.29563,-0.1986,-0.16532,0.035164,0.18752
0.57737,-0.02264,0.0012946,0.0013784,0.037127
0.38859,0.25083,0.28824,0.014805,0.12168
0.8763,0.47121,0.48186,0.00018553,0.013621
0.56453,0.005154,0.01868,0.00048365,0.021992
0.57805,-0.023885,0.00059412,0.0014348,0.037879
0.58405,-0.033792,-0.0046064,0.0019544,0.044209
0.68135,0.12105,0.12707,4.7523e-05,0.0068937
0.20301,-0.51626,-0.52418,0.0010859,0.032953
0.16595,-0.51198,-0.51135,1.109e-06,0.0010531
0.69424,0.17871,0.16375,0.00027838,0.016685
0.16009,-0.50234,-0.50108,3.5956e-06,0.0018962
0.37292,0.19494,0.23877,0.022795,0.15098
0.33538,0.016171,0.064197,0.038085,0.19515
0.85333,0.52546,0.48499,0.0021651,0.04653
0.86682,0.49508,0.485,0.00015049,0.012268
0.23119,-0.46348,-0.46813,0.0067778,0.082328
0.92574,0.352,0.42803,0.023945,0.15474
0.65572,0.024955,0.061563,0.0019838,0.04454
0.9398,0.32977,0.40364,0.036856,0.19198
0.6174,-0.048745,-0.0012813,0.0041444,0.064377
0.66893,0.07074,0.093726,0.00073287,0.027072
0.42364,0.32005,0.33702,0.0023607,0.048587
0.59123,-0.042944,-0.0084817,0.0025925,0.050916
0.28941,-0.23071,-0.20117,0.03285,0.18125
0.25971,-0.36758,-0.3576,0.018733,0.13687
0.39115,0.25858,0.29474,0.01358,0.11653
0.020263,0.99506,-0.040579,0.063042,0.25108
0.36034,0.14091,0.18806,0.029097,0.17058
0.16724,-0.51374,-0.51334,4.7241e-07,0.00068732
0.19265,-0.52411,-0.53027,0.00035957,0.018962
0.027383,0.84693,-0.059053,0.05542,0.23541
0.24477,-0.42278,-0.42155,0.011825,0.10874
0.21471,-0.49976,-0.50786,0.0026922,0.051886
0.54829,0.05,0.051154,3.982e-06,0.0019955
0.44132,0.32356,0.32918,0.00022632,0.015044
0.39772,0.27664,0.30936,0.010607,0.10299
0.34237,0.052862,0.10146,0.036261,0.19042
0.74679,0.42147,0.31523,0.012066,0.10984
0.21713,-0.49537,-0.50324,0.0031507,0.056131
0.61471,-0.050249,-0.0035084,0.004087,0.063929
0.6619,0.045275,0.076118,0.0013651,0.036947
0.51626,0.15518,0.14046,0.00083856,0.028958
0.64381,-0.0080281,0.036503,0.0031268,0.055917
0.80579,0.56634,0.44327,0.016179,0.1272
0.39249,0.2625,0.29798,0.012948,0.11379
0.84557,0.54015,0.48258,0.0041537,0.064449
0.023374,0.92949,-0.04847,0.059696,0.24433
0.44592,0.32111,0.3239,5.3731e-05,0.0073302
0.51992,0.1428,0.12914,0.00070186,0.026493
0.28796,-0.23806,-0.20942,0.03226,0.17961
0.40702,0.29743,0.32482,0.0069471,0.083349
0.79168,0.55157,0.41927,0.018307,0.1353
0.85696,0.51782,0.48552,0.0014183,0.037661
0.61924,-0.047428,0.00043416,0.0041666,0.064549
0.58611,-0.036724,-0.005979,0.0021378,0.046236
0.4341,0.32465,0.33486,0.00078939,0.028096
0.94959,0.31915,0.38513,0.046725,0.21616
0.5377,0.083342,0.0777,0.00010364,0.010181
0.76481,0.48739,0.36136,0.016591,0.12881
0.094142,-0.15221,-0.28964,0.0057513,0.075837
0.35067,0.094837,0.14327,0.033333,0.18257
0.57381,-0.01572,0.0053372,0.0010947,0.033087
0.66281,0.048416,0.078324,0.0012778,0.035747
0.56374,0.0071189,0.020006,0.00044168,0.021016
0.85777,0.51606,0.48558,0.0012712,0.035653
0.64682,-0.00047875,0.042445,0.002858,0.05346
0.41936,0.31603,0.33575,0.0032913,0.05737
0.29227,-0.21609,-0.1848,0.033959,0.18428
0.93133,0.34224,0.4187,0.028851,0.16986
0.64001,-0.016707,0.029459,0.0034318,0.058581
0.81672,0.56863,0.4584,0.013344,0.11552
0.85249,0.52716,0.48482,0.0023552,0.04853
0.36086,0.1433,0.19035,0.028847,0.16985
0.92925,0.34573,0.42222,0.02699,0.16429
0.37905,0.21845,0.26004,0.019614,0.14005
0.51046,0.17452,0.1586,0.00103,0.032094
0.3673,0.17173,0.21726,0.025675,0.16023
0.15833,-0.49892,-0.49762,3.552e-06,0.0018847
0.4242,0.32049,0.3371,0.002251,0.047445
0.99216,0.32144,0.298,0.090669,0.30111
0.80661,0.56678,0.4445,0.015999,0.12649
0.63359,-0.029282,0.018689,0.0038427,0.06199
0.085491,-0.063911,-0.25618,0.0090528,0.095146
0.59477,-0.046318,-0.0094506,0.0028961,0.053816
0.278,-0.28698,-0.26484,0.027789,0.1667
0.82273,0.56662,0.46537,0.011487,0.10718
0.74923,0.43126,0.32174,0.012768,0.113
0.80479,0.56573,0.44173,0.016393,0.12803
0.011283,1.1912,-0.019397,0.07275,0.26972
0.37976,0.22104,0.26235,0.019247,0.13874
0.41253,0.30702,0.33104,0.0051372,0.071674
0.13636,-0.43268,-0.44122,7.3327e-05,0.0085631
0.5489,0.048159,0.049743,7.4576e-06,0.0027309
0.83574,0.55492,0.477,0.0071971,0.084836
0.26559,-0.34313,-0.32931,0.021658,0.14717
0.60569,-0.051724,-0.0085567,0.0036929,0.060769
0.96766,0.31067,0.34879,0.065755,0.25643
0.60203,-0.050774,-0.0095041,0.0034572,0.058798
0.8996,0.41048,0.46372,0.0064707,0.080441
0.5569,0.025072,0.032573,0.00015755,0.012552
0.12207,-0.363,-0.39415,0.00063335,0.025166
0.6213,-0.045683,0.002526,0.0041742,0.064608
0.89201,0.43004,0.47119,0.0034138,0.058428
0.14538,-0.46536,-0.46707,3.9447e-06,0.0019861
0.01609,1.085,-0.030442,0.067552,0.25991
0.63875,-0.01939,0.027225,0.0035237,0.059361
0.69904,0.20117,0.17775,0.00066952,0.025875
0.15075,-0.48111,-0.48077,1.8289e-07,0.00042765
0.29668,-0.19311,-0.15923,0.035515,0.18845
0.37731,0.21199,0.25425,0.020514,0.14323
0.49571,0.22151,0.20497,0.0012549,0.035425
0.60138,-0.050517,-0.0096034,0.0034121,0.058413
0.4908,0.23599,0.22002,0.0012202,0.034931
0.4842,0.25428,0.23963,0.0010855,0.032947
0.54469,0.061057,0.059758,5.2069e-06,0.0022819
0.52406,0.12882,0.1166,0.00054309,0.023304
0.28581,-0.24888,-0.22161,0.03135,0.17706
0.82141,0.56725,0.46392,0.011909,0.10913
0.50157,0.20338,0.18667,0.0012212,0.034945
0.80385,0.5651,0.44025,0.016587,0.12879
0.39321,0.26455,0.29966,0.012616,0.11232
0.34908,0.086951,0.13549,0.033951,0.18426
0.67719,0.1035,0.11562,0.00019599,0.014
0.73092,0.35251,0.27107,0.0073304,0.085618
0.61446,-0.050362,-0.0036954,0.0040803,0.063877
0.9651,0.31098,0.35404,0.063054,0.2511
0.15185,-0.48401,-0.48341,6.1095e-07,0.00078163
0.33614,0.020245,0.068365,0.037916,0.19472
0.76838,0.49846,0.36988,0.017229,0.13126
0.76107,0.47503,0.3522,0.015812,0.12575
0.10411,-0.23986,-0.32801,0.0030711,0.055418
0.60323,-0.051183,-0.0092646,0.0035386,0.059486
0.87816,0.4664,0.48095,0.00035421,0.018821
0.38117,0.22608,0.26681,0.018526,0.13611
0.40208,0.28711,0.31738,0.008801,0.093814
0.84761,0.53653,0.48338,0.0035873,0.059894
0.90754,0.39091,0.45442,0.0107,0.10344
0.77445,0.51559,0.38382,0.018051,0.13435
0.12618,-0.38545,-0.40835,0.00038607,0.019649
0.99831,0.3277,0.28545,0.096423,0.31052
0.59643,-0.047638,-0.0096924,0.0030338,0.05508
0.3331,0.0040368,0.05174,0.038536,0.19631
0.58772,-0.038841,-0.0069039,0.0022812,0.047762
0.4253,0.32128,0.33718,0.0020448,0.04522
0.532,0.10212,0.093401,0.00025898,0.016093
0.35259,0.10427,0.15254,0.032553,0.18042
0.93562,0.33556,0.4112,0.032829,0.18119
0.83286,0.55833,0.47484,0.0081479,0.090266
0.59272,-0.044456,-0.0089646,0.0027217,0.05217
0.27378,-0.30669,-0.28739,0.025745,0.16045
0.52627,0.12135,0.11001,0.00045932,0.021432
0.18371,-0.52547,-0.52932,8.9829e-05,0.0094778
0.22712,-0.4738,-0.4797,0.0055571,0.074546
0.82358,0.56615,0.46627,0.011214,0.1059
0.5009,0.20547,0.18876,0.001229,0.035057
0.73707,0.38014,0.28848,0.0091552,0.095683
0.19561,-0.52254,-0.52933,0.00051318,0.022653
0.22083,-0.48802,-0.49535,0.0039443,0.062804
0.17232,-0.51943,-0.52015,1.8904e-06,0.0013749
0.43006,0.32375,0.33657,0.0012822,0.035808
0.65034,0.0090323,0.049738,0.0025224,0.050223
0.98071,0.31341,0.32171,0.079343,0.28168
0.50683,0.18646,0.17006,0.0011261,0.033557
0.94411,0.32458,0.39563,0.041133,0.20281
0.27216,-0.3141,-0.29588,0.024945,0.15794
0.88737,0.44222,0.47503,0.0020277,0.04503
0.36408,0.15774,0.20409,0.027286,0.16518
0.99033,0.31983,0.30177,0.088911,0.29818
0.18263,-0.52528,-0.52883,7.2475e-05,0.0085132
0.54573,0.057816,0.057215,1.1089e-06,0.0010531
0.66019,0.039441,0.071991,0.0015334,0.039158
0.87293,0.47987,0.48327,1.8248e-05,0.0042718
0.16658,-0.51285,-0.51233,7.797e-07,0.000883
0.48854,0.24241,0.22682,0.001185,0.034424
0.38426,0.23679,0.2762,0.016951,0.1302
0.82561,0.56487,0.46836,0.010552,0.10272
0.29086,-0.22334,-0.1929,0.033421,0.18281
0.46296,0.30083,0.29418,0.00026679,0.016334
0.88093,0.45917,0.47941,0.00070904,0.026628
0.64885,0.0049063,0.046598,0.0026671,0.051644
0.89822,0.41398,0.46518,0.0058437,0.076444
0.78546,0.54082,0.40722,0.018584,0.13632
0.075119,0.057687,-0.21658,0.014326,0.11969
0.70833,0.24548,0.2051,0.0019259,0.043886
0.78747,0.54456,0.4112,0.018541,0.13617
0.458,0.30846,0.30433,0.00010661,0.010325
0.30421,-0.15302,-0.11508,0.037661,0.19406
0.82547,0.56496,0.46822,0.010598,0.10295
0.7529,0.44553,0.3314,0.013788,0.11742
0.98926,0.31894,0.30398,0.087868,0.29643
0.44426,0.32215,0.32595,0.00010117,0.010058
0.79809,0.55994,0.43076,0.017587,0.13262
0.22462,-0.47972,-0.48626,0.0048751,0.069822
0.9647,0.31106,0.35486,0.06263,0.25026
0.27297,-0.31043,-0.29167,0.025343,0.1592
0.84664,0.53826,0.48302,0.0038521,0.062065
0.042383,0.55904,-0.10268,0.040132,0.20033
0.57498,-0.018072,0.003937,0.0011858,0.034435
0.86448,0.50069,0.48538,0.00034,0.018439
0.69618,0.18777,0.16941,0.00041588,0.020393
0.52807,0.11527,0.1047,0.000393,0.019824
0.2926,-0.21437,-0.18288,0.034083,0.18462
0.41753,0.31394,0.33482,0.0037402,0.061157
0.37425,0.20021,0.24359,0.022104,0.14867
0.32182,-0.057109,-0.012007,0.039666,0.19916
0.12549,-0.38183,-0.406,0.00042158,0.020532
0.76977,0.50257,0.37313,0.017448,0.13209
0.028403,0.82629,-0.061818,0.054342,0.23311
0.5972,-0.04819,-0.0097577,0.0030959,0.055641
0.63505,-0.026664,0.021002,0.0037624,0.061339
0.33881,0.034309,0.082693,0.037269,0.19305
0.35381,0.11018,0.15833,0.03204,0.179
0.0099894,1.2202,-0.016541,0.074145,0.2723
0.55756,0.023254,0.031267,0.00017886,0.013374
0.62285,-0.044174,0.0042256,0.0041679,0.064559
0.13718,-0.436,-0.44371,6.1409e-05,0.0078364
0.45779,0.30876,0.30476,0.00010083,0.010042
0.81064,0.56832,0.45037,0.015027,0.12259
0.72355,0.31825,0.24981,0.0052782,0.072652
0.36788,0.17417,0.21954,0.025384,0.15932
0.26271,-0.35527,-0.34335,0.020221,0.1422
0.32618,-0.033334,0.012968,0.039453,0.19863
0.017245,1.0599,-0.033197,0.066302,0.25749
0.32936,-0.016094,0.03093,0.039118,0.19778
0.097132,-0.18005,-0.3012,0.0048278,0.069482
0.21977,-0.4902,-0.49771,0.0037057,0.060875
0.97525,0.31139,0.33306,0.073724,0.27152
0.70999,0.25344,0.20999,0.0022175,0.04709
0.44612,0.32097,0.32364,4.9158e-05,0.0070112
0.41611,0.31214,0.33392,0.0041147,0.064146
0.32346,-0.048154,-0.0025718,0.039619,0.19905
0.45478,0.31268,0.31031,3.6127e-05,0.0060106
0.36616,0.16682,0.21266,0.026251,0.16202
0.707,0.23911,0.20119,0.0017068,0.041314
0.13561,-0.42958,-0.43892,8.5607e-05,0.0092524
0.94806,0.32053,0.38809,0.045153,0.21249
0.9435,0.32527,0.39678,0.040518,0.20129
0.72102,0.30627,0.24243,0.0046262,0.068016
0.51287,0.16652,0.15103,0.00095527,0.030908
0.80177,0.56349,0.43692,0.016984,0.13032
0.95634,0.31427,0.3718,0.053786,0.23192
0.48304,0.25733,0.24297,0.0010524,0.032441
0.44923,0.31852,0.31934,4.4412e-06,0.0021074
0.76076,0.47398,0.35144,0.015743,0.12547
0.71467,0.27595,0.22381,0.0031459,0.056089
0.90587,0.39492,0.4565,0.0097253,0.098617
0.24029,-0.43726,-0.43824,0.010003,0.10001
0.76632,0.49217,0.365,0.016875,0.1299
0.56988,-0.0073686,0.010494,0.00081077,0.028474
0.71238,0.26492,0.21704,0.0026721,0.051692
0.31152,-0.11343,-0.072093,0.039036,0.19757
0.11202,-0.29936,-0.35782,0.0016759,0.040938
0.31807,-0.07761,-0.033729,0.03962,0.19905
0.98655,0.31689,0.30958,0.08521,0.29191
0.84466,0.5417,0.48218,0.0044158,0.066452
0.65417,0.020184,0.058063,0.0021411,0.046272
0.70296,0.21977,0.18927,0.0011198,0.033463
0.11641,-0.32876,-0.37396,0.001133,0.03366
0.12936,-0.40143,-0.41897,0.00024926,0.015788
0.060107,0.26531,-0.16168,0.02455,0.15668
0.0068416,1.2916,-0.0097935,0.077527,0.27844
0.49464,0.22473,0.20829,0.0012523,0.035387
0.68246,0.12582,0.13016,2.4518e-05,0.0049516
0.67364,0.089075,0.10607,0.00039183,0.019795
0.64819,0.0031337,0.045238,0.0027298,0.052247
0.99363,0.32282,0.29499,0.092069,0.30343
0.28811,-0.23732,-0.20859,0.032321,0.17978
0.55031,0.043964,0.046548,1.9652e-05,0.004433
0.47313,0.28113,0.27,0.00068681,0.026207
0.97157,0.31073,0.34071,0.069876,0.26434
0.17333,-0.52033,-0.52131,3.6146e-06,0.0019012
0.00062939,1.4353,0.0026828,0.08412,0.29003
0.33188,-0.0025273,0.044973,0.038749,0.19685
0.87745,0.46825,0.48131,0.00028301,0.016823
0.40902,0.30115,0.32733,0.006257,0.079101
0.032398,0.74689,-0.072942,0.050161,0.22397
0.65125,0.011595,0.051671,0.0024333,0.049328
0.24391,-0.42565,-0.42486,0.011463,0.10706
0.92275,0.35769,0.43281,0.021466,0.14651
0.2297,-0.46736,-0.47249,0.0063155,0.07947
0.1021,-0.22336,-0.32032,0.0035227,0.059352
0.40145,0.28568,0.31631,0.0090518,0.095141
0.71418,0.27358,0.22235,0.0030412,0.055147
0.58722,-0.038201,-0.0066311,0.0022368,0.047295
0.11325,-0.30785,-0.36238,0.0015086,0.038841
0.7845,0.53892,0.40527,0.01859,0.13634
0.64972,0.0072935,0.048419,0.0025832,0.050825
0.064487,0.20081,-0.17731,0.021258,0.1458
0.78806,0.54561,0.41235,0.01852,0.13609
0.47295,0.28153,0.27047,0.00067917,0.026061
0.022425,0.94935,-0.046033,0.060714,0.2464
0.52266,0.13354,0.1208,0.00059666,0.024427
0.27104,-0.31916,-0.3017,0.024388,0.15617
0.68373,0.13133,0.1337,7.3371e-06,0.0027087
0.44826,0.31935,0.32074,1.3053e-05,0.0036129
0.17917,-0.52415,-0.52671,3.2429e-05,0.0056946
0.43684,0.32464,0.33309,0.00052943,0.023009
0.073432,0.079145,-0.21024,0.015324,0.12379
0.30497,-0.14893,-0.11061,0.037838,0.19452
0.039484,0.61198,-0.093768,0.04297,0.20729
0.60457,-0.051529,-0.0089131,0.0036252,0.06021
0.7935,0.55423,0.42264,0.018146,0.13471
0.88428,0.45036,0.47727,0.0013079,0.036165
0.30931,-0.12545,-0.085078,0.038698,0.19672
0.03642,0.66936,-0.084594,0.046039,0.21457
0.40484,0.29308,0.32175,0.0077393,0.087973
0.10532,-0.24955,-0.33263,0.0028185,0.05309
0.34193,0.050582,0.099158,0.036395,0.19077
0.11842,-0.34138,-0.38121,0.00093188,0.030527
0.066326,0.17471,-0.18398,0.019951,0.14125
0.52349,0.13074,0.1183,0.00056477,0.023765
0.24692,-0.41548,-0.41311,0.012747,0.1129
0.99718,0.32646,0.28774,0.095386,0.30885
0.069209,0.13492,-0.19454,0.017991,0.13413
0.67456,0.092752,0.10851,0.00033572,0.018323
0.33418,0.0097942,0.057658,0.038331,0.19578
0.86849,0.49098,0.48463,6.0756e-05,0.0077946
0.33039,-0.010555,0.036673,0.038979,0.19743
0.089393,-0.10518,-0.27125,0.0074443,0.086281
0.81344,0.56876,0.45419,0.014282,0.11951
0.20917,-0.50856,-0.51683,0.0018114,0.04256
0.19467,-0.5231,-0.5297,0.00046002,0.021448
0.19433,-0.52329,-0.52981,0.00044188,0.021021
0.63756,-0.02182,0.025176,0.0036055,0.060046
0.81473,0.56879,0.45588,0.013921,0.11799
0.46769,0.2923,0.28343,0.00045623,0.02136
0.91554,0.37262,0.44364,0.015953,0.12631
0.55481,0.030897,0.036806,9.9342e-05,0.0099671
0.9515,0.31756,0.38139,0.048713,0.22071
0.63455,-0.027582,0.020196,0.003791,0.061571
0.65214,0.014167,0.053598,0.0023447,0.048422
0.23272,-0.45936,-0.46347,0.0072747,0.085292
0.17696,-0.52299,-0.52493,1.69e-05,0.004111
0.94497,0.32364,0.39401,0.041998,0.20493
0.012238,1.1699,-0.021538,0.071719,0.2678
0.74568,0.41692,0.31222,0.011739,0.10835
0.28977,-0.22891,-0.19915,0.032992,0.18164
0.88911,0.43763,0.47365,0.0025053,0.050053
0.0076267,1.2737,-0.011449,0.076686,0.27692
0.45569,0.31155,0.30868,5.2714e-05,0.0072604
0.061248,0.2482,-0.16572,0.023669,0.15385
0.57335,-0.014788,0.0058987,0.0010601,0.032559
0.12971,-0.40311,-0.42012,0.00023676,0.015387
0.80322,0.56465,0.43926,0.01671,0.12927
0.041494,0.57513,-0.099925,0.040995,0.20247
0.59895,-0.049297,-0.0097975,0.0032323,0.056853
0.73657,0.37796,0.28709,0.0090063,0.094902
0.072186,0.095286,-0.20559,0.016085,0.12683
0.03527,0.69127,-0.081217,0.047207,0.21727
0.98177,0.31394,0.31951,0.080416,0.28358
0.72163,0.30914,0.2442,0.0047788,0.069129
0.1718,-0.51894,-0.51953,1.2543e-06,0.0011199
0.62699,-0.039356,0.0092486,0.0041001,0.064032
0.72631,0.3312,0.25782,0.0060233,0.07761
0.10702,-0.26279,-0.33908,0.0024889,0.049889
0.94737,0.32119,0.38941,0.044446,0.21082
0.063426,0.21614,-0.17349,0.022033,0.14844
0.75917,0.46846,0.34745,0.015377,0.124
0.70925,0.2499,0.20782,0.0020853,0.045665
0.13289,-0.41785,-0.4304,0.00014212,0.011921
0.82047,0.56764,0.46286,0.012205,0.11048
0.10642,-0.25811,-0.33678,0.0026033,0.051022
0.71803,0.29203,0.23368,0.0038996,0.062447
0.16922,-0.51618,-0.51618,2.5378e-12,1.593e-06
0.22329,-0.48272,-0.48957,0.0045342,0.067336
0.99291,0.32214,0.29646,0.091386,0.3023
0.72725,0.33558,0.26054,0.0062839,0.079271
0.68262,0.12649,0.13059,2.1886e-05,0.0046783
0.77622,0.52014,0.38773,0.018222,0.13499
0.74285,0.40511,0.3045,0.010897,0.10439
0.49186,0.23293,0.21681,0.0012325,0.035107
0.94586,0.3227,0.3923,0.042907,0.20714
0.084267,-0.05047,-0.25146,0.0095989,0.097974
0.97629,0.31168,0.33089,0.074806,0.27351
0.37211,0.19169,0.23578,0.023213,0.15236
0.24228,-0.43096,-0.43098,0.010794,0.10389
0.98404,0.31523,0.3148,0.082703,0.28758
0.040026,0.60198,-0.095419,0.042434,0.206
0.47976,0.26566,0.25223,0.00094602,0.030757
0.078478,0.01639,-0.2293,0.012457,0.11161
0.074134,0.070159,-0.21288,0.014904,0.12208
0.83378,0.55728,0.47556,0.0078424,0.088557
0.88006,0.46144,0.47992,0.00058418,0.02417
0.49384,0.22711,0.21075,0.0012485,0.035334
0.91885,0.36556,0.43879,0.018399,0.13564
0.7539,0.44931,0.334,0.014055,0.11855
0.73869,0.38726,0.29301,0.0096443,0.098205
0.30103,-0.17007,-0.13378,0.036839,0.19193
0.45949,0.30631,0.30141,0.00014899,0.012206
0.4138,0.30894,0.33217,0.0047588,0.068984
0.76443,0.48616,0.36044,0.016517,0.12852
0.35635,0.12233,0.17016,0.030932,0.17588
0.30324,-0.15825,-0.1208,0.037423,0.19345
0.51367,0.16385,0.14852,0.00092876,0.030476
0.50267,0.19987,0.18319,0.001206,0.034727
0.9535,0.31607,0.37745,0.050802,0.22539
0.63162,-0.032592,0.015695,0.0039381,0.062754
0.043089,0.54635,-0.10489,0.039451,0.19862
0.2136,-0.50167,-0.50984,0.0024964,0.049964
0.83111,0.56018,0.47341,0.0087291,0.09343
0.38092,0.2252,0.26604,0.018652,0.13657
0.95926,0.3128,0.36594,0.056864,0.23846
0.36884,0.17822,0.22332,0.024896,0.15779
0.11714,-0.33342,-0.37661,0.0010564,0.032503
0.47648,0.27354,0.26118,0.00082366,0.028699
0.25223,-0.39654,-0.39117,0.015138,0.12304
0.75843,0.46586,0.34559,0.015202,0.12329
0.43179,0.32427,0.33597,0.0010537,0.03246
0.23826,-0.44347,-0.44536,0.0092273,0.096059
0.024275,0.91073,-0.050808,0.05873,0.24234
0.51524,0.1586,0.14363,0.00087485,0.029578
0.70128,0.21179,0.18433,0.00091277,0.030212
0.40584,0.29511,0.3232,0.0073713,0.085856
0.88158,0.45745,0.47902,0.00081106,0.028479
0.001912,1.4054,0.00019755,0.08277,0.2877
0.24822,-0.41097,-0.40789,0.013318,0.1154
0.67217,0.08323,0.10216,0.00048958,0.022126
0.031356,0.76738,-0.069995,0.051244,0.22637
0.87375,0.47777,0.48296,4.2768e-05,0.0065397
0.23392,-0.45605,-0.45971,0.0076773,0.08762
0.56245,0.010348,0.022209,0.00037771,0.019435
0.18202,-0.52514,-0.52852,6.3785e-05,0.0079865
0.8909,0.43293,0.47215,0.0030503,0.055229
0.18977,-0.52511,-0.53059,0.00024445,0.015635
0.57901,-0.025594,-0.00035286,0.0015151,0.038925
0.0028854,1.3827,-0.0017199,0.081741,0.2859
0.43858,0.32438,0.33173,0.00039475,0.019868
0.067404,0.15966,-0.18792,0.019205,0.13858
0.40304,0.28923,0.31896,0.0084259,0.091793
0.622,-0.045024,0.0032782,0.0041726,0.064596
0.8823,0.45557,0.47857,0.00093112,0.030514
0.60764,-0.051869,-0.0077885,0.0038022,0.061662
0.94143,0.32771,0.40063,0.038461,0.19611
0.081145,-0.015088,-0.23948,0.011084,0.10528
0.23483,-0.4535,-0.45682,0.0079888,0.08938
0.9858,0.31637,0.31113,0.084468,0.29063
0.30269,-0.16119,-0.12402,0.037284,0.19309
0.62033,-0.046542,0.0015161,0.0041729,0.064598
0.8936,0.42589,0.46974,0.003974,0.063039
0.26073,-0.36346,-0.35284,0.019233,0.13868
0.14103,-0.45063,-0.45504,2.2702e-05,0.0047647
0.28337,-0.26097,-0.23528,0.030279,0.17401
0.18734,-0.52554,-0.53039,0.00016948,0.013019
0.46836,0.29101,0.28184,0.00048431,0.022007
0.25416,-0.38929,-0.38277,0.016047,0.12668
0.07646,0.040977,-0.22165,0.013561,0.11645
0.34069,0.044168,0.092684,0.036756,0.19172
0.56322,0.0084038,0.020879,0.00041549,0.020384
0.94922,0.31946,0.38584,0.04635,0.21529
0.61294,-0.050972,-0.0047981,0.0040332,0.063508
0.25832,-0.37314,-0.36404,0.018051,0.13436
0.35043,0.093659,0.14211,0.033427,0.18283
0.30677,-0.13921,-0.10001,0.038226,0.19551
0.058406,0.29123,-0.15571,0.025893,0.16091
0.35451,0.11356,0.16162,0.03174,0.17816
0.2503,-0.40359,-0.39934,0.01425,0.11937
0.85911,0.5131,0.48565,0.0010425,0.032288
0.93013,0.34423,0.42074,0.027773,0.16665
0.21202,-0.50425,-0.5125,0.0022353,0.047279
0.89487,0.4226,0.46854,0.0044502,0.06671
0.68529,0.13818,0.13811,8.1785e-09,9.0435e-05
0.86248,0.50541,0.48558,0.00056023,0.023669
0.45361,0.31407,0.31235,1.9111e-05,0.0043717
0.053242,0.37288,-0.13797,0.030182,0.17373
0.95758,0.3136,0.36932,0.055091,0.23471
0.021266,0.97377,-0.043094,0.061961,0.24892
0.96924,0.31061,0.34552,0.067429,0.25967
0.61641,-0.049354,-0.0021356,0.0041268,0.06424
0.96023,0.31239,0.36398,0.057889,0.2406
0.92242,0.35833,0.43332,0.0212,0.1456
0.41048,0.30369,0.32898,0.0057775,0.07601
0.53977,0.076632,0.072216,6.2456e-05,0.0079029
0.66519,0.056868,0.08421,0.0010557,0.032491
0.93432,0.3375,0.41349,0.031609,0.17779
0.33121,-0.0061387,0.041243,0.038856,0.19712
0.86111,0.50858,0.48564,0.00073974,0.027198
0.038261,0.63471,-0.090075,0.044187,0.21021
0.26859,-0.33008,-0.31427,0.023163,0.15219
0.69521,0.18322,0.16657,0.00034343,0.018532
0.30784,-0.13341,-0.093712,0.038436,0.19605
0.99924,0.32875,0.28358,0.097264,0.31187
0.80811,0.56748,0.44674,0.015651,0.1251
0.4143,0.30966,0.33258,0.0046163,0.067944
0.87011,0.48696,0.4842,1.1701e-05,0.0034207
0.31042,-0.11942,-0.078561,0.038876,0.19717
0.25511,-0.38569,-0.3786,0.016497,0.12844
0.26907,-0.32798,-0.31184,0.023402,0.15298
0.0086036,1.2515,-0.013535,0.075637,0.27502
0.72845,0.34113,0.26398,0.0066202,0.081365
0.33746,0.027204,0.075466,0.037609,0.19393
0.43253,0.32443,0.33565,0.00096458,0.031058
0.34562,0.069552,0.11819,0.035204,0.18763
0.23675,-0.44795,-0.45049,0.0086714,0.093121
0.13106,-0.40952,-0.42454,0.0001923,0.013867
0.26743,-0.33517,-0.32013,0.022581,0.15027
0.065741,0.18295,-0.18185,0.020362,0.1427
0.10171,-0.22007,-0.31882,0.0036158,0.060132
0.051914,0.39461,-0.1335,0.031334,0.17701
0.68552,0.13918,0.13875,2.4895e-07,0.00049895
0.4714,0.28484,0.27438,0.0006138,0.024775
0.091873,-0.13017,-0.28085,0.0065248,0.080776
0.073562,0.07747,-0.21073,0.015245,0.12347
0.16373,-0.50866,-0.50771,2.3432e-06,0.0015308
0.49016,0.23784,0.22197,0.0012114,0.034805
0.75644,0.4587,0.34053,0.014712,0.12129
0.47461,0.27784,0.26614,0.00074844,0.027358
0.71273,0.26662,0.21808,0.0027429,0.052372
0.74708,0.42262,0.31598,0.012148,0.11022
0.87886,0.46458,0.48058,0.00043202,0.020785
0.33675,0.023476,0.071664,0.037777,0.19436
0.09391,-0.14999,-0.28874,0.0058274,0.076337
0.56166,0.012382,0.023609,0.0003405,0.018453
0.37052,0.1852,0.2298,0.024035,0.15503
0.43212,0.32435,0.33583,0.0010139,0.031841
0.10366,-0.23622,-0.32629,0.0031687,0.056291
0.69288,0.17244,0.15981,0.00019918,0.014113
0.35438,0.11294,0.16102,0.031795,0.17831
0.13763,-0.43776,-0.44504,5.5567e-05,0.0074543
0.87691,0.46963,0.48157,0.00023504,0.015331
0.89515,0.42186,0.46827,0.0045625,0.067546
0.38283,0.2319,0.27193,0.017677,0.13295
0.14696,-0.47029,-0.47126,1.3358e-06,0.0011558
0.97845,0.31243,0.32641,0.07703,0.27754
0.24515,-0.42152,-0.4201,0.011984,0.10947
0.59937,-0.049536,-0.0097846,0.0032645,0.057135
0.72325,0.3168,0.24892,0.0051977,0.072095
0.053681,0.36577,-0.13945,0.029806,0.17264
0.071775,0.10067,-0.20405,0.016341,0.12783
0.90028,0.40874,0.46298,0.0067963,0.08244
0.15506,-0.49184,-0.49072,2.3604e-06,0.0015364
0.25388,-0.39036,-0.38401,0.015913,0.12615
0.23864,-0.44231,-0.44404,0.0093715,0.096806
0.3487,0.08508,0.13363,0.034094,0.18464
0.79022,0.54928,0.41652,0.01841,0.13568
0.9123,0.37983,0.44817,0.013708,0.11708
0.68775,0.1491,0.14507,2.0734e-05,0.0045535
0.28645,-0.2457,-0.21803,0.031622,0.17783
0.31968,-0.06883,-0.024405,0.039665,0.19916
0.37587,0.20652,0.24932,0.021261,0.14581
0.8732,0.47918,0.48317,2.5171e-05,0.0050171
0.65887,0.035062,0.068867,0.0016648,0.040802
0.18594,-0.52562,-0.53009,0.00013465,0.011604
0.62983,-0.035389,0.013091,0.0040116,0.063337
0.41558,0.31144,0.33356,0.004257,0.065245
0.42563,0.32151,0.33718,0.0019849,0.044552
0.98898,0.31871,0.30457,0.087592,0.29596
0.28063,-0.27434,-0.25045,0.029029,0.17038
0.543,0.066339,0.06394,1.7984e-05,0.0042407
0.4563,0.31076,0.30755,6.5421e-05,0.0080883
0.83096,0.56032,0.47329,0.0087773,0.093687
0.32483,-0.040717,0.0052382,0.03955,0.19887
0.82853,0.5626,0.47114,0.009589,0.097923
0.80535,0.56608,0.44259,0.016275,0.12757
0.12369,-0.3721,-0.39981,0.00052532,0.02292
0.025906,0.87709,-0.055099,0.056989,0.23872
0.3778,0.21382,0.2559,0.020261,0.14234
0.027557,0.8434,-0.059522,0.055236,0.23502
0.94784,0.32073,0.38851,0.044928,0.21196
0.51788,0.14969,0.13542,0.00077886,0.027908
0.85271,0.52672,0.48487,0.0023047,0.048007
0.28255,-0.26499,-0.23984,0.02991,0.17295
0.20468,-0.5144,-0.52246,0.0012579,0.035467
0.2154,-0.49853,-0.50658,0.0028189,0.053093
0.08554,-0.06445,-0.25637,0.0090311,0.095032
0.067501,0.15832,-0.18827,0.019139,0.13834
0.061526,0.24406,-0.16671,0.023456,0.15316
0.34362,0.059344,0.10797,0.035868,0.18939
0.12585,-0.38372,-0.40722,0.00040289,0.020072
0.62611,-0.040484,0.0081149,0.0041208,0.064194
0.039818,0.60581,-0.094785,0.04264,0.20649
0.1118,-0.29785,-0.35702,0.0017065,0.041309
0.013504,1.1418,-0.024416,0.07035,0.26524
0.99087,0.32029,0.30067,0.089425,0.29904
0.059698,0.27149,-0.16024,0.024869,0.1577
0.087708,-0.087653,-0.26473,0.0081145,0.09008
0.49719,0.21702,0.20039,0.001254,0.035412
0.98004,0.3131,0.3231,0.078659,0.28046
0.017649,1.0511,-0.03417,0.065865,0.25664
0.83401,0.55702,0.47573,0.0077665,0.088127
0.71953,0.29917,0.23807,0.0042571,0.065247
0.20973,-0.50774,-0.51602,0.0018905,0.04348
0.57671,-0.021409,0.0019964,0.0013243,0.036392
0.47841,0.26896,0.25595,0.00089729,0.029955
0.61755,-0.048642,-0.0011409,0.0041469,0.064396
0.18083,-0.52479,-0.52783,4.8884e-05,0.0069917
0.58214,-0.03085,-0.0031419,0.0017855,0.042255
0.77128,0.50691,0.37662,0.017665,0.13291
0.1434,-0.45887,-0.46169,9.9988e-06,0.0031621
0.70596,0.23411,0.19811,0.0015436,0.039288
0.0013937,1.4174,0.0012075,0.083317,0.28865
0.78678,0.5433,0.40983,0.018561,0.13624
0.189,-0.52529,-0.53057,0.00021855,0.014783
0.52983,0.10936,0.099594,0.00033088,0.01819
0.45975,0.30592,0.30088,0.000157,0.01253
0.58914,-0.040592,-0.007617,0.002408,0.049071
0.26023,-0.3655,-0.35519,0.018986,0.13779
0.0030572,1.3787,-0.0020613,0.081559,0.28559
0.75062,0.43672,0.32541,0.01316,0.11472
0.93771,0.33258,0.40745,0.034823,0.18661
0.51202,0.16936,0.15371,0.00098265,0.031347
0.27053,-0.32146,-0.30434,0.024133,0.15535
0.61115,-0.051487,-0.005955,0.0039666,0.062981
0.68053,0.11754,0.12479,6.9175e-05,0.0083172
0.083519,-0.042132,-0.24858,0.0099427,0.099713
0.78322,0.53631,0.40266,0.018581,0.13631
0.79544,0.55682,0.42613,0.017936,0.13393
0.5249,0.12599,0.11409,0.00051111,0.022608
0.38926,0.2529,0.28999,0.01448,0.12033
0.40187,0.28662,0.31702,0.008887,0.094271
0.90715,0.39183,0.45491,0.01047,0.10232
0.8377,0.55234,0.47834,0.006559,0.080988
0.95116,0.31783,0.38206,0.048355,0.2199
0.019795,1.005,-0.039417,0.063547,0.25209
0.72669,0.33298,0.25892,0.0061287,0.078286
0.57861,-0.024878,4.1963e-05,0.001481,0.038484
0.50249,0.20046,0.18377,0.0012087,0.034766
0.021515,0.96851,-0.043722,0.061692,0.24838
0.53154,0.10365,0.094703,0.00027372,0.016544
0.11993,-0.35054,-0.38661,0.00079827,0.028254
0.75441,0.45123,0.33533,0.01419,0.11912
0.39287,0.26359,0.29887,0.012772,0.11301
0.29957,-0.17785,-0.14234,0.036419,0.19084
0.97329,0.31097,0.33714,0.071678,0.26773
0.22529,-0.47818,-0.48456,0.0050515,0.071074
0.035673,0.68359,-0.082394,0.046798,0.21633
0.90213,0.40412,0.46092,0.0077061,0.087784
0.64544,-0.0040152,0.03968,0.0029839,0.054625
0.50856,0.18079,0.16459,0.001083,0.032909
0.34034,0.042343,0.090838,0.036854,0.19198
0.84132,0.5471,0.48051,0.0054181,0.073608
0.93094,0.34289,0.41937,0.028495,0.16881
0.36203,0.14859,0.1954,0.028287,0.16819
0.055755,0.33258,-0.14653,0.028056,0.1675
0.6672,0.064236,0.089286,0.00087754,0.029623
0.72853,0.34149,0.26421,0.0066426,0.081502
0.85491,0.5222,0.48527,0.0018241,0.042709
0.21156,-0.50497,-0.51323,0.0021636,0.046515
0.66205,0.045768,0.076465,0.0013512,0.036759
0.31787,-0.078707,-0.034896,0.039611,0.19903
0.12772,-0.39334,-0.41354,0.00031446,0.017733
0.54509,0.059811,0.058778,3.2826e-06,0.0018118
0.80879,0.56775,0.44774,0.015488,0.12445
0.049961,0.42708,-0.127,0.033063,0.18183
0.23307,-0.45841,-0.46239,0.0073903,0.085967
0.88873,0.43864,0.47396,0.0023955,0.048944
0.17511,-0.52175,-0.52319,8.551e-06,0.0029242
0.5944,-0.046007,-0.0093797,0.0028656,0.053531
0.9209,0.36137,0.43568,0.019985,0.14137
0.49538,0.22251,0.20601,0.0012544,0.035417
0.4123,0.30665,0.33082,0.0052082,0.072168
0.77454,0.51582,0.38401,0.01806,0.13439
0.19114,-0.5247,-0.53051,0.0002953,0.017184
0.55331,0.035178,0.039962,6.5842e-05,0.0081143
0.99897,0.32845,0.28412,0.097024,0.31149
0.67081,0.077933,0.098597,0.00058711,0.02423
0.23538,-0.45194,-0.45504,0.0081805,0.090446
0.45447,0.31306,0.31086,3.1185e-05,0.0055843
0.63349,-0.029466,0.018525,0.0038482,0.062034
0.60281,-0.051052,-0.0093555,0.0035108,0.059252
0.2621,-0.35781,-0.34629,0.019916,0.14112
0.249,-0.40823,-0.40473,0.013663,0.11689
0.56689,-0.00053061,0.014904,0.00061881,0.024876
0.043906,0.53178,-0.10745,0.038669,0.19664
0.44266,0.32299,0.32778,0.00016256,0.01275
0.015777,1.0918,-0.029702,0.067891,0.26056
0.81713,0.56856,0.45891,0.013224,0.115
0.011678,1.1824,-0.020279,0.072324,0.26893
0.16191,-0.50564,-0.50449,3.164e-06,0.0017788
0.39635,0.27311,0.30657,0.011201,0.10584
0.02352,0.92643,-0.048848,0.059539,0.24401
0.0074413,1.2779,-0.011057,0.076885,0.27728
0.92432,0.35466,0.43031,0.022757,0.15086
0.0054632,1.3232,-0.0069293,0.079001,0.28107
0.63824,-0.020456,0.026329,0.0035598,0.059664
0.037517,0.64865,-0.087849,0.044933,0.21197
0.081686,-0.021332,-0.24155,0.010817,0.104
0.0092306,1.2373,-0.014888,0.074962,0.27379
0.1155,-0.32288,-0.37065,0.0012334,0.03512
0.71639,0.2842,0.22887,0.0035232,0.059357
0.10968,-0.28266,-0.34909,0.002029,0.045044
0.19634,-0.52207,-0.529,0.00055677,0.023596
0.097557,-0.1839,-0.30284,0.0047054,0.068596
0.88394,0.45124,0.4775,0.0012399,0.035213
0.73359,0.36461,0.27866,0.0081136,0.090075
0.031528,0.76399,-0.07048,0.051065,0.22598
0.7077,0.24245,0.20324,0.00182,0.042662
0.74238,0.40314,0.30323,0.010757,0.10372
0.30622,-0.14221,-0.10328,0.038111,0.19522
0.87,0.48725,0.48423,1.3886e-05,0.0037264
0.40882,0.30079,0.32709,0.006326,0.079536
0.53823,0.081615,0.076282,9.2207e-05,0.0096025
0.97148,0.31072,0.34088,0.069789,0.26418
0.17863,-0.52389,-0.52631,2.7968e-05,0.0052885
0.6744,0.092131,0.1081,0.00034489,0.018571
0.1342,-0.42361,-0.43454,0.00011236,0.0106
0.033859,0.71845,-0.077121,0.048653,0.22057
0.48193,0.26019,0.24613,0.0010185,0.031914
0.48392,0.255,0.24042,0.0010779,0.032832
0.33481,0.01318,0.061133,0.038203,0.19546
0.1685,-0.51533,-0.51518,7.1462e-08,0.00026732
0.60626,-0.051793,-0.0083503,0.0037262,0.061042
0.76754,0.49591,0.36789,0.017088,0.13072
0.43747,0.32457,0.33262,0.00047812,0.021866
0.12166,-0.36064,-0.39271,0.000663,0.025749
0.19957,-0.51959,-0.52707,0.00078321,0.027986
0.86262,0.50508,0.48557,0.00054287,0.0233
0.11353,-0.30979,-0.36343,0.0014717,0.038363
0.079918,-0.00074989,-0.23479,0.011703,0.10818
0.84615,0.53913,0.48282,0.0039885,0.063155
0.5595,0.018024,0.027549,0.00024906,0.015782
0.1399,-0.44649,-0.45178,3.1442e-05,0.0056073
0.76271,0.48053,0.35624,0.016166,0.12715
0.29631,-0.19506,-0.16138,0.035392,0.18813
0.52115,0.13865,0.12538,0.00065482,0.025589
0.047691,0.46563,-0.11957,0.035123,0.18741
0.075932,0.047524,-0.21965,0.01386,0.11773
0.77988,0.52898,0.39566,0.018475,0.13592
0.81519,0.56878,0.45647,0.01379,0.11743
0.61973,-0.047036,0.00091839,0.00417,0.064576
0.9172,0.36903,0.44123,0.017164,0.13101
0.69468,0.18078,0.16504,0.00030735,0.017531
0.10592,-0.25426,-0.33491,0.0026992,0.051954
0.099505,-0.2012,-0.31036,0.0041698,0.064574
0.095664,-0.16655,-0.29553,0.0052679,0.07258
0.74041,0.39472,0.29779,0.010164,0.10081
0.65199,0.01373,0.053271,0.0023597,0.048577
0.077643,0.026488,-0.22613,0.012908,0.11361
0.36557,0.16426,0.21025,0.026547,0.16293
0.94287,0.326,0.39796,0.039889,0.19972
0.089609,-0.1074,-0.27209,0.0073611,0.085797
0.063709,0.21203,-0.17451,0.021825,0.14773
0.42203,0.31869,0.3367,0.002689,0.051856
0.821,0.56743,0.46346,0.012038,0.10972
0.86646,0.49595,0.48507,0.00017493,0.013226
0.045727,0.49965,-0.11324,0.036946,0.19221
0.30957,-0.124,-0.083514,0.038743,0.19683
0.79888,0.56078,0.43211,0.017469,0.13217
0.44082,0.32375,0.32968,0.00025319,0.015912
0.041728,0.57088,-0.10065,0.040767,0.20191
0.98389,0.31514,0.31509,0.082561,0.28733
0.069517,0.13075,-0.19568,0.017789,0.13337
0.10796,-0.26989,-0.34262,0.0023196,0.048162
0.29416,-0.20628,-0.17386,0.034651,0.18615
0.057856,0.29971,-0.1538,0.026334,0.16228
0.65382,0.019147,0.057298,0.0021758,0.046645
0.95345,0.31611,0.37756,0.050741,0.22526
0.4646,0.29801,0.29056,0.00032973,0.018159
0.22004,-0.48965,-0.49712,0.0037655,0.061364
0.93253,0.3403,0.41663,0.029947,0.17305
0.32988,-0.013305,0.033823,0.03905,0.19761
0.029828,0.7977,-0.065735,0.052842,0.22987
0.96311,0.31143,0.35812,0.060942,0.24686
0.15025,-0.47977,-0.47957,6.4076e-08,0.00025313
0.11773,-0.33712,-0.37874,0.00099762,0.031585
0.27727,-0.29042,-0.26877,0.027442,0.16565
0.3524,0.10335,0.15164,0.03263,0.18064
0.57035,-0.0083999,0.0098431,0.00084274,0.02903
0.95955,0.31267,0.36536,0.057168,0.2391
0.39982,0.28185,0.3134,0.0097164,0.098572
0.64158,-0.013224,0.032317,0.0033104,0.057536
0.44778,0.31974,0.32141,1.9035e-05,0.0043629
0.40515,0.29371,0.32221,0.0076248,0.08732
0.51592,0.1563,0.1415,0.0008506,0.029165
0.58591,-0.036453,-0.0058563,0.0021201,0.046045
0.45039,0.31745,0.31758,1.1419e-07,0.00033792
0.64758,0.0015042,0.043982,0.0027875,0.052797
0.74974,0.43329,0.3231,0.012914,0.11364
0.13041,-0.40645,-0.4224,0.00021301,0.014595
0.44399,0.3223,0.32627,0.00011054,0.010514
0.53564,0.090068,0.083264,0.00015318,0.012376
0.4673,0.29306,0.28436,0.00043961,0.020967
0.36137,0.1456,0.19255,0.028606,0.16913
0.3852,0.23992,0.27891,0.016481,0.12838
0.98146,0.31378,0.32015,0.080103,0.28303
0.13318,-0.41915,-0.43133,0.00013508,0.011622
0.99464,0.32381,0.29293,0.093018,0.30499
0.73649,0.37757,0.28685,0.0089804,0.094765
0.15142,-0.48288,-0.48237,4.1985e-07,0.00064796
0.29001,-0.22768,-0.19777,0.033088,0.1819
0.95732,0.31373,0.36984,0.054818,0.23413
0.14759,-0.47217,-0.47288,7.3048e-07,0.00085468
0.92692,0.34985,0.42611,0.024952,0.15796
0.81115,0.56844,0.45107,0.014896,0.12205
0.57258,-0.013199,0.0068647,0.0010028,0.031666
0.48776,0.2446,0.22916,0.0011701,0.034207
0.88995,0.43543,0.47296,0.0027534,0.052473
0.69151,0.16617,0.15587,0.00013327,0.011544
0.4335,0.32459,0.33518,0.00085385,0.029221
0.30384,-0.155,-0.11725,0.037572,0.19384
0.39194,0.2609,0.29666,0.013208,0.11492
0.4197,0.3164,0.3359,0.0032109,0.056665
0.84504,0.54106,0.48235,0.004306,0.06562
0.41678,0.313,0.33436,0.0039361,0.062738
0.71526,0.27878,0.22554,0.0032732,0.057212
0.32714,-0.028123,0.018411,0.039368,0.19841
0.82198,0.56699,0.46455,0.011728,0.10829
0.79772,0.55953,0.43013,0.01764,0.13281
0.17125,-0.51839,-0.51885,7.3809e-07,0.00085912
0.65764,0.031044,0.065979,0.0017892,0.042299
0.72952,0.34607,0.26705,0.0069252,0.083218
0.48075,0.26319,0.24946,0.00098003,0.031305
0.23208,-0.46112,-0.46546,0.0070626,0.08404
0.9847,0.31564,0.31342,0.083368,0.28874
0.66463,0.054844,0.082807,0.0011072,0.033274
0.17769,-0.5234,-0.52555,2.1254e-05,0.0046103
0.61395,-0.050585,-0.0040793,0.0040654,0.063761
0.41308,0.30786,0.33154,0.0049718,0.070511
0.2837,-0.25937,-0.23347,0.030424,0.17442
0.77002,0.50331,0.37372,0.017486,0.13223
0.49148,0.23402,0.21795,0.0012284,0.035049
0.42979,0.32366,0.33664,0.0013195,0.036325
0.90991,0.38533,0.45137,0.012153,0.11024
0.57996,-0.027244,-0.0012496,0.0015961,0.039951
0.91988,0.36342,0.43723,0.019193,0.13854
0.22255,-0.48434,-0.49134,0.0043532,0.065979
0.66807,0.067472,0.0915,0.00080406,0.028356
0.60708,-0.051854,-0.0080246,0.0037725,0.061421
0.15761,-0.49744,-0.49616,3.403e-06,0.0018447
0.27337,-0.30859,-0.28956,0.025542,0.15982
0.99159,0.32092,0.29919,0.090117,0.30019
0.47012,0.2875,0.27758,0.00055898,0.023643
0.791,0.55052,0.418,0.018357,0.13549
0.33364,0.0069094,0.054695,0.038436,0.19605
0.65474,0.021937,0.059353,0.0020828,0.045638
0.61672,-0.049172,-0.0018755,0.0041327,0.064286
0.88634,0.44494,0.47581,0.0017693,0.042063
0.18464,-0.52557,-0.52969,0.00010709,0.010349
0.87996,0.46169,0.47997,0.00057146,0.023905
0.89911,0.41172,0.46425,0.0062439,0.079019
0.70874,0.24746,0.20632,0.0019967,0.044685
0.97449,0.31121,0.33465,0.072928,0.27005
0.3952,0.27004,0.30411,0.011713,0.10823
0.83181,0.55945,0.47399,0.0084955,0.092171
0.22601,-0.47648,-0.48269,0.0052462,0.072431
0.51466,0.16054,0.14544,0.00089505,0.029917
0.92322,0.35677,0.43206,0.021851,0.14782
0.25251,-0.3955,-0.38997,0.015268,0.12356
0.80408,0.56526,0.44062,0.016539,0.12861
0.82462,0.56553,0.46735,0.010878,0.1043
0.29319,-0.21132,-0.17947,0.034301,0.18521
0.63063,-0.034167,0.014238,0.0039804,0.06309
0.21286,-0.5029,-0.51111,0.0023717,0.0487
0.83509,0.55573,0.47653,0.0074115,0.08609
0.48482,0.25262,0.23782,0.0011022,0.033199
0.75329,0.44702,0.33242,0.013893,0.11787
0.62376,-0.043217,0.0052663,0.0041593,0.064493
0.82751,0.56345,0.4702,0.0099268,0.099634
0.45344,0.31426,0.31264,1.7072e-05,0.0041318
0.50462,0.19365,0.17706,0.001173,0.034249
0.37151,0.18925,0.23354,0.023524,0.15338
0.38169,0.22792,0.26844,0.018259,0.13513
0.3307,-0.0088647,0.038423,0.038933,0.19731
0.32056,-0.064006,-0.019295,0.039674,0.19918
0.21643,-0.49667,-0.50461,0.0030136,0.054896
0.20201,-0.51731,-0.52511,0.00099035,0.03147
0.63711,-0.022732,0.024399,0.0036357,0.060297
0.87581,0.47249,0.48209,0.00014979,0.012239
0.37897,0.21815,0.25977,0.019656,0.1402
0.93391,0.33814,0.41422,0.031221,0.17669
0.28707,-0.24256,-0.21449,0.031887,0.17857
0.83854,0.55118,0.47888,0.0062892,0.079305
0.60012,-0.049934,-0.00974,0.0033208,0.057626
0.94654,0.32201,0.39102,0.043592,0.20879
0.42301,0.31955,0.33692,0.0024853,0.049853
0.78093,0.53137,0.39789,0.018521,0.13609
0.3881,0.24928,0.28692,0.015047,0.12267
0.33768,0.028358,0.076641,0.037555,0.19379
0.19863,-0.52038,-0.52771,0.00071168,0.026677
0.99776,0.32709,0.28656,0.09592,0.30971
0.56566,0.0024113,0.016846,0.00054625,0.023372
0.81836,0.5683,0.4604,0.012855,0.11338
0.5833,-0.03266,-0.0040521,0.0018877,0.043448
0.40269,0.28848,0.3184,0.0085601,0.092521
0.76381,0.48414,0.35893,0.016392,0.12803
0.2425,-0.43022,-0.43014,0.010886,0.10434
0.67833,0.10823,0.11872,0.00014613,0.012089
0.18814,-0.52544,-0.5305,0.00019209,0.01386
0.95017,0.31864,0.38399,0.047331,0.21756
0.37494,0.20291,0.24604,0.021745,0.14746
0.26989,-0.3243,-0.30761,0.023816,0.15432
0.31099,-0.11628,-0.075168,0.038962,0.19739
0.25913,-0.3699,-0.36029,0.018449,0.13583
0.19521,-0.52278,-0.52949,0.00049018,0.02214
0.26617,-0.34062,-0.32642,0.021951,0.14816
0.91625,0.37107,0.44262,0.016466,0.12832
0.40628,0.29598,0.32381,0.0072126,0.084927
0.89274,0.42814,0.47053,0.0036646,0.060536
0.20593,-0.51289,-0.52105,0.0013982,0.037392
0.21937,-0.49101,-0.49858,0.0036176,0.060146
0.55581,0.028099,0.034764,0.00012542,0.011199
0.74315,0.40639,0.30534,0.010988,0.10482
0.53268,0.099863,0.091487,0.00023773,0.015419
0.42654,0.32208,0.33717,0.0018264,0.042736
0.67155,0.080826,0.10055,0.00053279,0.023082
0.17405,-0.52094,-0.5221,5.3118e-06,0.0023047
0.76028,0.47234,0.35025,0.015635,0.12504
0.23964,-0.43925,-0.44052,0.0097535,0.09876
0.94011,0.32938,0.40309,0.037152,0.19275
0.59691,-0.047983,-0.0097361,0.0030722,0.055427
0.90629,0.39391,0.45598,0.0099666,0.099833
0.96408,0.31119,0.35613,0.061975,0.24895
0.62729,-0.038966,0.0096363,0.0040924,0.063972
0.34491,0.065947,0.11459,0.035445,0.18827
0.89608,0.41946,0.46736,0.0049334,0.070238
0.15418,-0.48979,-0.48877,1.8782e-06,0.0013705
0.52851,0.11379,0.10342,0.00037718,0.019421
0.79417,0.55515,0.42385,0.018078,0.13446
0.47381,0.27964,0.26824,0.00071522,0.026744
0.70198,0.21511,0.18639,0.00099643,0.031566
0.97037,0.31064,0.34319,0.068615,0.26194
0.94372,0.32502,0.39636,0.040739,0.20184
0.8618,0.50698,0.48562,0.00064618,0.02542
0.3237,-0.046867,-0.0012188,0.039609,0.19902
0.71197,0.26295,0.21583,0.0025915,0.050906
0.73914,0.38921,0.29426,0.0097795,0.098891
0.5491,0.047554,0.04928,8.846e-06,0.0029742
0.50116,0.20466,0.18795,0.0012261,0.035015
0.86888,0.49002,0.48454,4.5489e-05,0.0067445
0.35806,0.13036,0.17792,0.03016,0.17367
0.6342,-0.02821,0.019642,0.0038103,0.061728
0.75748,0.46249,0.3432,0.014972,0.12236
0.27965,-0.27908,-0.25584,0.028571,0.16903
0.96071,0.31221,0.363,0.058398,0.24166
0.967,0.31072,0.35014,0.065062,0.25507
0.93655,0.33422,0.40954,0.033709,0.1836
0.26337,-0.35254,-0.34019,0.020547,0.14334
0.24964,-0.40595,-0.40209,0.013951,0.11812
0.16798,-0.51468,-0.51442,2.0219e-07,0.00044965
0.85158,0.52899,0.4846,0.0025717,0.050712
0.25648,-0.38038,-0.37243,0.017157,0.13099
0.68152,0.12175,0.12752,4.3673e-05,0.0066085
0.22912,-0.46884,-0.47416,0.0061391,0.078352
0.59038,-0.042025,-0.0081582,0.0025182,0.050181
0.20884,-0.50903,-0.5173,0.0017653,0.042016
0.57553,-0.019135,0.0033128,0.0012287,0.035053
0.68863,0.15309,0.1476,3.8265e-05,0.0061858
0.4098,0.30252,0.32822,0.0060004,0.077462
0.67547,0.096436,0.11096,0.00028373,0.016844
0.68492,0.13653,0.13704,3.4273e-07,0.00058544
0.54239,0.068285,0.065492,2.4489e-05,0.0049486
0.69585,0.18621,0.16844,0.00039036,0.019757
0.95442,0.31545,0.37563,0.051765,0.22752
0.52221,0.13508,0.12217,0.00061415,0.024782
0.81416,0.56879,0.45514,0.01408,0.11866
0.4363,0.32468,0.33348,0.00057616,0.024003
0.44674,0.32053,0.32282,3.6122e-05,0.0060102
0.71885,0.29591,0.23606,0.0040921,0.06397
0.55894,0.019521,0.028607,0.00022758,0.015086
0.56298,0.0090221,0.021301,0.00040324,0.020081
0.72579,0.32878,0.25632,0.0058808,0.076686
0.30066,-0.17204,-0.13595,0.036735,0.19166
0.49433,0.22565,0.20924,0.001251,0.035369
0.70482,0.22864,0.19474,0.0013741,0.037069
0.77725,0.52272,0.38999,0.018307,0.1353
0.46075,0.30439,0.29884,0.00018921,0.013755
0.78766,0.54491,0.41158,0.018534,0.13614
0.97724,0.31199,0.32893,0.075784,0.27529
0.883,0.45373,0.47813,0.0010568,0.032508
0.84204,0.54599,0.4809,0.0051978,0.072096
0.85563,0.52068,0.48537,0.001677,0.040951
0.16462,-0.51003,-0.5092,1.8566e-06,0.0013626
0.3648,0.1609,0.20708,0.02693,0.1641
0.31698,-0.083558,-0.040063,0.039567,0.19891
0.30716,-0.13712,-0.097744,0.038303,0.19571
0.39895,0.27972,0.31176,0.010082,0.10041
0.86513,0.49914,0.48529,0.00028003,0.016734
0.651,0.010873,0.051127,0.0024583,0.049581
0.78425,0.53841,0.40475,0.018589,0.13634
0.13698,-0.43518,-0.4431,6.4222e-05,0.0080139
0.27627,-0.29512,-0.27414,0.02696,0.1642
0.56933,-0.006149,0.011269,0.00077402,0.027821
0.59342,-0.045128,-0.0091558,0.0027825,0.052749
0.14071,-0.44944,-0.4541,2.5041e-05,0.0050041
0.64099,-0.014553,0.031232,0.0033569,0.057939
0.5525,0.037524,0.041706,5.0629e-05,0.0071154
0.92991,0.34461,0.42112,0.027572,0.16605
0.2463,-0.41763,-0.4156,0.012475,0.11169
0.23626,-0.4494,-0.45214,0.0084933,0.092159
0.98763,0.31767,0.30734,0.086276,0.29373
0.54629,0.056089,0.055867,1.5214e-07,0.00039005
0.73255,0.35995,0.27573,0.0078089,0.088368
0.16086,-0.50377,-0.50255,3.4691e-06,0.0018626
0.29704,-0.19119,-0.1571,0.035635,0.18877
0.36804,0.17486,0.22018,0.025302,0.15907
0.72228,0.31222,0.24609,0.0049453,0.070323
0.61011,-0.051686,-0.0065569,0.0039226,0.06263
0.34139,0.047809,0.096361,0.036553,0.19119
0.76674,0.49345,0.36598,0.016949,0.13019
0.35116,0.09729,0.14569,0.033134,0.18203
0.60362,-0.051296,-0.0091711,0.0035644,0.059702
0.31364,-0.10182,-0.059607,0.039295,0.19823
0.69865,0.19934,0.17661,0.0006314,0.025128
0.90313,0.40163,0.45977,0.0082254,0.090694
0.80126,0.56306,0.43609,0.017075,0.13067
0.45703,0.3098,0.30621,8.1866e-05,0.009048
0.50755,0.18412,0.1678,0.0011089,0.0333
0.43979,0.32408,0.33067,0.00031426,0.017727
0.58673,-0.037564,-0.0063535,0.0021935,0.046835
0.85885,0.51367,0.48564,0.0010849,0.032937
0.51113,0.17233,0.15652,0.0010103,0.031785
0.53949,0.077543,0.072957,6.7522e-05,0.0082172
0.62089,-0.046051,0.0020978,0.0041741,0.064607
0.18177,-0.52508,-0.52838,6.0448e-05,0.0077748
0.34789,0.081035,0.12962,0.034395,0.18546
0.91329,0.37759,0.44681,0.014379,0.11991
0.47738,0.27142,0.25875,0.00085865,0.029303
0.64408,-0.0073573,0.037037,0.0031029,0.055704
0.66102,0.042239,0.073975,0.0014516,0.0381
0.49815,0.21407,0.1974,0.0012506,0.035364
0.14422,-0.46162,-0.46395,7.043e-06,0.0026539
0.8489,0.53413,0.48383,0.0032415,0.056934
0.74646,0.4201,0.31432,0.011967,0.1094
0.7735,0.51306,0.38169,0.017946,0.13396
0.19234,-0.52424,-0.53033,0.00034555,0.018589
0.8077,0.5673,0.44613,0.015749,0.1255
0.51871,0.1469,0.13286,0.00074782,0.027346
0.52594,0.12245,0.11097,0.00047149,0.021714
0.87249,0.48098,0.48343,9.4336e-06,0.0030714
0.46357,0.29979,0.29283,0.00029003,0.01703
0.35526,0.11717,0.16514,0.031412,0.17724
0.11871,-0.34315,-0.38225,0.00090528,0.030088
0.082884,-0.034989,-0.24614,0.01024,0.10119
0.11476,-0.31803,-0.36795,0.0013193,0.036323
0.094853,-0.15895,-0.29239,0.0055221,0.074311
0.03066,0.78115,-0.068046,0.051971,0.22797
0.050533,0.4175,-0.1289,0.032552,0.18042
0.03879,0.62484,-0.091669,0.043659,0.20895
0.022731,0.94294,-0.046815,0.060386,0.24574
0.10263,-0.22781,-0.32237,0.0033985,0.058297
0.010763,1.2028,-0.018243,0.073311,0.27076
0.058809,0.28505,-0.15712,0.025571,0.15991
0.034649,0.7032,-0.079407,0.047842,0.21873
0.12669,-0.3881,-0.41007,0.00036121,0.019005
0.046972,0.47801,-0.11724,0.035786,0.18917
0.054528,0.35213,-0.14233,0.029085,0.17054
0.078751,0.013111,-0.23034,0.012312,0.11096
0.014993,1.109,-0.027862,0.068739,0.26218
0.070568,0.11664,-0.19957,0.017106,0.13079
0.018744,1.0275,-0.036832,0.064681,0.25433
0.026505,0.86481,-0.056696,0.056352,0.23739
0.0023647,1.3948,-0.00069085,0.082292,0.28687
0.12278,-0.36705,-0.39666,0.00058398,0.024166
0.066959,0.16585,-0.18629,0.019511,0.13968
0.074878,0.06073,-0.21567,0.014467,0.12028
0.098999,-0.19675,-0.3084,0.0043048,0.065611
0.090593,-0.11739,-0.2759,0.0069896,0.083604
0.086503,-0.074853,-0.26008,0.0086161,0.092823
0.062524,0.22933,-0.17026,0.022703,0.15068
0.11051,-0.28865,-0.35219,0.0018986,0.043573
0.0064462,1.3006,-0.0089663,0.077951,0.2792
0.042966,0.54856,-0.1045,0.039569,0.19892
0.1067,-0.26031,-0.33786,0.0025493,0.050491
0.94169,0.32741,0.40017,0.03871,0.19675
0.8262,0.56445,0.46894,0.010359,0.10178
0.84711,0.53744,0.4832,0.003724,0.061025
0.15941,-0.50105,-0.49976,3.6336e-06,0.0019062
0.61548,-0.049868,-0.0029032,0.0041065,0.064082
0.43131,0.32415,0.33615,0.0011145,0.033384
0.69728,0.19291,0.17262,0.00050616,0.022498
0.66336,0.05035,0.079677,0.0012254,0.035006
0.88766,0.44145,0.4748,0.0021043,0.045872
0.30214,-0.16412,-0.12724,0.037141,0.19272
0.813,0.56872,0.4536,0.014403,0.12001
0.32892,-0.018464,0.028467,0.039173,0.19792
0.46599,0.29551,0.28741,0.00038552,0.019635
0.53405,0.095311,0.087648,0.00019678,0.014028
0.27493,-0.30137,-0.28128,0.02631,0.1622
0.86003,0.51102,0.48566,0.00089666,0.029944
0.28862,-0.23473,-0.20568,0.03253,0.18036
0.64934,0.0062443,0.04762,0.00262,0.051186
0.41824,0.31477,0.33521,0.0035624,0.059686
0.13159,-0.41197,-0.42624,0.00017667,0.013292
0.59508,-0.046579,-0.0095065,0.0029223,0.054058
0.9557,0.31465,0.37309,0.053105,0.23045
0.57405,-0.016202,0.0050481,0.001113,0.033361
0.70328,0.2213,0.19021,0.0011618,0.034085
0.45198,0.31586,0.31507,4.107e-06,0.0020266
0.92823,0.3475,0.42393,0.026092,0.16153
0.54781,0.051447,0.052269,2.0219e-06,0.0014219
0.50642,0.18779,0.17135,0.0011354,0.033696
0.67662,0.10115,0.11407,0.00022342,0.014947
0.96874,0.31062,0.34655,0.0669,0.25865
0.20085,-0.51844,-0.52609,0.00088772,0.029795
0.31518,-0.093409,-0.050586,0.039441,0.1986
0.77893,0.52677,0.39363,0.018423,0.13573
0.25475,-0.38705,-0.38018,0.016326,0.12778
0.48606,0.24928,0.23419,0.001133,0.03366
0.1729,-0.51996,-0.52082,2.7962e-06,0.0016722
0.99634,0.32556,0.28946,0.094605,0.30758
0.36963,0.18152,0.22639,0.024491,0.1565
0.90848,0.38869,0.45323,0.011263,0.10613
0.75869,0.46679,0.34626,0.015264,0.12355
0.79994,0.56184,0.43391,0.0173,0.13153
0.24101,-0.43498,-0.43561,0.010288,0.10143
0.55423,0.032547,0.038018,8.5529e-05,0.0092482
0.62236,-0.044675,0.0036698,0.004171,0.064583
0.89437,0.42389,0.46902,0.0042597,0.065266
0.22108,-0.48749,-0.49477,0.0040032,0.063271
0.73798,0.38418,0.29105,0.0094318,0.097118
0.22773,-0.47231,-0.47804,0.005731,0.075703
0.38375,0.23507,0.2747,0.017208,0.13118
0.35651,0.12307,0.17087,0.030863,0.17568
0.3359,0.018981,0.067073,0.037969,0.19486
0.28185,-0.26841,-0.24371,0.029592,0.17202
0.91458,0.37472,0.445,0.015274,0.12359
0.47216,0.28323,0.27247,0.00064604,0.025417
0.52704,0.11877,0.10775,0.00043087,0.020757
0.87427,0.47644,0.48275,6.3629e-05,0.0079768
0.88105,0.45886,0.47934,0.00072706,0.026964
0.78597,0.54179,0.40823,0.018578,0.1363
0.73144,0.35488,0.27256,0.0074817,0.086497
0.7929,0.55337,0.42153,0.018203,0.13492
0.18653,-0.5256,-0.53023,0.00014875,0.012196
0.19391,-0.52351,-0.52995,0.00042059,0.020508
0.86702,0.49459,0.48496,0.00013778,0.011738
0.56072,0.01481,0.025296,0.00029907,0.017294
0.4927,0.23049,0.21426,0.0012404,0.03522
0.66984,0.074206,0.096079,0.00066074,0.025705
0.60852,-0.05185,-0.0073826,0.0038475,0.062028
0.39005,0.25529,0.292,0.014103,0.11876
0.98264,0.31441,0.3177,0.081298,0.28513
0.76528,0.48887,0.36249,0.01668,0.12915
0.15262,-0.48596,-0.4852,9.9732e-07,0.00099866
0.44522,0.32157,0.32478,7.1769e-05,0.0084717
0.26137,-0.36083,-0.34979,0.019551,0.13983
0.3088,-0.12822,-0.088081,0.03861,0.1965
0.14565,-0.46623,-0.4678,3.3694e-06,0.0018356
0.45881,0.30731,0.30277,0.00012884,0.011351
0.52018,0.14194,0.12835,0.00069209,0.026308
0.16601,-0.51206,-0.51144,1.0787e-06,0.0010386
0.29533,-0.20015,-0.16704,0.035063,0.18725
0.58134,-0.029554,-0.002473,0.0017153,0.041416
0.77213,0.50929,0.37856,0.017778,0.13333
0.64263,-0.010813,0.034269,0.0032255,0.056793
0.65611,0.02618,0.062455,0.0019441,0.044091
0.56784,-0.0027406,0.013462,0.00067718,0.026023
0.80615,0.56654,0.44381,0.016101,0.12689
0.13858,-0.44148,-0.44789,4.4306e-05,0.0066563
0.39742,0.27589,0.30877,0.010733,0.1036
0.32245,-0.053647,-0.0083553,0.039652,0.19913
0.94869,0.31994,0.38687,0.045801,0.21401
0.24761,-0.41312,-0.41038,0.013046,0.11422
0.47933,0.26672,0.25342,0.00093072,0.030508
0.3766,0.20929,0.25182,0.020884,0.14451
0.84045,0.54841,0.48003,0.0056861,0.075406
0.83328,0.55785,0.47517,0.0080063,0.089478
0.7172,0.28805,0.23123,0.0037063,0.060879
0.85351,0.5251,0.48503,0.0021254,0.046102
0.43817,0.32446,0.33207,0.00042455,0.020605
0.20743,-0.51097,-0.5192,0.00158,0.039749
0.36344,0.15491,0.20141,0.027599,0.16613
0.71025,0.2547,0.21077,0.0022655,0.047597
0.98957,0.31919,0.30334,0.088169,0.29693
0.41107,0.30467,0.3296,0.0055904,0.074769
0.68309,0.12855,0.13192,1.4747e-05,0.0038401
0.34969,0.090016,0.13852,0.033715,0.18362
0.54077,0.073437,0.069629,4.6075e-05,0.0067878
0.23417,-0.45537,-0.45894,0.00776,0.088091
0.2144,-0.5003,-0.50842,0.0026366,0.051347
0.49974,0.20912,0.19241,0.0012403,0.035217
0.81994,0.56783,0.46226,0.012369,0.11122
0.51331,0.16504,0.14964,0.00094068,0.03067
0.34266,0.054368,0.10297,0.036172,0.19019
0.69043,0.16122,0.15275,9.0538e-05,0.0095152
0.93505,0.3364,0.4122,0.032295,0.17971
0.40432,0.292,0.32098,0.0079332,0.089069
0.58803,-0.039235,-0.0070689,0.002309,0.048052
0.75181,0.44137,0.32856,0.013492,0.11615
0.60163,-0.05062,-0.0095672,0.0034297,0.058564
0.17999,-0.52449,-0.52729,3.9997e-05,0.0063244
0.92177,0.35962,0.43434,0.020677,0.14379
0.74476,0.41312,0.30973,0.011467,0.10708
0.72402,0.32047,0.25118,0.0054032,0.073506
0.63556,-0.025716,0.021829,0.0037324,0.061094
0.90104,0.40685,0.46215,0.0071602,0.084618
0.62858,-0.037194,0.011368,0.0040545,0.063675
0.42463,0.32081,0.33714,0.0021686,0.046568
0.96241,0.31163,0.35955,0.060199,0.24535
0.26849,-0.33052,-0.31478,0.023113,0.15203
0.97599,0.31159,0.33152,0.074494,0.27294
0.10099,-0.21403,-0.31608,0.0037898,0.061561
0.028886,0.81656,-0.063141,0.053832,0.23202
0.11667,-0.33039,-0.37489,0.0011059,0.033255
0.0605,0.25939,-0.16307,0.024244,0.15571
0.036989,0.65859,-0.086279,0.045464,0.21322
0.052613,0.38314,-0.13585,0.030726,0.17529
0.084964,-0.058151,-0.25414,0.0092856,0.096362
0.0040035,1.3568,-0.0039559,0.080555,0.28382
0.076793,0.036879,-0.2229,0.013376,0.11565
0.092533,-0.13667,-0.28341,0.006293,0.079329
0.020518,0.98962,-0.041217,0.062766,0.25053
0.068704,0.14178,-0.19268,0.018327,0.13538
0.012792,1.1575,-0.022792,0.07112,0.26668
0.1087,-0.27546,-0.34542,0.0021907,0.046805
0.12486,-0.37845,-0.40383,0.00045628,0.021361
0.044512,0.52103,-0.10937,0.038092,0.19517
0.93884,0.33103,0.40539,0.035921,0.18953
0.61225,-0.051195,-0.0052599,0.0040091,0.063317
0.21767,-0.49434,-0.50214,0.0032599,0.057096
0.17611,-0.52245,-0.52416,1.2585e-05,0.0035475
0.69363,0.17589,0.16198,0.00024115,0.015529
0.65295,0.016529,0.055358,0.0022641,0.047583
0.91101,0.38276,0.44991,0.012863,0.11342
0.92508,0.35323,0.4291,0.023389,0.15293
0.36652,0.16838,0.21412,0.02607,0.16146
0.44867,0.319,0.32015,8.7989e-06,0.0029663
0.76165,0.47701,0.35365,0.015941,0.12626
0.13545,-0.42892,-0.43842,8.8383e-05,0.0094012
0.62514,-0.041654,0.0069145,0.0041395,0.064339
0.23077,-0.4646,-0.46939,0.0066445,0.081514
0.99316,0.32237,0.29596,0.091617,0.30268
0.73482,0.37014,0.28215,0.0084802,0.092088
0.48943,0.2399,0.22415,0.0012003,0.034645
0.16297,-0.50742,-0.50638,2.7265e-06,0.0016512
0.32562,-0.036413,0.0097476,0.039496,0.19874
0.84354,0.54357,0.48166,0.0047446,0.068881
0.8028,0.56433,0.43859,0.016791,0.12958
0.89799,0.41455,0.46542,0.0057443,0.075791
0.24405,-0.42517,-0.42431,0.011523,0.10735
0.43488,0.3247,0.33441,0.0007092,0.026631
0.67976,0.11427,0.12266,9.3055e-05,0.0096465
0.25752,-0.3763,-0.36771,0.017662,0.1329
0.66625,0.060743,0.086886,0.00096014,0.030986
0.77576,0.51898,0.38672,0.018181,0.13484
0.82986,0.5614,0.47233,0.0091465,0.095637
0.50306,0.19865,0.18198,0.0012001,0.034643
0.28539,-0.251,-0.224,0.031167,0.17654
0.81621,0.56869,0.45777,0.013494,0.11617
0.53097,0.10555,0.096329,0.00029242,0.0171
0.85708,0.51755,0.48553,0.0013954,0.037356
0.88466,0.44936,0.47701,0.0013875,0.037249
0.55706,0.024643,0.032264,0.00016243,0.012745
0.35323,0.10737,0.15558,0.032286,0.17968
0.46234,0.30186,0.29551,0.00024417,0.015626
0.42132,0.31803,0.33649,0.0028422,0.053312
0.27156,-0.3168,-0.29899,0.024648,0.157
0.29878,-0.18201,-0.14695,0.036183,0.19022
0.70691,0.23865,0.2009,0.0016913,0.041126
0.54427,0.06236,0.060785,7.6732e-06,0.0027701
0.96598,0.31084,0.35224,0.06398,0.25294
0.57131,-0.010489,0.0085359,0.00091006,0.030167
0.59823,-0.048865,-0.0097992,0.0031769,0.056364
0.20395,-0.51523,-0.52323,0.0011808,0.034363
0.31244,-0.1084,-0.066677,0.039156,0.19788
0.95241,0.31686,0.37961,0.049656,0.22284
0.38024,0.22275,0.26387,0.019004,0.13786
0.33924,0.036567,0.084985,0.037156,0.19276
0.47564,0.2755,0.26343,0.00079019,0.02811
0.97938,0.31281,0.32447,0.077986,0.27926
0.39394,0.2666,0.30133,0.012281,0.11082
0.72072,0.30486,0.24156,0.0045516,0.067465
0.58465,-0.03466,-0.0050227,0.002007,0.0448
0.78901,0.54726,0.4142,0.018478,0.13593
0.14919,-0.47681,-0.47693,2.4255e-08,0.00015574
0.19046,-0.52492,-0.53056,0.00026924,0.016409
0.51653,0.15424,0.1396,0.00082849,0.028783
0.63901,-0.018848,0.027679,0.0035053,0.059205
0.74809,0.42671,0.3187,0.012442,0.11154
0.87096,0.48482,0.48394,1.2038e-06,0.0010972
0.40775,0.29882,0.32577,0.0066913,0.0818
0.1046,-0.24382,-0.32988,0.0029669,0.054469
0.088528,-0.096245,-0.26791,0.0077835,0.088224
0.072635,0.089445,-0.20726,0.015809,0.12573
0.0084578,1.2548,-0.013222,0.075793,0.27531
0.040531,0.59271,-0.096961,0.041938,0.20479
0.024914,0.8975,-0.052481,0.058047,0.24093
0.0567,0.31771,-0.14979,0.027275,0.16515
0.12069,-0.35503,-0.38931,0.0007365,0.027139
0.55079,0.042523,0.045458,2.5258e-05,0.0050257
0.22435,-0.48032,-0.48693,0.0048062,0.069327
0.95891,0.31295,0.36664,0.056497,0.23769
0.76887,0.49993,0.37103,0.017309,0.13156
0.16965,-0.51668,-0.51677,2.8429e-08,0.00016861
0.4149,0.31051,0.33305,0.0044461,0.066679
0.63232,-0.031444,0.016743,0.0039059,0.062497
0.30523,-0.14752,-0.10908,0.037896,0.19467
0.85033,0.53143,0.48427,0.0028775,0.053642
0.93153,0.34191,0.41835,0.029032,0.17039
0.60525,-0.051658,-0.0087017,0.0036671,0.060557
0.82314,0.5664,0.46581,0.011355,0.10656
0.7961,0.55764,0.4273,0.017856,0.13363
0.4417,0.32341,0.3288,0.00020698,0.014387
0.65973,0.037889,0.070887,0.0015795,0.039742
0.14228,-0.45504,-0.45857,1.5162e-05,0.0038939
0.8777,0.4676,0.48118,0.00030693,0.017519
0.90487,0.39735,0.45771,0.0091649,0.095733
0.38691,0.24551,0.28371,0.01563,0.12502
0.4687,0.29035,0.28103,0.00049865,0.02233
0.35992,0.13897,0.1862,0.029296,0.17116
0.3322,-0.00079683,0.046759,0.038695,0.19671
0.25147,-0.39934,-0.39442,0.014786,0.1216
0.71399,0.27265,0.22178,0.0030007,0.054779
0.49639,0.21946,0.20288,0.0012551,0.035428
0.52357,0.13046,0.11805,0.00056165,0.023699
0.68693,0.14544,0.14274,9.3495e-06,0.0030577
0.74132,0.3986,0.3003,0.010437,0.10216
0.98616,0.31661,0.3104,0.084819,0.29124
0.27835,-0.28532,-0.26294,0.027955,0.1672
0.1971,-0.52154,-0.52861,0.00060578,0.024613
0.57768,-0.023211,0.0009723,0.0014041,0.037471
0.11269,-0.30403,-0.36032,0.0015829,0.039786
0.016754,1.0705,-0.03202,0.066834,0.25852
0.048705,0.44831,-0.12287,0.034197,0.18492
0.080576,-0.0084681,-0.2373,0.011369,0.10662
0.91837,0.36657,0.43951,0.018033,0.13429
0.59171,-0.043447,-0.0086496,0.0026344,0.051327
0.15616,-0.49431,-0.4931,2.8918e-06,0.0017005
0.75538,0.45484,0.33783,0.014443,0.12018
0.31851,-0.075198,-0.031164,0.039636,0.19909
0.53746,0.08414,0.078356,0.00010911,0.010445
0.26476,-0.34663,-0.33337,0.021246,0.14576
0.80953,0.568,0.44879,0.015308,0.12373
0.70025,0.20688,0.1813,0.0007958,0.02821
0.97227,0.31081,0.33924,0.070616,0.26574
0.42823,0.32299,0.33698,0.0015513,0.039387
0.37347,0.19715,0.24079,0.022506,0.15002
0.86351,0.503,0.48549,0.00044084,0.020996
0.48283,0.25787,0.24356,0.0010462,0.032345
0.21083,-0.50611,-0.51439,0.0020507,0.045285
0.64606,-0.0024527,0.040906,0.0029283,0.054113
0.096563,-0.17485,-0.299,0.0049956,0.070679
0.03298,0.73551,-0.0746,0.049558,0.22262
0.29191,-0.2179,-0.18682,0.033827,0.18392
0.94505,0.32356,0.39385,0.042081,0.20514
0.18326,-0.5254,-0.52913,8.2308e-05,0.0090724
0.83673,0.55365,0.47769,0.0068747,0.082914
0.50965,0.17722,0.16117,0.0010535,0.032458
0.6185,-0.047981,-0.00026776,0.0041595,0.064494
0.4006,0.2837,0.31481,0.0093968,0.096937
0.72781,0.33817,0.26214,0.0064398,0.080249
0.064785,0.19655,-0.17839,0.021044,0.14506
0.2378,-0.44483,-0.44692,0.009058,0.095174
0.89137,0.4317,0.47175,0.0032018,0.056585
0.67329,0.087668,0.10513,0.0004144,0.020357
0.45526,0.31209,0.30946,4.4547e-05,0.0066743
0.00041391,1.4404,0.0030958,0.084346,0.29042
0.34643,0.073642,0.12227,0.034924,0.18688
0.7824,0.53458,0.40097,0.018566,0.13626
0.56416,0.0060722,0.019298,0.00046374,0.021535
0.99969,0.32928,0.28267,0.097673,0.31253
0.12853,-0.39738,-0.41623,0.00028089,0.01676
