"","fit","rmse","prmse","poarmse","pwbrmse","xi","pi","rep","elapsed","sigma2","delta","beta.1","beta.2","beta.3","beta.4","beta.5","beta.6","input.dim","input.ss","pred.ss","seed.start","seed.preds","seed.fit","func.string","batch.name"
"1","PredictMean",0.226401991114653,0.23950112691859,1.05785786485112,117.728585991336,5.7638870633661,6.09737326209548,1,0.0679999999999836,0.0573607897952744,0,0,0,0,0,0,0,6,60,2000,1022,1122,1322,"","OTLCircuit2"
"2","PredictMean",0.22547053192721,0.251880542544838,1.11713287049925,104.344168681344,5.77331862313928,6.44956400577439,2,0.05499999999995,0.0634438077126819,0,0,0,0,0,0,0,6,60,2000,1023,1123,1323,"","OTLCircuit2"
"3","PredictMean",0.212520519695128,0.225196878407428,1.05964769298741,107.019840724683,5.84890432982404,6.1977779796021,3,0.0559999999999263,0.0507136340444497,0,0,0,0,0,0,0,6,60,2000,1024,1124,1324,"","OTLCircuit2"
"4","PredictMean",0.23779372839121,0.240864986443588,1.01291563942059,76.1165068536845,5.84845806934635,5.92399464493645,4,0.0570000000000164,0.05801594169447,0,0,0,0,0,0,0,6,60,2000,1025,1125,1325,"","OTLCircuit2"
"5","PredictMean",0.249682360542247,0.261683241271141,1.04806459175903,89.3937638275867,5.91205611874797,6.19621668255206,5,0.05499999999995,0.0684781187621702,0,0,0,0,0,0,0,6,60,2000,1026,1126,1326,"","OTLCircuit2"
"6","LM",0.0392793940314359,0.0384512840997546,0.978917446358298,19.5987009610141,1,0.978917446358298,1,0.0579999999999927,0.00147850124892004,0,-0.0213123770664998,0.525939058174958,0.214494648295896,-0.112347953645502,-0.0202061303817161,-0.0213123770664998,6,60,2000,1022,1122,1322,"","OTLCircuit2"
"7","LM",0.0390538867928632,0.0396337420633831,1.01484756878606,17.2467269793716,1,1.01484756878606,2,0.05499999999995,0.00157083350994678,0,-0.0282053424224878,0.494516588316452,0.210584982056945,-0.125251267654179,0.00311856971632775,-0.0282053424224878,6,60,2000,1023,1123,1323,"","OTLCircuit2"
"8","LM",0.0363350993127839,0.0330684363089332,0.910096213698764,17.4683890577387,1,0.910096213698764,3,0.0570000000000164,0.00109352147991797,0,-0.0167569218696676,0.473015546281816,0.182267109296948,-0.0994463313199047,-0.018752019750777,-0.0167569218696676,6,60,2000,1024,1124,1324,"","OTLCircuit2"
"9","LM",0.0406592174504189,0.0381606267565609,0.938547988610334,12.185784345087,1,0.938547988610334,4,0.0559999999999263,0.00145623343445355,0,-0.0116091468124643,0.520094066132853,0.241829748624179,-0.108100547805104,0.0135448134890113,-0.0116091468124643,6,60,2000,1025,1125,1325,"","OTLCircuit2"
"10","LM",0.0422327453473368,0.0394280816104232,0.933590305014579,14.2897337257905,1,0.933590305014579,5,0.0600000000000591,0.00155457361947819,0,-0.0118437294357896,0.568880199139804,0.225231157241599,-0.124668202729704,-0.0303060988999738,-0.0118437294357896,6,60,2000,1026,1126,1326,"","OTLCircuit2"
"11","QM",0.0101248430387375,0.0053317813938947,0.526603856819843,4.30961892806305,0.257764746335812,0.135739909572627,1,0.0670000000000073,2.84278928322817e-05,0,0.317235930872811,0.36860202894219,0.78480458209491,-0.197659821167113,-0.174083413027761,0.317235930872811,6,60,2000,1022,1122,1322,"","OTLCircuit2"
"12","QM",0.00938205539364608,0.00512181616181024,0.545916214188945,3.3834767120922,0.240233589127948,0.131147411497752,2,0.0660000000000309,2.62330007953806e-05,0,0.239482321356784,0.379804377014256,0.716532051627848,-0.177739421877359,-0.151699508827551,0.239482321356784,6,60,2000,1023,1123,1323,"","OTLCircuit2"
"13","QM",0.00901347593171291,0.00377461953439859,0.41877512770828,3.58136577077885,0.248065262024526,0.103883561784309,3,0.0660000000000309,1.42477526294634e-05,0,0.232509760158542,0.340794927756931,0.671087854348339,-0.137505490801868,-0.139648850326144,0.232509760158542,6,60,2000,1024,1124,1324,"","OTLCircuit2"
"14","QM",0.0121193285799059,0.00448216050495023,0.369835711227581,2.93029829599539,0.298070876417741,0.110237254576183,4,0.0660000000000309,2.00897627921357e-05,0,0.304541847927573,0.348673027355656,0.803458084909086,-0.195899547406939,-0.16818382884229,0.304541847927573,6,60,2000,1025,1125,1325,"","OTLCircuit2"
"15","QM",0.00989658524148012,0.00547906460406492,0.553631830613675,2.58291065125751,0.234334404739431,0.129734985471657,5,0.0679999999999836,3.00201489355171e-05,0,0.31218302885928,0.413385197967756,0.801431071568271,-0.182288420434533,-0.171951868927401,0.31218302885928,6,60,2000,1026,1126,1326,"","OTLCircuit2"
"16","sklearnRBF",0.00223706985743793,0.00130535983782872,0.583513220871752,0.173152849185587,0.0569527588854241,0.0332326877747661,1,0.17,-1234,1e-10,1,1,1,1,1,1,6,60,2000,1022,1122,1322,"","OTLCircuit2"
"17","sklearnRBF",0.00247503586716458,0.00121888116379241,0.492470101125755,0.156384356103507,0.0633748922429118,0.0312102395917006,2,0.16,-1234,1e-10,1,1,1,1,1,1,6,60,2000,1023,1123,1323,"","OTLCircuit2"
"18","sklearnRBF",0.00200915085976299,0.00129290989168469,0.643510608176637,0.0212103573565339,0.0552950424730531,0.0355829464109874,3,0.14,-1234,1e-10,1,1,1,1,1,1,6,60,2000,1024,1124,1324,"","OTLCircuit2"
"19","sklearnRBF",0.00376139718129128,0.00140586704117544,0.373761922343125,0.219821117541301,0.0925103191146766,0.0345768347088774,4,0.17,-1234,1e-10,1,1,1,1,1,1,6,60,2000,1025,1125,1325,"","OTLCircuit2"
"20","sklearnRBF",0.00423845265176792,0.00262990816499378,0.620487800871578,0.534468382813494,0.100359392147241,0.0622717785302496,5,0.12,-1234,1e-10,1,1,1,1,1,1,6,60,2000,1026,1126,1326,"","OTLCircuit2"
"21","GPy",0.00203742926352292,0.00133681770517024,0.656129628205471,0.068458339630693,0.0518701806319195,0.034033562332972,1,1.32,3.72422634290629,1.38803769977697e-07,144.320748843635,2.96150667727084,6.70786133134889,2.27412523839343,307508.93961848,144.320748843635,6,60,2000,1022,1122,1322,"","OTLCircuit2"
"22","GPy",0.00214032285554635,0.00134678969003504,0.629246044140035,0,0.0548043493570395,0.0344854200345856,2,1.74,5.974244418485,3.10637959471041e-07,1891.83455530006,3.26098502408507,8.81383155232937,2.37283578135766,2136.42993095707,1891.83455530006,6,60,2000,1023,1123,1323,"","OTLCircuit2"
"23","GPy",0.00209921975523985,0.00188313124435778,0.8970624631639,0.066990537819182,0.0577738824151576,0.0518267812658828,3,1.53,5.25026826321219,8.74107269069259e-07,740.903797195743,3.00641534594131,8.62661943036021,2.83984205990428,418692.957668373,740.903797195743,6,60,2000,1024,1124,1324,"","OTLCircuit2"
"24","GPy",0.00354697747819868,0.00136253501073086,0.384139741260162,0.150284807164342,0.0872367374636262,0.0335110977576581,4,1.2,1.96507672326904,5.56268464626814e-309,391.803505472307,1.94429529606019,5.04346009445018,1.86027145100031,5882.45370251143,391.803505472307,6,60,2000,1025,1125,1325,"","OTLCircuit2"
"25","GPy",0.00406930006344534,0.00236464496412529,0.581093782040548,0.473229218435004,0.0963541448697688,0.0559907944576568,5,0.71,2.52923808123808,4.34758244630688e-16,14.4009350372161,2.97317302255655,5.88659105974948,2.45518423742657,23.5206836449117,14.4009350372161,6,60,2000,1026,1126,1326,"","OTLCircuit2"
"26","DACEregpoly0corrgauss",0.00319745883075536,0.00338711916309421,1.05931595757061,0.676795172480812,0.0814029571891151,0.0862314515438666,1,1.0147,0.38509,0,0.00011439,0.012312,0.0081584,0.0079836,1e-04,0.00011439,6,60,2000,1022,1122,1322,"","OTLCircuit2"
"27","DACEregpoly0corrgauss",0.00376829269873338,0.00319535030004536,0.847957033995635,0.7606188192442,0.0964895688544375,0.0818190086173265,2,0.35301,0.32074,0,0.00011439,0.012312,0.0081584,0.0079836,1e-04,0.00011439,6,60,2000,1023,1123,1323,"","OTLCircuit2"
"28","DACEregpoly0corrgauss",0.004569286537356,0.00347064773997593,0.759560100160451,1.32247504710929,0.125754067658441,0.0955177722262297,3,0.33873,0.15367,0,0.00011439,0.039658,0.0081584,0.0076451,1e-04,0.00011439,6,60,2000,1024,1124,1324,"","OTLCircuit2"
"29","DACEregpoly0corrgauss",0.00537645989804377,0.00397844056886615,0.739974006002296,0.743585961585764,0.132232252246369,0.097848429417452,4,0.33969,0.1862,0,0.00011439,0.039658,0.01058,0.0079836,1e-04,0.00011439,6,60,2000,1025,1125,1325,"","OTLCircuit2"
"30","DACEregpoly0corrgauss",0.00419738181984501,0.00335101397206875,0.798358147029972,0.519599302462847,0.0993869042924935,0.0793463447500003,5,0.35818,0.4766,0,0.00011194,0.010132,0.003582,0.014328,1e-04,0.00011194,6,60,2000,1026,1126,1326,"","OTLCircuit2"
"31","JMP2WN",0.0020493569356663,0.00108910961914079,0.531439692220669,0.0747133890707601,0.052173842957612,0.0277272510433629,1,18.239089,3.53521416,0,2.576e-05,0.05923543,0.01173632,0.09701587,0,2.576e-05,6,60,2000,1022,1122,1322,"","OTLCircuit2"
"32","JMP2WN",0.0021436421383451,0.00117410797873748,0.547716411118831,0.00155083275878476,0.0548893417373463,0.0300637932650544,2,19.042237,5.56489825,0,4.62115e-07,0.04911717,0.00658901,0.09070399,0,4.62115e-07,6,60,2000,1023,1123,1323,"","OTLCircuit2"
"33","JMP2WN",0.00207962048775647,0.00155639248153543,0.748402167942905,0.0570286303529652,0.0572344792525389,0.0428344083536834,3,19.146218,5.08198007,0,9.75443e-07,0.05645448,0.00688444,0.0627339,6.8534e-27,9.75443e-07,6,60,2000,1024,1124,1324,"","OTLCircuit2"
"34","JMP2WN",0.00337302037899096,0.00141422868883006,0.419276651169575,0.0938705193525577,0.0829583201669862,0.0347824866662674,4,19.585643,1.92096939,0,3.26318e-06,0.13267452,0.0191682,0.14484823,9.43852e-09,3.26318e-06,6,60,2000,1025,1125,1325,"","OTLCircuit2"
"35","JMP2WN",0.00344689677175727,0.0024082147317048,0.698661692289978,0.247897416732318,0.0816166873218587,0.0570224528833918,5,19.699686,2.55236513,0,4.02348e-07,0.11184162,0.01225817,0.1079739,2.02918e-09,4.02348e-07,6,60,2000,1026,1126,1326,"","OTLCircuit2"
"36","JMP2NN",0.00469274880158396,0.00427579718999861,0.911149812356328,1.4609475688862,0.119471008076863,0.108855986591255,1,12.44049,0.21691147,0,0,0.15237595,0.04807444,0.07529602,0,0,6,60,2000,1022,1122,1322,"","OTLCircuit2"
"37","JMP2NN",0.00545160538738245,0.00427119141458212,0.783474061506294,1.54709488022117,0.139591877661168,0.109366615344485,2,10.346876,0.19678253,0,5.9635e-22,0.1424574,0.05176995,0.07621961,3.0162e-22,5.9635e-22,6,60,2000,1023,1123,1323,"","OTLCircuit2"
"38","JMP2NN",0.0484804862719384,0.031337799460077,0.646400270910978,23.6416412535717,1.33426045858863,0.862466321897496,3,20.752587,0.00702194,0,0,1.77972774,0.41035953,0.13880107,0,0,6,60,2000,1024,1124,1324,"","OTLCircuit2"
"39","JMP2NN",0.0554530645120515,0.0346109354828788,0.624148291666675,16.9834289929889,1.36384977353961,0.851244506244727,4,20.211266,0.00865165,0,0,1.9840569,0.65352911,0.0551208,0,0,6,60,2000,1025,1125,1325,"","OTLCircuit2"
"40","JMP2NN",0.00588351314185235,0.00477049955507806,0.810825002011661,1.13003792605171,0.139311642979027,0.112957363198717,5,10.929164,0.22785941,0,0,0.18774632,0.0494116,0.08834647,0,0,6,60,2000,1026,1126,1326,"","OTLCircuit2"
"41","mlegpE",0.00204207434502405,0.00128132453602725,0.62746223669548,0.0708942897551994,0.0519884380952963,0.0326207816495791,1,2.56999999999994,3.74954313480032,1.42775955996873e-07,2.4374283236662e-05,0.057616034451525,0.0119053903276741,0.0926349604470246,1.19892457314356e-13,2.4374283236662e-05,6,60,2000,1022,1122,1322,"","OTLCircuit2"
"42","mlegpE",0.00217521905793559,0.00119477738307534,0.549267614549706,0.0163041768669692,0.0556978891620359,0.0305930467154854,2,2.59899999999993,4.46683680340231,2.87493911641668e-07,4.82899967315658e-07,0.0546260770232233,0.00728985987834797,0.0982884482998209,1.42762951616499e-28,4.82899967315658e-07,6,60,2000,1023,1123,1323,"","OTLCircuit2"
"43","mlegpE",0.00207857379424159,0.00163409994373268,0.786164026631978,0.0564966174116857,0.0572056725742945,0.0449730418971979,3,2.54600000000005,5.12195138335864,8.62817516719932e-07,9.773337403898e-07,0.0563216521723978,0.00685565794448494,0.0626498270769177,9.16596011835427e-11,9.773337403898e-07,6,60,2000,1024,1124,1324,"","OTLCircuit2"
"44","mlegpE",0.0036788870927848,0.00133275233289333,0.36227051803443,0.193063095583128,0.0904810107885364,0.032778602650642,4,2.56399999999996,1.857369368322,3.01250653541037e-09,3.18474479221993e-06,0.138121009939153,0.0225124291068456,0.145316167300397,2.00301008917028e-10,3.18474479221993e-06,6,60,2000,1025,1125,1325,"","OTLCircuit2"
"45","mlegpE",0.00308246914745652,0.00200431424359167,0.650230107005456,0.115961846547268,0.0729876573759347,0.0474587722656316,5,2.60699999999997,4.62867458605398,8.05474983661688e-07,5.95040893085309e-07,0.0582918973801081,0.00948288895837808,0.100546085382847,6.73547531557466e-08,5.95040893085309e-07,6,60,2000,1026,1126,1326,"","OTLCircuit2"
"46","mlegp0",0.00218601327980784,0.00127280004643993,0.582247170315366,0.146378017225261,0.0556529277935993,0.0324037597275886,1,2.62,1.46167078450139,0,4.67967812655758e-05,0.0956796187623763,0.028218136897612,0.125186274277643,5.99158151113315e-08,4.67967812655758e-05,6,60,2000,1022,1122,1322,"","OTLCircuit2"
"47","mlegp0",0.00223859422187231,0.000962263580048717,0.429851721516506,0.04591427226566,0.057320651174761,0.0246393805859181,2,2.56600000000003,3.77796844082861,0,2.47458628329032e-07,0.0594104756472871,0.0174260748729277,0.0869924449012154,4.47763501365316e-05,2.47458628329032e-07,6,60,2000,1023,1123,1323,"","OTLCircuit2"
"48","mlegp0",0.00196742115401552,0.00109286688608779,0.55548192305305,0,0.0541465742828811,0.0300774432093896,3,2.56499999999994,5.10092161787531,0,3.0038140622316e-06,0.16286574275857,0.00950169626422737,0.0669301691312268,7.61754148906104e-08,3.0038140622316e-06,6,60,2000,1024,1124,1324,"","OTLCircuit2"
"49","mlegp0",0.00374526461629713,0.00135237907730607,0.361090394366618,0.214589326663738,0.0921135440165375,0.0332613159354384,4,2.60800000000006,1.60159008205199,0,4.21629654433928e-06,0.149474242765637,0.0251390048550975,0.149332709243959,1.04956188832923e-12,4.21629654433928e-06,6,60,2000,1025,1125,1325,"","OTLCircuit2"
"50","mlegp0",0.00276216356051376,0.00196903104458745,0.712858236469246,0,0.0654033626702875,0.0466233257722997,5,2.54399999999998,1.66999852837622,0,9.18249629565353e-05,0.19172955921762,0.0232167361177109,0.127429851279098,1.4258825466438e-06,9.18249629565353e-05,6,60,2000,1026,1126,1326,"","OTLCircuit2"
"51","laGPE",0.0178340973398911,0.0193289839358207,1.08382182554234,8.35246703958903,0.454031885665503,0.492089667176418,1,0.0900000000000318,0,0.000503245660220437,2.83527777777778,1.82434729905947,2.83527777777778,2.83527777777778,2.83527777777778,2.83527777777778,6,60,2000,1022,1122,1322,"","OTLCircuit2"
"52","laGPE",0.0171290952218494,0.0181674104122342,1.06061704818246,7.00304270800161,0.438601548488628,0.465188279686265,2,0.124000000000024,0,0.000628728565462775,3.10555555555556,1.69532511255736,3.10555555555556,3.10555555555556,3.10555555555556,3.10555555555556,6,60,2000,1023,1123,1323,"","OTLCircuit2"
"53","laGPE",0.0174214975489116,0.0192169473184269,1.10305943932055,7.85499147620442,0.479467453740582,0.52888110069554,3,0.0850000000000364,0,0.000623481837083499,2.69,1.92184802330526,2.69,2.69,2.69,2.69,6,60,2000,1024,1124,1324,"","OTLCircuit2"
"54","laGPE",0.0215224295833689,0.018813974258947,0.874156618148967,5.97972398053858,0.529337034329644,0.462723471790606,4,0.0879999999999654,0,0.000878040238821798,2.83194444444445,2.18285374086086,2.83194444444445,2.83194444444445,2.83194444444445,2.83194444444445,6,60,2000,1025,1125,1325,"","OTLCircuit2"
"55","laGPE",0.0213655591971156,0.0200744711127196,0.939571528529416,6.73508111631941,0.505900315534731,0.475329532750481,5,0.0940000000000509,0,0.000674748167009204,2.98916666666667,1.97697849365469,2.98916666666667,2.98916666666667,2.98916666666667,2.98916666666667,6,60,2000,1026,1126,1326,"","OTLCircuit2"
"56","laGP6",0.00538200103889173,0.00461338077362364,0.857186897640144,1.82240173774761,0.137018433496821,0.117450405928653,1,0.0849999999999227,0,1e-06,36,6.20977781518822,30.6378496193262,15.3596305486586,36,36,6,60,2000,1022,1122,1322,"","OTLCircuit2"
"57","laGP6",0.00607809840605655,0.00404751959994547,0.665918734700363,1.83980446702516,0.155633636116528,0.103639354039535,2,0.0819999999999936,0,1e-06,36,6.65785580085811,26.3345813877324,19.7325161315944,36,36,6,60,2000,1023,1123,1323,"","OTLCircuit2"
"58","laGP6",0.0055424255955788,0.00363381607977322,0.655636420752661,1.81710175996974,0.152536409708636,0.100008425695832,3,0.0839999999999463,0,1e-06,36,9.93785135741448,36,23.9057967171076,36,36,6,60,2000,1024,1124,1324,"","OTLCircuit2"
"59","laGP6",0.00843271234946415,0.00469317181225161,0.556543567212966,1.7347286410462,0.207399770045925,0.115427007860508,4,0.0869999999999891,0,1e-06,36,4.6543923120474,12.9807198256911,16.5900572773143,36,36,6,60,2000,1025,1125,1325,"","OTLCircuit2"
"60","laGP6",0.00754842580280928,0.00445557380750472,0.590265298209131,1.73279465080093,0.178733959649755,0.105500453992762,5,0.0819999999999936,0,1e-06,36,8.84772150747751,36,11.9328080952072,36,36,6,60,2000,1026,1126,1326,"","OTLCircuit2"
"61","GPfit2",0.00190688694912255,0.00112012579353708,0.587410697866753,0,0.0485467506855233,0.0285168806993466,1,50.273,2.37149097510451,1.05965294003189e-07,1.9087412394979e-05,0.0721562346778347,0.0134052729533675,0.106250728840324,3.88874148884401e-08,1.9087412394979e-05,6,60,2000,1022,1122,1322,"","OTLCircuit2"
"62","GPfit2",0.00221104749279236,0.000877440429275613,0.396843772979061,0.0330439106711133,0.056615299381582,0.0224674290149261,2,46.57,3.09982282495509,1.1400283751309e-07,6.89465486308256e-07,0.0611683912012872,0.00929066483649269,0.104008539786621,1e-10,6.89465486308256e-07,6,60,2000,1023,1123,1323,"","OTLCircuit2"
"63","GPfit2",0.00204163036279953,0.00098838302992657,0.484114582118224,0.0377190255541109,0.0561889303019247,0.0272018805127863,3,49.108,6.72698549689564,1.1874176122402e-07,8.18300854253798e-07,0.0513547658200892,0.00587914817142532,0.0595310217777612,9.72189159549514e-10,8.18300854253798e-07,6,60,2000,1024,1124,1324,"","OTLCircuit2"
"64","GPfit2",0.00308356457123225,0.00136249787712155,0.44185806576999,0,0.0758392503493811,0.0335101844688235,4,50.777,1.63265218844154,1.01964929462616e-07,2.62923037905771e-06,0.140304709233045,0.0209488267244561,0.133824153654457,1e-10,2.62923037905771e-06,6,60,2000,1025,1125,1325,"","OTLCircuit2"
"65","GPfit2",0.00304301001674895,0.00136860974634495,0.449755255096769,0.101676258513435,0.0720533318807997,0.0324063646606212,5,51.8960000000001,6.51765215487831,1.15469996348008e-07,3.91956886928442e-07,0.0504742276739743,0.00779076297642551,0.0946412789063665,1.83813260118997e-08,3.91956886928442e-07,6,60,2000,1026,1126,1326,"","OTLCircuit2"
"66","GPfit1.95",0.0033906512145477,0.00525943337109185,1.5511572964291,0.778108144328064,0.086321372774593,0.133898027217086,1,53.17,0.227111988588984,0,1.21965985308411e-05,0.103215416074429,0.0567658617085453,0.0534506609383925,1e-10,1.21965985308411e-05,6,60,2000,1022,1122,1322,"","OTLCircuit2"
"67","GPfit1.95",0.00423432513204856,0.00500267375558999,1.18145716249468,0.978358134650528,0.108422630364729,0.128096693220922,2,45.207,0.245886306023124,0,1e-10,0.0908378026988404,0.0433824690652914,0.0492141581348552,1e-10,1e-10,6,60,2000,1023,1123,1323,"","OTLCircuit2"
"68","GPfit1.95",0.00425169769629739,0.00459399338159784,1.08050800168567,1.16105112401565,0.117013515215617,0.126434039495842,3,59.071,0.171147609772395,0,1e-10,0.118979955302962,0.0450825680308598,0.0481522474032124,4.64056832943807e-06,1e-10,6,60,2000,1024,1124,1324,"","OTLCircuit2"
"69","GPfit1.95",0.00464429392441159,0.00551343771744188,1.18714228840295,0.506144534069428,0.114224872381643,0.135601176391679,4,42.752,0.190155033329165,0,1e-10,0.143035785082901,0.0594726955625314,0.0495495826256059,1.14510626058856e-10,1e-10,6,60,2000,1025,1125,1325,"","OTLCircuit2"
"70","GPfit1.95",0.00551825990409589,0.00577784524336976,1.04704115858718,0.997803454864741,0.130663063902472,0.136809605812996,5,56.589,0.237516014666789,0,1e-10,0.126625751136843,0.0510962555416562,0.048472334474932,3.909214867702e-05,1e-10,6,60,2000,1026,1126,1326,"","OTLCircuit2"
"71","Dice2",0.00926867622836787,0.00854811507870893,0.922258461520796,3.86063226382289,0.235967902685821,0.217623394899314,1,0.444999999999936,0.106148586083139,1.06148587677996e-09,1.96666666666667,1.29643404329537,1.96666666666667,1.96666666666667,1.96666666666667,1.96666666666667,6,60,2000,1022,1122,1322,"","OTLCircuit2"
"72","Dice2",0.00928092335416307,0.00852819206254913,0.9188947841837,3.33622587831217,0.237644037926056,0.218369866942606,2,0.413000000000011,0.090790182995306,1.99015876265963e-06,1.96666666666667,1.45207585378819,1.96666666666667,1.96666666666667,1.96666666666667,1.96666666666667,6,60,2000,1023,1123,1323,"","OTLCircuit2"
"73","Dice2",0.00896798490002702,0.00823090912303318,0.91781032358879,3.55824360824998,0.246813276133576,0.226527772834166,3,0.370999999999981,0.0831213057054461,2.53843872804765e-06,1.96666666666667,1.59239613140426,1.96666666666667,1.96666666666667,1.96666666666667,1.96666666666667,6,60,2000,1024,1124,1324,"","OTLCircuit2"
"74","Dice2",0.0115936235805992,0.00872732050561838,0.752769006596239,2.7598121630922,0.285141335903397,0.214645560167525,4,0.441999999999894,0.112650130947647,2.4687615015671e-06,1.96666666666667,1.53232324920228,1.96666666666667,1.96666666666667,1.96666666666667,1.96666666666667,6,60,2000,1025,1125,1325,"","OTLCircuit2"
"75","Dice2",0.0122153255733246,0.00927554260711376,0.759336503266796,3.42237590414542,0.289238255123163,0.219629165256212,5,0.267000000000053,0.115057078266461,2.29826037569993e-06,1.96666666666667,1.42453744237209,1.96666666666667,1.90374592894423,1.96666666666667,1.96666666666667,6,60,2000,1026,1126,1326,"","OTLCircuit2"
"76","DiceM52",0.00965037957845453,0.0128896308003093,1.33566049869031,4.06080320225335,0.245685551328292,0.328152486008149,1,0.345000000000027,0.0561685332187955,5.61685340627142e-10,1.96666666666667,1.7830798528161,1.96666666666667,1.96666666666667,1.96666666666667,1.96666666666667,6,60,2000,1022,1122,1322,"","OTLCircuit2"
"77","DiceM52",0.00944738330680964,0.0129044078676731,1.36592402875954,3.41399916948421,0.241906352546095,0.330425699652288,2,0.339999999999918,0.0475868987071916,4.75868994221734e-10,1.96666666666667,1.64507996429437,1.96666666666667,1.96666666666667,1.96666666666667,1.96666666666667,6,60,2000,1023,1123,1323,"","OTLCircuit2"
"78","DiceM52",0.00971424626281026,0.0124904751591479,1.28578942938333,3.93755302111266,0.267351581433341,0.343757837335905,3,0.364000000000033,0.0457037175420922,4.57037182287796e-10,1.96666666666667,1.75183565277734,1.96666666666667,1.96666666666667,1.96666666666667,1.96666666666667,6,60,2000,1024,1124,1324,"","OTLCircuit2"
"79","DiceM52",0.0119732598696899,0.0132705143577689,1.10834597279251,2.88292821282,0.294478364820731,0.32638390972358,4,0.336999999999989,0.054907326871713,5.49073276966824e-10,1.96666666666667,1.66063537683637,1.96666666666667,1.96666666666667,1.96666666666667,1.96666666666667,6,60,2000,1025,1125,1325,"","OTLCircuit2"
"80","DiceM52",0.0123447048451698,0.0142432296548627,1.1537926449846,3.46921573423179,0.292301737517717,0.33725559486416,5,0.466999999999985,0.0655576245167861,6.55576255017737e-10,1.96666666666667,1.70592387541272,1.96666666666667,1.96666666666667,1.96666666666667,1.96666666666667,6,60,2000,1026,1126,1326,"","OTLCircuit2"
"81","PredictMean",0.207031275241127,0.220949884032818,1.06722949841989,220.925188322499,5.98658307030293,6.3890580473684,1,0.0540000000000873,0.0488188512541159,0,0,0,0,0,0,0,6,120,2000,1022,1122,1322,"","OTLCircuit2"
"82","PredictMean",0.221058448039146,0.219751932433713,0.994089727775519,348.398726296072,5.94977691438418,5.91461211314523,2,0.05600000000004,0.0482909118083511,0,0,0,0,0,0,0,6,120,2000,1023,1123,1323,"","OTLCircuit2"
"83","PredictMean",0.235216174014041,0.224653225940878,0.955092594642186,247.055813926575,5.93825426875508,5.67158267719033,3,0.055000000000291,0.0504690719256433,0,0,0,0,0,0,0,6,120,2000,1024,1124,1324,"","OTLCircuit2"
"84","PredictMean",0.215857348559692,0.202322078918304,0.937295302978091,311.684152173503,5.88380838523594,5.51486596310475,4,0.0590000000001965,0.0409342236178245,0,0,0,0,0,0,0,6,120,2000,1025,1125,1325,"","OTLCircuit2"
"85","PredictMean",0.242181857816593,0.237235467596645,0.979575719401352,268.268985062997,5.99272515941432,5.87032805920787,5,0.056999999999789,0.0562806670857986,0,0,0,0,0,0,0,6,120,2000,1026,1126,1326,"","OTLCircuit2"
"86","LM",0.0345825444681671,0.0342435028080598,0.990196162100816,36.0704266050165,1,0.990196162100816,1,0.05600000000004,0.0011726174845656,0,-0.0133053348580792,0.455598470551458,0.193005058116328,-0.0917841475286622,-0.0109785044267237,-0.0133053348580792,6,120,2000,1022,1122,1322,"","OTLCircuit2"
"87","LM",0.0371540733745352,0.0358337311666077,0.964463056456348,57.7246767944132,1,0.964463056456348,2,0.0590000000001965,0.00128405628932071,0,-0.0136445057544894,0.497160207847796,0.215061070806847,-0.109622611057202,-0.00910806744239348,-0.0136445057544894,6,120,2000,1023,1123,1323,"","OTLCircuit2"
"88","LM",0.0396103237363314,0.0391057828362279,0.987262388879678,40.7725147324448,1,0.987262388879678,3,0.0579999999999927,0.00152926225123422,0,0.00417472503137425,0.514308760475389,0.226805329720229,-0.0919484098002283,0.0107864105005631,0.00417472503137425,6,120,2000,1024,1124,1324,"","OTLCircuit2"
"89","LM",0.0366866720373384,0.033692055846131,0.918373185004092,52.1431568978541,1,0.918373185004092,4,0.056999999999789,0.00113515462713881,0,0.00204442639457653,0.472082635074368,0.190750035660073,-0.0847817847861969,-0.00425227641019023,0.00204442639457653,6,120,2000,1025,1125,1325,"","OTLCircuit2"
"90","LM",0.0404126422244035,0.0372452499859919,0.921623728019967,43.9326438139728,1,0.921623728019967,5,0.0599999999999454,0.00138720864651903,0,-0.00532552560318052,0.531411682656659,0.238294174578809,-0.127094343051537,0.00959954747596982,-0.00532552560318052,6,120,2000,1026,1126,1326,"","OTLCircuit2"
"91","QM",0.00736345821461558,0.00535270505650891,0.726928149858232,6.8931883556248,0.21292413059408,0.154780544312927,1,0.0740000000000691,2.8651451421976e-05,0,0.264671187588474,0.354557947245438,0.691197094224173,-0.163909577920847,-0.153717849911501,0.264671187588474,6,120,2000,1022,1122,1322,"","OTLCircuit2"
"92","QM",0.0072047048033169,0.00623612301184696,0.865562598619721,10.3875524954936,0.193914264277006,0.167844934497037,2,0.0740000000000691,3.88892302188872e-05,0,0.271518116403492,0.369876203053796,0.725252240907815,-0.171117931543479,-0.156406390953145,0.271518116403492,6,120,2000,1023,1123,1323,"","OTLCircuit2"
"93","QM",0.00837053321675448,0.00615117921866244,0.73486109658465,7.82745176340433,0.211322009698114,0.155292323779228,3,0.0670000000000073,3.78370057801046e-05,0,0.270398305967796,0.380507698583814,0.775762661552431,-0.163678940698926,-0.175546456425602,0.270398305967796,6,120,2000,1024,1124,1324,"","OTLCircuit2"
"94","QM",0.00755067053119317,0.00609648529073754,0.807409787720424,9.93766336490832,0.205815085203378,0.16617711425372,4,0.119000000000142,3.71671329001792e-05,0,0.26402220126921,0.348952923909378,0.706643347496487,-0.16505692365243,-0.151095595898869,0.26402220126921,6,120,2000,1025,1125,1325,"","OTLCircuit2"
"95","QM",0.00873495149646972,0.00715468167639429,0.819086594732197,8.71192287165519,0.216144033541936,0.177040680405546,5,0.0720000000001164,5.11894698905322e-05,0,0.305751545952572,0.39586421099756,0.813966032284503,-0.196044374237402,-0.17744454248317,0.305751545952572,6,120,2000,1026,1126,1326,"","OTLCircuit2"
"96","sklearnRBF",0.00111437540577357,0.000641836979611948,0.57596118533,0.194544019980678,0.0322236383386812,0.0185595649331921,1,0.49,-1234,1e-10,1,1,1,1,1,1,6,120,2000,1022,1122,1322,"","OTLCircuit2"
"97","sklearnRBF",0.000808482127359246,0.000388986010098856,0.481131242034262,0.277863967824639,0.0217602554424992,0.0104695387280325,2,0.29,-1234,1e-10,1,1,1,1,1,1,6,120,2000,1023,1123,1323,"","OTLCircuit2"
"98","sklearnRBF",0.00133844280643145,0.000835622527458145,0.624324418976167,0.41150378427507,0.033790251635934,0.021096079219663,3,0.26,-1234,1e-10,1,1,1,1,1,1,6,120,2000,1024,1124,1324,"","OTLCircuit2"
"99","sklearnRBF",0.000832613376906872,0.000680091948590572,0.816816024644102,0.206097497183181,0.0226952549977678,0.0185378479655609,4,0.29,-1234,1e-10,1,1,1,1,1,1,6,120,2000,1025,1125,1325,"","OTLCircuit2"
"100","sklearnRBF",0.000919281056543216,0.000759491414989567,0.826179773404112,0.0220991750360267,0.0227473633482965,0.0187934114966366,5,0.31,-1234,1e-10,1,1,1,1,1,1,6,120,2000,1026,1126,1326,"","OTLCircuit2"
"101","GPy",0.00107406944779392,0.000668014819787887,0.621947511085017,0.151338435197723,0.031058138269224,0.0193165317954782,1,3.64,6.90760750159514,1.8979227449057e-07,342.24186064573,2.80562871563923,7.81642153234031,2.92228628427686,660932.714357206,342.24186064573,6,120,2000,1022,1122,1322,"","OTLCircuit2"
"102","GPy",0.000632682466769573,0.000405126208635978,0.640331018977846,0,0.017028616496279,0.0109039513528453,2,2.57,4.5370627111308,5.56268464626814e-309,33.7602585995724,2.31380473526159,6.93313205564137,1.87785695071595,3148.70911395615,33.7602585995724,6,120,2000,1023,1123,1323,"","OTLCircuit2"
"103","GPy",0.000948238907569671,0.000662855790625556,0.699038802704743,0,0.0239391860031663,0.0167344199213795,3,2.47,5.59856700491308,8.65545264918897e-08,27.9680445461948,2.54465506822184,6.83594746977714,2.54132070361148,1025401.53885486,27.9680445461948,6,120,2000,1024,1124,1324,"","OTLCircuit2"
"104","GPy",0.000690336708973715,0.000449337705862368,0.650896439406175,0,0.0188170981622731,0.01224798219378,4,2.39,7.36769880453131,5.56268464626814e-309,31.6897236401156,2.48482998810622,9.96664518917197,1.68780121149422,3174.35902495417,31.6897236401156,6,120,2000,1025,1125,1325,"","OTLCircuit2"
"105","GPy",0.000998757544271734,0.00083171753613504,0.832752193868538,0.110464808118405,0.0247139877349723,0.0205806275055384,5,2.72,7.45492173714972,1.99769800631334e-07,227.766837956013,2.70123353615583,6.92067220244545,2.3132573072029,3892.25164170493,227.766837956013,6,120,2000,1026,1126,1326,"","OTLCircuit2"
"106","DACEregpoly0corrgauss",0.00148884497771341,0.000748791083614115,0.502934217344856,0.595953083306996,0.0430519211529933,0.0216522842702731,1,1.1631,0.29253,0,0.00026053,0.019829,0.0057689,0.0079836,1e-04,0.00026053,6,120,2000,1022,1122,1322,"","OTLCircuit2"
"107","DACEregpoly0corrgauss",0.00152070745577703,0.00113213116642905,0.744476632983014,1.40358716362355,0.0409297640247246,0.0304712529099163,2,0.51991,0.14599,0,0.00011194,0.028656,0.0078125,0.024097,0.00024414,0.00011194,6,120,2000,1023,1123,1323,"","OTLCircuit2"
"108","DACEregpoly0corrgauss",0.00144275426537396,0.000863652322002321,0.59861359812266,0.521509246094664,0.0364236928477975,0.0218037178325347,3,0.50362,1.2162,0,0.00069053,0.0092907,0.0025329,0.011049,0.00015831,0.00069053,6,120,2000,1024,1124,1324,"","OTLCircuit2"
"109","DACEregpoly0corrgauss",0.0014724470120478,0.000961472750048071,0.652976128975198,1.13294033608152,0.0401357476783176,0.0262076851525131,4,0.49026,0.31485,0,0.00015831,0.024097,0.003582,0.014328,1e-04,0.00015831,6,120,2000,1025,1125,1325,"","OTLCircuit2"
"110","DACEregpoly0corrgauss",0.00179368548746713,0.00144923960562082,0.807967514788392,0.994302443159353,0.0443842666239724,0.0358610455998764,5,0.50012,0.25958,0,0.00011194,0.020263,0.024097,0.014328,1e-04,0.00011194,6,120,2000,1026,1126,1326,"","OTLCircuit2"
"111","JMP2WN",0.000932887685287312,0.00079528383167898,0.852496869903527,0,0.0269756809290313,0.0229966835555155,1,97.84571,6.89875109,0,0.00031287,0.05988939,0.00651412,0.07263952,0,0.00031287,6,120,2000,1022,1122,1322,"","OTLCircuit2"
"112","JMP2WN",0.000943362964430427,0.00016046492404884,0.17009881678546,0.491052801332024,0.0253905663295856,0.00431890529017526,2,92.816235,6.41033382,0,3.5656e-07,0.0671836,0.00524945,0.16937379,1.77845e-09,3.5656e-07,6,120,2000,1023,1123,1323,"","OTLCircuit2"
"113","JMP2WN",0.00161150661142185,0.0013972106679023,0.867021368698904,0.699473200854125,0.0406840050626433,0.0352739017535661,3,89.486927,3.04196499,0,0,0.12381869,0.01360359,0.03729698,0,0,6,120,2000,1024,1124,1324,"","OTLCircuit2"
"114","JMP2WN",0.000866830374916467,0.000608662955555043,0.702170774315214,0.255663162118578,0.0236279369803355,0.0165908468049533,4,86.738902,4.43512526,0,5.64917e-06,0.08036094,0.0107901,0.09817614,0,5.64917e-06,6,120,2000,1025,1125,1325,"","OTLCircuit2"
"115","JMP2WN",0.000999080181841791,0.00145499874020564,1.45633830662457,0.110823531483631,0.0247219713151665,0.0360035538415508,5,82.518595,7.4921791,0,9.58756e-06,0.06814142,0.01039767,0.09364376,3.26558e-08,9.58756e-06,6,120,2000,1026,1126,1326,"","OTLCircuit2"
"116","JMP2NN",0.0166958449169957,0.0115116143893895,0.689489777044535,16.8969507051149,0.482782431823781,0.332873551279197,1,85.987406,0.00808659,0,0,0.97732473,0.28575385,0.17212058,0,0,6,120,2000,1022,1122,1322,"","OTLCircuit2"
"117","JMP2NN",0.0406488434608463,0.0207537173778579,0.510561079009499,63.2484114794521,1.09406155957872,0.558585250361327,2,97.308255,0.00445793,0,0,1.62282577,0.56163296,0.24370633,0,0,6,120,2000,1023,1123,1323,"","OTLCircuit2"
"118","JMP2NN",0.0446401324206406,0.021335068432044,0.477934703038183,46.0768833300174,1.12698226648665,0.538623934862593,3,98.724157,0.00463856,0,0,1.74592586,0.59345821,0.19934251,0,0,6,120,2000,1024,1124,1324,"","OTLCircuit2"
"119","JMP2NN",0.0203612403632874,0.0117704960664366,0.57808344955544,28.4946510863623,0.555003744754074,0.320838479283622,4,71.370212,0.00859307,0,0,0.85534918,0.34630635,0.18051418,0,0,6,120,2000,1025,1125,1325,"","OTLCircuit2"
"120","JMP2NN",0.0436298896122145,0.0229880589654716,0.526887855316415,47.5097281861164,1.07960992428919,0.568833357587049,5,90.095552,0.0053218,0,0,1.6307794,0.68205988,0.26977714,0,0,6,120,2000,1026,1126,1326,"","OTLCircuit2"
"121","mlegpE",0.00093300857959231,0.000583290249042856,0.625171366910401,0.00012959148984848,0.0269791767477126,0.0168666088054848,1,6.92000000000007,6.90208480288487,8.61484619406445e-08,0.000314231989037349,0.0600038520472205,0.00643576591074281,0.072785579374262,9.23857396834099e-11,0.000314231989037349,6,120,2000,1022,1122,1322,"","OTLCircuit2"
"122","mlegpE",0.000948063237720998,0.000637321386318997,0.672235100952783,0.498481920262046,0.0255170739467502,0.0171534727806132,2,6.93299999999999,6.22209363678334,2.12663425663835e-07,2.88488235825915e-07,0.0677840156792963,0.00490309129542898,0.182207671602268,1.9174263142196e-22,2.88488235825915e-07,6,120,2000,1023,1123,1323,"","OTLCircuit2"
"123","mlegpE",0.000964913600257459,0.000627618807642031,0.650440420235106,0.0175849066671658,0.0243601543547199,0.0158448290354761,3,6.88799999999992,5.22032185498871,1.01729892301188e-07,0.000581420777878932,0.082958466801093,0.0116961910437804,0.074351936580719,1.64339333865812e-09,0.000581420777878932,6,120,2000,1024,1124,1324,"","OTLCircuit2"
"124","mlegpE",0.000749662504169869,0.00167171896594686,2.22996209180559,0.0859374772121719,0.0204341921067926,0.0455674737748205,4,6.9399999999996,14.3866660400037,3.47082859249733e-08,0.000279896527107779,0.056793911250904,0.00231276573490227,0.186928272117283,4.83079813840592e-07,0.000279896527107779,6,120,2000,1025,1125,1325,"","OTLCircuit2"
"125","mlegpE",0.00106958884554136,0.000668646141356894,0.625143151168959,0.189218323247549,0.0264666892999013,0.0165454695499501,5,6.904,10.6210051410055,2.45572709217247e-07,1.67395291991805e-05,0.0757649986202722,0.00729286920131989,0.0760072348336899,1.63970601929321e-06,1.67395291991805e-05,6,120,2000,1026,1126,1326,"","OTLCircuit2"
"126","mlegp0",0.00107968507284754,0.0004901848729568,0.454007270531208,0.15735805057285,0.0312205214928989,0.0141743437475519,1,7.06700000000001,1.19568550601784,0,0.00580477944474797,0.12686783347279,0.022348508905629,0.112468062086528,3.66526219196892e-06,0.00580477944474797,6,120,2000,1022,1122,1322,"","OTLCircuit2"
"127","mlegp0",0.000801772294294962,0.000742710928839891,0.926336484965464,0.267258595593378,0.0215796606259728,0.0199900269710113,2,6.92100000000028,2.09064312499893,0,0.000786400589392841,0.142401843852317,0.0286988719585119,0.154774472266342,1.04086336886583e-07,0.000786400589392841,6,120,2000,1023,1123,1323,"","OTLCircuit2"
"128","mlegp0",0.00105670302348669,0.000668659055956403,0.632778596345925,0.114384798019955,0.0266774649589006,0.0168809288307607,3,6.94000000000005,1.28153132006486,0,0.00245627327366053,0.220616829229206,0.0255445110339388,0.233519442380317,1.47395003324644e-07,0.00245627327366053,6,120,2000,1024,1124,1324,"","OTLCircuit2"
"129","mlegp0",0.00081826161595766,0.000671424370401173,0.820549757323476,0.185307988581579,0.022304056773666,0.0183015883729607,4,7.05799999999999,2.32727080307175,0,0.000931074353683223,0.124932233580685,0.0159575253634821,0.167980238884351,6.59453946704669e-05,0.000931074353683223,6,120,2000,1025,1125,1325,"","OTLCircuit2"
"130","mlegp0",0.000899404949143818,0.000982216409600804,1.09207360993045,0,0.0222555343981123,0.0243046817910779,5,7.06899999999996,2.86644050265256,0,0.000929028572846848,0.0928107947625694,0.0332547658277135,0.149244175797502,3.21736608870614e-08,0.000929028572846848,6,120,2000,1026,1126,1326,"","OTLCircuit2"
"131","laGPE",0.0058927460561591,0.00745823289491417,1.26566338067781,5.31667257387393,0.170396543885986,0.215664665790552,1,0.132000000000062,0,3.56528550289143e-05,2.80194444444444,2.69554648938058,2.80194444444444,2.80194444444444,2.80194444444444,2.80194444444444,6,120,2000,1022,1122,1322,"","OTLCircuit2"
"132","laGPE",0.00590754322969429,0.00667367250069074,1.12968661272684,8.33729562612623,0.159001226329687,0.179621556791799,2,0.162000000000262,0,1.21986097332974e-05,3.25541666666667,2.57249036120622,3.25541666666667,3.25541666666667,3.25541666666667,3.25541666666667,6,120,2000,1023,1123,1323,"","OTLCircuit2"
"133","laGPE",0.00552423313487141,0.00632288151969941,1.14457181030007,4.82578197411238,0.13946447829217,0.159627110391424,3,0.148000000000138,0,5.75099814993552e-06,3.58027777777778,2.73308432110563,3.58027777777778,3.58027777777778,3.58027777777778,3.58027777777778,6,120,2000,1024,1124,1324,"","OTLCircuit2"
"134","laGPE",0.00755701928717175,0.00622229630687319,0.823379704407491,9.94685997273179,0.205988138675552,0.169606452734125,4,0.159000000000106,0,1.18701423159259e-05,3.03270833333333,3.03270833333333,3.03270833333333,3.03270833333333,3.03270833333333,3.03270833333333,6,120,2000,1025,1125,1325,"","OTLCircuit2"
"135","laGPE",0.00440768527216606,0.007098370581518,1.61045313882624,3.90066824333346,0.109066990663244,0.175647277455954,5,0.125,0,1.86369841920053e-05,3.90388888888889,2.72217089796905,3.90388888888889,3.90388888888889,3.90388888888889,3.90388888888889,6,120,2000,1026,1126,1326,"","OTLCircuit2"
"136","laGP6",0.00166068497662955,0.00155766884411787,0.937967685646947,0.780155320753418,0.0480209019367616,0.0450420542523033,1,0.14200000000028,0,1e-06,36,6.56697323413841,33.0030894024864,7.43096893826584,36,36,6,120,2000,1022,1122,1322,"","OTLCircuit2"
"137","laGP6",0.00180047646289524,0.00183051236011207,1.01668219376138,1.84578213789982,0.0484597326582571,0.0492681473080869,2,0.137000000000171,0,1e-06,36,6.04339724590179,27.0351714793411,6.88186945496827,36,36,6,120,2000,1023,1123,1323,"","OTLCircuit2"
"138","laGP6",0.00169004133813309,0.00184853497596617,1.09378092373064,0.782294867508285,0.0426666883457695,0.0466680097913629,3,0.145999999999731,0,1e-06,36,5.30161123399847,22.743927372754,6.18738337664627,36,36,6,120,2000,1024,1124,1324,"","OTLCircuit2"
"139","laGP6",0.00220413667033791,0.00169211442582557,0.767699412017929,2.19284291518364,0.0600800385517286,0.0461234102701766,4,0.138999999999669,0,1e-06,36,7.10040566107898,27.6831435668498,6.41992867990229,36,36,6,120,2000,1025,1125,1325,"","OTLCircuit2"
"140","laGP6",0.00172946842726274,0.00221473419878092,1.28058666112004,0.922902947008571,0.0427952326813808,0.0548030041313046,5,0.130999999999858,0,1e-06,36,6.85940137750958,36,7.00302431484674,36,36,6,120,2000,1026,1126,1326,"","OTLCircuit2"
"141","GPfit2",0.00118188756696736,0.000356751028017605,0.301848532794877,0.266913033162575,0.0341758417474249,0.0103159276884901,1,154.785,1.20491065863294,2.27590309705186e-07,7.60328125878639e-06,0.106198155779443,0.0196039219535428,0.092579239051036,1e-10,7.60328125878639e-06,6,120,2000,1022,1122,1322,"","OTLCircuit2"
"142","GPfit2",0.00108103342660643,0.000403316657366207,0.373084353767205,0.708650837324607,0.0290959598348468,0.0108552473722204,2,172.476,1.62567556177134,2.26272807029405e-07,1.53531500785331e-06,0.106599178813203,0.0162616343990581,0.132009841216929,1e-10,1.53531500785331e-06,6,120,2000,1023,1123,1323,"","OTLCircuit2"
"143","GPfit2",0.00112015757829549,0.000520031222834476,0.464248274448843,0.18130311818405,0.0282794350723283,0.0131286789347165,3,130.878,0.855840684088874,2.23360174539029e-07,0.00133366781693118,0.139030546576471,0.0276397308716406,0.115084049504397,1e-10,0.00133366781693118,6,120,2000,1024,1124,1324,"","OTLCircuit2"
"144","GPfit2",0.000970986709551394,0.000505947550184744,0.52106537114035,0.406540745884579,0.0264670152845469,0.0137910451422197,4,146.168,1.59742603461235,2.24801990238741e-07,3.37701803036035e-06,0.116156969189005,0.0187444468814449,0.108408150844966,1e-10,3.37701803036035e-06,6,120,2000,1025,1125,1325,"","OTLCircuit2"
"145","GPfit2",0.00113110815670994,0.000523632973292854,0.462938022492868,0.25761833730923,0.0279889681656824,0.0129571575742368,5,115.195,1.72168992362272,2.24377836427891e-07,2.40244123506179e-05,0.110070251243629,0.0211772315932711,0.110754403646287,8.79840789164454e-08,2.40244123506179e-05,6,120,2000,1026,1126,1326,"","OTLCircuit2"
"146","GPfit1.95",0.00215100106671704,0.0020863447769037,0.969941302766518,1.30574494726509,0.0621990400011492,0.0603294178895415,1,172.056,0.120260794871146,0,1.60335064945798e-05,0.100956928369134,0.052802263850207,0.0465855999635914,1e-10,1.60335064945798e-05,6,120,2000,1022,1122,1322,"","OTLCircuit2"
"147","GPfit1.95",0.00196030474957693,0.00236337826272403,1.20561778123228,2.09840220416743,0.0527615028859928,0.063610206043891,2,187.277,0.123862472776945,0,2.57584381987429e-05,0.124262659595227,0.0642227536505368,0.0674162929188192,1e-10,2.57584381987429e-05,6,120,2000,1023,1123,1323,"","OTLCircuit2"
"148","GPfit1.95",0.00194934318241341,0.00251455777243857,1.28995130007092,1.05575110539343,0.0492130080882281,0.0634823837638107,3,172.693,0.145416599341446,0,3.12098005663199e-05,0.108507460773928,0.0607304812624972,0.0650430573514837,5.85107212320016e-08,3.12098005663199e-05,6,120,2000,1024,1124,1324,"","OTLCircuit2"
"149","GPfit1.95",0.00161920249134713,0.00246488601462528,1.52228398103227,1.34552569825572,0.0441359873062121,0.0671875064632903,4,129.447,0.122568037844258,0,2.31569998404534e-05,0.118286724222984,0.0602696496896645,0.0728293302190405,1.59748623162454e-06,2.31569998404534e-05,6,120,2000,1025,1125,1325,"","OTLCircuit2"
"150","GPfit1.95",0.00152481322755107,0.00278689206229417,1.82769404930338,0.695357835202717,0.0377310946184633,0.068960897107868,5,187.502,0.144096969018628,0,2.30737296913565e-05,0.12717836595164,0.0707643395081548,0.0699166149870751,1e-10,2.30737296913565e-05,6,120,2000,1026,1126,1326,"","OTLCircuit2"
"151","Dice2",0.00316224655031184,0.00351717126976255,1.11223815531262,2.38973983705008,0.0914405402766897,0.101703657838135,1,0.467000000000098,0.0628489223746118,1.94833647958431e-07,1.87647250231828,1.1177213328953,1.70892313473908,1.91105628628533,1.72589802021288,1.87647250231828,6,120,2000,1022,1122,1322,"","OTLCircuit2"
"152","Dice2",0.00351583524482088,0.00357524208423056,1.01689693494517,4.55702967836688,0.0946285272513505,0.096227459320274,2,0.770999999999731,0.0958453065108468,2.59571432491472e-07,1.93842556829383,1.17527705759197,1.87381177851708,1.84481469445777,1.98333333333333,1.93842556829383,6,120,2000,1023,1123,1323,"","OTLCircuit2"
"153","Dice2",0.00378480588217918,0.00403880114343584,1.06710919110874,2.99140538525213,0.0955509959315903,0.101963345978194,3,1.0630000000001,0.106385152540172,8.49457214766027e-08,1.89949823391921,1.00551763330168,1.54502434706657,1.82946206778929,1.98333333333333,1.89949823391921,6,120,2000,1024,1124,1324,"","OTLCircuit2"
"154","Dice2",0.00556478442229747,0.00440961914357367,0.792415089056247,7.06097133465541,0.15168408888748,0.120196760804188,4,0.564000000000306,0.0664093279058245,3.20114612876598e-07,1.32285579637716,1.2791512391192,1.87596138828494,1.80286143373533,1.69965888500693,1.32285579637716,6,120,2000,1025,1125,1325,"","OTLCircuit2"
"155","Dice2",0.00387179971421608,0.00557253565822616,1.43926237655463,3.30484590717652,0.0958066461657401,0.137890901250231,5,0.554000000000087,0.1436882695428,1.04742687408352e-06,1.39961807412302,1.35384161620536,1.50088636174851,1.6347078733796,1.85348258705568,1.39961807412302,6,120,2000,1026,1126,1326,"","OTLCircuit2"
"156","DiceM52",0.00323646643193947,0.00472048719961267,1.45853117864222,2.46929912676755,0.0935867062910483,0.136499129031926,1,1.49600000000009,0.0369137347661736,3.69137353207935e-10,1.98333333333333,1.91592762368115,1.98333333333333,1.98333333333333,1.98333333333333,1.98333333333333,6,120,2000,1022,1122,1322,"","OTLCircuit2"
"157","DiceM52",0.00324826707629954,0.00531844805769688,1.63731858642477,4.13411900425332,0.0874269435696879,0.14314575966096,2,0.968000000000302,0.047791791974363,4.77917926924232e-10,1.98333333333333,1.88295677837795,1.98333333333333,1.98333333333333,1.98333333333333,1.98333333333333,6,120,2000,1023,1123,1323,"","OTLCircuit2"
"158","DiceM52",0.00443741891269491,0.00531810028761619,1.1984670350599,3.67964231088975,0.112026827708677,0.134260460051184,3,1.94200000000001,0.0508821590401053,5.08821598045975e-10,1.98333333333333,1.88174698886716,1.94557189938221,1.98333333333333,1.98333333333333,1.98333333333333,6,120,2000,1024,1124,1324,"","OTLCircuit2"
"159","DiceM52",0.00450272567122151,0.0048202417162287,1.07051640899124,5.52250649964053,0.1227346450678,0.131389451496795,4,1.22299999999996,0.0425693616270841,4.25693622666785e-10,1.98333333333333,1.91544611792678,1.98333333333333,1.98333333333333,1.98333333333333,1.98333333333333,6,120,2000,1025,1125,1325,"","OTLCircuit2"
"160","DiceM52",0.00302425527321559,0.00642475060942846,2.12440750829782,2.3625068175292,0.0748343861414082,0.158978731797666,5,1.75500000000011,0.0494988148552151,4.94988155989229e-10,1.98333333333333,1.70191162598543,1.81152060932774,1.98333333333333,1.98333333333333,1.98333333333333,6,120,2000,1026,1126,1326,"","OTLCircuit2"
